OrderID,OrderDate,CustomerID,CustomerAge,CustomerGender,City,Region,Category,ProductName,Quantity,UnitPrice,DiscountPct,PaymentMethod,OrderStatus,Revenue
ORD-102082,2025-07-03,CUST-00196,24.0,Male,Bengaluru,South,Home & Kitchen,Air Fryer,1,7757.05,0.0,UPI,Delivered,7757.05
ORD-100434,2025-07-15,CUST-00778,18.0,Male,Chennai,South,Electronics,Headphones,1,2384.78,15.0,Debit Card,Delivered,2027.06
ORD-101725,2025-12-14,CUST-00265,23.0,Female,Hyderabad,South,Home & Kitchen,Table Lamp,1,851.15,10.0,UPI,Delivered,766.03
ORD-101252,2025-04-15,CUST-01083,63.0,Male,Chennai,South,Fashion,Jeans,1,1537.88,5.0,UPI,Delivered,1460.99
ORD-100094,2025-09-15,CUST-00708,42.0,Female,Ahmedabad,West,Fashion,Jeans,1,1556.2,10.0,Credit Card,Delivered,1400.58
ORD-100903,2025-01-17,CUST-00959,50.0,Male,Ahmedabad,West,Electronics,Smartphone,1,14805.0,20.0,Credit Card,Delivered,11844.0
ORD-102055,2025-03-11,CUST-00459,48.0,Male,Ahmedabad,West,Electronics,Smartphone,1,16375.18,,Debit Card,Delivered,13100.14
ORD-101230,2025-09-17,CUST-00149,47.0,Female,Hyderabad,South,Beauty,Skincare Kit,1,1441.84,0.0,Debit Card,Delivered,1441.84
ORD-100768,2025-12-23,CUST-00153,38.0,Female,Patna,East,Electronics,Smartwatch,1,4856.22,10.0,Cash on Delivery,Delivered,4370.6
ORD-100600,2025-04-15,CUST-00484,22.0,Male,Bengaluru,South,Home & Kitchen,Bedsheet Set,2,1294.83,5.0,UPI,Delivered,2460.18
ORD-101863,2025-06-03,CUST-00392,45.0,Male,Ahmedabad,West,Beauty,Skincare Kit,3,1428.61,10.0,Credit Card,Delivered,3857.25
ORD-101607,2025-07-10,CUST-00634,33.0,Female,Chennai,South,Fashion,Jeans,1,1494.61,5.0,UPI,Delivered,1419.88
ORD-100355,2025-09-26,CUST-00283,43.0,Male,Pune,West,Fashion,T-Shirt,1,569.51,0.0,Cash on Delivery,Delivered,569.51
ORD-100369,2025-10-11,CUST-00373,63.0,Male,Kolkata,East,Sports,Cricket Bat,1,2478.45,20.0,Cash on Delivery,Delivered,1982.76
ORD-101946,2025-02-06,CUST-01101,18.0,Male,Guwahati,East,Fashion,Sneakers,1,2323.32,10.0,Credit Card,Delivered,2090.99
ORD-100671,2025-11-09,CUST-00489,34.0,Male,Patna,East,Fashion,T-Shirt,1,565.06,0.0,Wallet,Delivered,565.06
ORD-100974,2025-03-19,CUST-00549,41.0,Male,Ahmedabad,West,Fashion,Sneakers,1,2352.54,15.0,Cash on Delivery,Delivered,1999.66
ORD-102363,2025-08-25,CUST-00515,48.0,Male,Ahmedabad,West,Electronics,Headphones,1,2662.03,5.0,UPI,Delivered,2528.93
ORD-101939,2025-12-18,CUST-01042,55.0,Male,Bengaluru,South,Beauty,Perfume,1,1803.56,10.0,Cash on Delivery,Delivered,1623.2
ORD-101166,2025-12-11,CUST-00630,49.0,Female,Mumbai,West,Beauty,Makeup Set,1,949.81,5.0,UPI,Delivered,902.32
ORD-101195,2025-12-04,CUST-00823,54.0,Male,Lucknow,North,Electronics,Laptop,1,55752.18,15.0,UPI,Delivered,47389.35
ORD-100415,2025-10-08,CUST-01052,57.0,Male,Kolkata,East,Beauty,Hair Dryer,1,1857.64,40.0,UPI,Delivered,1114.58
ORD-100868,2025-10-07,CUST-00351,50.0,Female,Ahmedabad,West,Electronics,Smartphone,3,15851.08,10.0,Credit Card,Delivered,42797.92
ORD-101300,2025-11-11,CUST-00937,22.0,Female,Chennai,South,Fashion,Jeans,2,1481.19,25.0,UPI,Delivered,2221.78
ORD-101899,2025-03-20,CUST-00551,33.0,Male,Mumbai,West,Fashion,Dress,2,1201.14,15.0,UPI,Delivered,2041.94
ORD-101086,2025-11-19,CUST-00361,26.0,Female,Pune,West,Sports,Dumbbell Set,1,2011.78,10.0,UPI,Delivered,1810.6
ORD-102043,2025-11-15,CUST-00132,31.0,Male,Patna,East,Electronics,Smartphone,2,14811.56,0.0,Credit Card,Delivered,29623.12
ORD-101451,2025-03-16,CUST-00495,23.0,Female,Lucknow,North,Fashion,Jacket,1,2972.86,15.0,Debit Card,Delivered,2526.93
ORD-100169,2025-10-12,CUST-00871,31.0,Male,Guwahati,East,Electronics,Laptop,1,55161.26,20.0,Wallet,Delivered,44129.01
ORD-101613,2025-03-22,CUST-00107,52.0,Male,Ahmedabad,West,Sports,Dumbbell Set,1,2057.53,10.0,Credit Card,Delivered,1851.78
ORD-102354,2025-10-24,CUST-00190,62.0,Female,Pune,West,Electronics,Smartphone,1,15011.27,20.0,Net Banking,Delivered,12009.02
ORD-100260,2025-06-11,CUST-00240,53.0,Male,Patna,East,Fashion,Jeans,1,1560.89,30.0,Debit Card,Delivered,1092.62
ORD-100176,2025-05-02,CUST-00266,52.0,Male,Delhi,North,Home & Kitchen,Mixer Grinder,1,4398.06,15.0,Cash on Delivery,Delivered,3738.35
ORD-102378,2025-10-04,CUST-00081,44.0,Female,Lucknow,North,Sports,Cricket Bat,1,2417.6,20.0,Credit Card,Delivered,1934.08
ORD-102191,2025-11-07,CUST-00167,61.0,Male,Hyderabad,South,Home & Kitchen,Air Fryer,1,8534.73,25.0,UPI,Delivered,6401.05
ORD-101304,2025-01-01,CUST-00708,38.0,Male,Bengaluru,South,Electronics,Headphones,2,2435.81,10.0,Credit Card,Delivered,4384.46
ORD-100212,2025-06-02,CUST-00999,45.0,Male,Mumbai,West,Electronics,Laptop,4,50522.44,0.0,Credit Card,Delivered,202089.76
ORD-102370,2025-07-14,CUST-00947,29.0,Female,Hyderabad,South,Fashion,Sneakers,1,2247.47,0.0,UPI,Delivered,2247.47
ORD-101489,2025-04-12,CUST-00511,32.0,Male,Chennai,South,Fashion,Jeans,2,1534.9,15.0,Cash on Delivery,Delivered,2609.33
ORD-101579,2025-11-18,CUST-00020,18.0,Female,Delhi,North,Sports,Cricket Bat,1,2345.37,20.0,UPI,Shipped,1876.3
ORD-100411,2025-07-17,CUST-01177,29.0,Male,Jaipur,North,Beauty,Makeup Set,1,967.08,10.0,UPI,Delivered,870.37
ORD-100618,2025-10-21,CUST-00610,55.0,Male,Pune,West,Beauty,Perfume,1,1964.13,10.0,Debit Card,Delivered,1767.72
ORD-101993,2025-11-13,CUST-00044,30.0,Female,Delhi,North,Electronics,Smartwatch,1,5025.42,5.0,Wallet,Delivered,4774.15
ORD-100680,2025-03-17,CUST-00427,38.0,Female,Pune,West,Beauty,Perfume,1,1864.76,10.0,Credit Card,Delivered,1678.28
ORD-102464,2025-07-07,CUST-00103,57.0,Female,Chennai,South,Sports,Football,1,1175.11,5.0,UPI,Delivered,1116.35
ORD-101845,2025-05-18,CUST-00541,21.0,Male,Patna,East,Beauty,Makeup Set,2,982.8,20.0,Debit Card,Delivered,1572.48
ORD-100773,2025-11-12,CUST-01027,55.0,Male,Hyderabad,South,Home & Kitchen,Air Fryer,1,8529.27,10.0,UPI,Delivered,7676.34
ORD-101091,2025-04-26,CUST-00453,47.0,Male,Pune,West,Beauty,Hair Dryer,1,1886.71,0.0,UPI,Delivered,1886.71
ORD-102019,2025-11-03,CUST-00267,51.0,Male,Ahmedabad,West,Beauty,Hair Dryer,1,1805.41,0.0,Cash on Delivery,Delivered,1805.41
ORD-101084,2025-12-08,CUST-01146,53.0,Female,Patna,East,Beauty,Hair Dryer,1,1938.1,10.0,Cash on Delivery,Delivered,1744.29
ORD-101381,2025-10-13,CUST-01114,26.0,Male,Chennai,South,Beauty,Makeup Set,3,993.21,0.0,Cash on Delivery,Delivered,2979.63
ORD-100057,2025-05-21,CUST-00291,37.0,Female,Delhi,North,Electronics,Laptop,2,52902.67,40.0,Credit Card,Returned,63483.2
ORD-101101,2025-06-05,CUST-00005,18.0,Male,Chennai,South,Fashion,Sneakers,1,2352.42,15.0,UPI,Delivered,1999.56
ORD-102052,2025-06-14,CUST-00311,41.0,Male,Chennai,South,Electronics,Smartwatch,1,4942.27,0.0,Wallet,Delivered,4942.27
ORD-100322,2025-07-01,CUST-00410,60.0,Female,Kolkata,East,Electronics,Smartwatch,2,4781.68,10.0,UPI,Delivered,8607.02
ORD-102038,2025-04-20,CUST-00872,59.0,Male,Bengaluru,South,Fashion,Jeans,2,1572.91,25.0,UPI,Delivered,2359.37
ORD-100783,2025-12-09,CUST-00224,53.0,Female,Bengaluru,South,Home & Kitchen,Air Fryer,1,8312.83,5.0,UPI,Delivered,7897.19
ORD-101533,2025-09-02,CUST-00768,60.0,Male,Pune,West,Beauty,Makeup Set,1,1041.19,0.0,Cash on Delivery,Delivered,1041.19
ORD-101117,2025-09-27,CUST-00174,27.0,Female,Chennai,South,Fashion,Dress,1,1392.67,30.0,UPI,Delivered,974.87
ORD-101940,2025-10-11,CUST-00664,57.0,Male,Ahmedabad,West,Electronics,Smartwatch,2,5303.23,25.0,Credit Card,Delivered,7954.84
ORD-101227,2025-03-10,CUST-00763,38.0,Male,Ahmedabad,West,Fashion,T-Shirt,1,625.63,20.0,UPI,Delivered,500.5
ORD-100603,2025-06-01,CUST-00731,20.0,Female,Guwahati,East,Electronics,Laptop,1,53693.83,0.0,Debit Card,Delivered,53693.83
ORD-101827,2025-03-28,CUST-00418,20.0,Female,Pune,West,Fashion,Jacket,2,2909.87,10.0,UPI,Delivered,5237.77
ORD-102329,2025-07-28,CUST-00444,65.0,Female,Bengaluru,South,Beauty,Makeup Set,2,1022.93,30.0,Wallet,Delivered,1432.1
ORD-101367,2025-07-08,CUST-00214,18.0,Female,Chennai,South,Home & Kitchen,Mixer Grinder,2,4281.01,0.0,UPI,Delivered,8562.02
ORD-101125,2025-11-28,CUST-00535,18.0,Male,Lucknow,North,Sports,Football,1,1052.37,25.0,UPI,Delivered,789.28
ORD-101936,2025-10-04,CUST-00447,48.0,Female,Mumbai,West,Fashion,Jeans,1,1590.0,10.0,UPI,Delivered,1431.0
ORD-100566,2025-07-05,CUST-00680,42.0,Male,Lucknow,North,Home & Kitchen,Mixer Grinder,1,4260.93,0.0,Credit Card,Delivered,4260.93
ORD-102021,2025-09-09,CUST-00430,62.0,Female,Delhi,North,Electronics,Laptop,1,51099.09,0.0,Debit Card,Delivered,51099.09
ORD-102449,2025-12-27,CUST-00109,50.0,Female,Kolkata,East,Fashion,T-Shirt,2,562.27,0.0,Debit Card,Delivered,1124.54
ORD-100283,2025-10-27,CUST-00818,30.0,Female,Kolkata,East,Home & Kitchen,Cookware Set,1,3580.98,0.0,Net Banking,Delivered,3580.98
ORD-101642,2025-12-08,CUST-00236,53.0,Male,Jaipur,North,Electronics,Headphones,1,2330.9,10.0,Cash on Delivery,Delivered,2097.81
ORD-100325,2025-11-28,CUST-01067,39.0,Male,Bengaluru,South,Beauty,Skincare Kit,2,1452.66,20.0,UPI,Delivered,2324.26
ORD-100451,2025-10-07,CUST-00807,52.0,Male,Ahmedabad,West,Electronics,Tablet,1,18198.56,25.0,UPI,Delivered,13648.92
ORD-100930,2025-10-20,CUST-00524,21.0,Male,Chennai,South,Home & Kitchen,Air Fryer,1,8305.64,15.0,Debit Card,Delivered,7059.79
ORD-101994,2025-07-26,CUST-01115,54.0,Male,Pune,West,Electronics,Headphones,1,2503.41,15.0,UPI,Delivered,2127.9
ORD-100247,2025-04-25,CUST-01154,28.0,Male,Chennai,South,Electronics,Headphones,3,2397.94,0.0,UPI,Shipped,7193.82
ORD-101176,2025-09-03,CUST-00185,65.0,Male,Delhi,North,Electronics,Tablet,1,19155.15,10.0,Credit Card,Delivered,17239.64
ORD-100519,2025-01-24,CUST-00537,58.0,Male,Jaipur,North,Beauty,Skincare Kit,1,1561.02,10.0,UPI,Shipped,1404.92
ORD-101996,2025-12-24,CUST-00217,23.0,Female,Pune,West,Fashion,T-Shirt,2,569.58,5.0,Net Banking,Delivered,1082.2
ORD-102114,2025-04-21,CUST-00629,19.0,Female,Patna,East,Sports,Cricket Bat,2,2444.06,20.0,UPI,Cancelled,3910.5
ORD-101214,2025-03-02,CUST-00888,53.0,Female,Patna,East,Beauty,Hair Dryer,2,1832.02,15.0,Debit Card,Shipped,3114.43
ORD-101378,2025-05-27,CUST-00073,33.0,Male,Delhi,North,Sports,Dumbbell Set,4,2106.44,0.0,Credit Card,Delivered,8425.76
ORD-101762,2025-10-27,CUST-00720,19.0,Female,Bengaluru,South,Home & Kitchen,Bedsheet Set,1,1177.69,30.0,Debit Card,Delivered,824.38
ORD-101289,2025-10-16,CUST-00872,57.0,Male,Mumbai,West,Beauty,Skincare Kit,1,1512.7,0.0,Credit Card,Delivered,1512.7
ORD-102004,2025-06-13,CUST-00316,32.0,Male,Chennai,South,Fashion,Jacket,2,2780.08,30.0,UPI,Delivered,3892.11
ORD-101777,2025-04-22,CUST-01053,60.0,Female,Hyderabad,South,Electronics,Laptop,1,54805.99,15.0,Credit Card,Delivered,46585.09
ORD-102239,2025-06-06,CUST-00192,39.0,Female,Lucknow,North,Fashion,Sneakers,1,2338.68,0.0,UPI,Delivered,2338.68
ORD-101273,2025-06-16,CUST-01157,52.0,Female,Lucknow,North,Fashion,Jacket,1,2778.7,0.0,Credit Card,Delivered,2778.7
ORD-101058,2025-05-28,CUST-00194,55.0,Female,Kolkata,East,Home & Kitchen,Bedsheet Set,1,1146.91,0.0,Credit Card,Delivered,1146.91
ORD-100809,2025-01-22,CUST-00675,32.0,Male,Kolkata,East,Beauty,Skincare Kit,2,1437.78,5.0,UPI,Delivered,2731.78
ORD-100368,2025-06-24,CUST-00793,29.0,Male,Bengaluru,South,Beauty,Makeup Set,2,940.7,25.0,Credit Card,Delivered,1411.05
ORD-100891,2025-02-07,CUST-00215,37.0,Male,Delhi,North,Electronics,Tablet,1,19327.94,0.0,UPI,Delivered,19327.94
ORD-100568,2025-11-19,CUST-00307,63.0,Female,Chennai,South,Fashion,Dress,1,1202.81,20.0,UPI,Delivered,962.25
ORD-101369,2025-12-19,CUST-00436,57.0,Female,Guwahati,East,Beauty,Skincare Kit,1,1514.42,25.0,Cash on Delivery,Delivered,1135.82
ORD-102252,2025-01-27,CUST-00529,63.0,Male,Pune,West,Beauty,Makeup Set,1,979.42,30.0,Credit Card,Delivered,685.59
ORD-102020,2025-04-22,CUST-00080,29.0,Male,Lucknow,North,Beauty,Skincare Kit,2,1411.24,15.0,Cash on Delivery,Delivered,2399.11
ORD-101492,2025-11-08,CUST-00239,25.0,Female,Bengaluru,South,Fashion,T-Shirt,1,580.22,5.0,Cash on Delivery,Delivered,551.21
ORD-101473,2025-10-28,CUST-00683,44.0,Male,Hyderabad,South,Fashion,Jacket,1,2688.99,0.0,UPI,Delivered,2688.99
ORD-100179,2025-09-24,CUST-00221,58.0,Male,Bengaluru,South,Home & Kitchen,Bedsheet Set,1,1132.54,15.0,UPI,Delivered,962.66
ORD-100802,2025-08-28,CUST-00070,36.0,Male,Ahmedabad,West,Sports,Dumbbell Set,1,2115.24,20.0,Cash on Delivery,Shipped,1692.19
ORD-101526,2025-09-26,CUST-00797,42.0,Female,Hyderabad,South,Fashion,Jacket,1,2848.94,,UPI,Delivered,2136.7
ORD-101625,2025-08-26,CUST-00752,46.0,Male,Lucknow,North,Electronics,Smartphone,1,16693.37,25.0,Net Banking,Delivered,12520.03
ORD-100728,2025-04-14,CUST-00495,44.0,Female,Hyderabad,South,Sports,Badminton Racket,2,1349.32,0.0,Cash on Delivery,Delivered,2698.64
ORD-100465,2025-07-24,CUST-00408,62.0,Male,Mumbai,West,Electronics,Tablet,1,20022.46,0.0,Credit Card,Delivered,20022.46
ORD-100135,2025-07-15,CUST-00289,28.0,Female,Ahmedabad,West,Fashion,Jeans,1,1493.71,10.0,UPI,Delivered,1344.34
ORD-100840,2025-01-11,CUST-00133,55.0,Female,Chennai,South,Beauty,Makeup Set,2,937.62,5.0,UPI,Delivered,1781.48
ORD-101941,2025-03-24,CUST-00467,28.0,Male,Hyderabad,South,Beauty,Perfume,2,1896.92,15.0,Net Banking,Delivered,3224.76
ORD-102332,2025-02-17,CUST-00720,54.0,Female,Bengaluru,South,Fashion,T-Shirt,1,614.39,5.0,Credit Card,Delivered,583.67
ORD-100706,2025-02-26,CUST-00574,48.0,Male,Pune,West,Electronics,Laptop,1,51730.47,30.0,UPI,Delivered,36211.33
ORD-100234,2025-08-15,CUST-00769,54.0,Female,Delhi,North,Fashion,Sneakers,1,2356.01,40.0,UPI,Delivered,1413.61
ORD-101407,2025-01-25,CUST-00474,43.0,Male,Lucknow,North,Electronics,Laptop,1,52157.1,15.0,Net Banking,Delivered,44333.53
ORD-100880,2025-04-25,CUST-00553,37.0,Male,Ahmedabad,West,Sports,Dumbbell Set,1,1967.68,0.0,Credit Card,Delivered,1967.68
ORD-102109,2025-12-17,CUST-00110,28.0,Female,Pune,West,Fashion,Jacket,1,2790.89,5.0,UPI,Delivered,2651.35
ORD-100569,2025-06-18,CUST-00991,23.0,Male,Lucknow,North,Beauty,Skincare Kit,1,1464.71,25.0,Net Banking,Delivered,1098.53
ORD-101476,2025-12-13,CUST-00150,65.0,Male,Lucknow,North,Beauty,Hair Dryer,2,1694.79,25.0,UPI,Delivered,2542.18
ORD-101042,2025-06-27,CUST-00121,41.0,Male,Kolkata,East,Electronics,Smartwatch,1,4777.41,0.0,Net Banking,Delivered,4777.41
ORD-100863,2025-09-28,CUST-00515,63.0,Female,Mumbai,West,Home & Kitchen,Table Lamp,1,900.58,30.0,Net Banking,Delivered,630.41
ORD-100650,2025-06-05,CUST-00423,52.0,Female,Patna,East,Home & Kitchen,Mixer Grinder,1,4541.12,15.0,UPI,Delivered,3859.95
ORD-100479,2025-03-12,CUST-01071,59.0,Female,Chennai,South,Home & Kitchen,Mixer Grinder,1,4564.27,5.0,UPI,Delivered,4336.06
ORD-101092,2025-02-10,CUST-00802,63.0,Male,Lucknow,North,Sports,Dumbbell Set,1,1914.54,25.0,Cash on Delivery,Delivered,1435.9
ORD-101905,2025-08-25,CUST-00196,20.0,Male,Patna,East,Fashion,Jeans,1,1392.04,40.0,Net Banking,Cancelled,835.22
ORD-100633,2025-09-04,CUST-00401,26.0,Female,Bengaluru,South,Home & Kitchen,Cookware Set,1,3527.01,5.0,Net Banking,Delivered,3350.66
ORD-100044,2025-04-04,CUST-01139,46.0,Male,Bengaluru,South,Fashion,Jacket,1,2859.29,10.0,UPI,Delivered,2573.36
ORD-101491,2025-11-24,CUST-00399,45.0,Female,Ahmedabad,West,Fashion,Dress,1,1252.51,10.0,Credit Card,Delivered,1127.26
ORD-100749,2025-09-27,CUST-00387,42.0,Female,Lucknow,North,Electronics,Headphones,2,2542.13,25.0,UPI,Cancelled,3813.2
ORD-101709,2025-11-28,CUST-00979,34.0,Female,Ahmedabad,West,Fashion,Sneakers,1,2480.63,5.0,Wallet,Delivered,2356.6
ORD-100045,2025-06-02,CUST-00740,33.0,Female,Lucknow,North,Fashion,T-Shirt,1,605.3,15.0,Debit Card,Delivered,514.5
ORD-101136,2025-03-19,CUST-00933,48.0,Female,Guwahati,East,Fashion,Dress,1,1195.11,5.0,Credit Card,Delivered,1135.35
ORD-100743,2025-04-07,CUST-00844,51.0,Female,Kolkata,East,Fashion,Sneakers,1,2474.13,0.0,UPI,Cancelled,2474.13
ORD-100171,2025-07-09,CUST-00097,44.0,Male,Ahmedabad,West,Sports,Dumbbell Set,2,2094.46,5.0,UPI,Delivered,3979.47
ORD-100787,2025-04-20,CUST-00361,27.0,Male,Chennai,South,Fashion,T-Shirt,1,642.01,30.0,UPI,Delivered,449.41
ORD-101224,2025-03-15,CUST-00513,45.0,Male,Jaipur,North,Fashion,Sneakers,2,2329.82,10.0,UPI,Delivered,4193.68
ORD-101809,2025-02-09,CUST-01139,43.0,Male,Patna,East,Fashion,Jacket,2,2786.5,15.0,Cash on Delivery,Delivered,4737.05
ORD-101889,2025-10-03,CUST-00720,55.0,Male,Mumbai,West,Electronics,Smartphone,2,17042.34,20.0,Net Banking,Delivered,27267.74
ORD-101318,2025-05-23,CUST-00289,65.0,Male,Patna,East,Electronics,Tablet,1,20165.33,25.0,UPI,Delivered,15124.0
ORD-100219,2025-08-04,CUST-00896,32.0,Male,Patna,East,Home & Kitchen,Mixer Grinder,2,4569.01,20.0,UPI,Delivered,7310.42
ORD-100701,2025-07-05,CUST-00407,49.0,Male,Chennai,South,Fashion,Dress,1,1300.97,0.0,Credit Card,Delivered,1300.97
ORD-101334,2025-01-15,CUST-00477,43.0,Male,Delhi,North,Fashion,Jeans,2,1406.34,0.0,Credit Card,Delivered,2812.68
ORD-101711,2025-10-22,CUST-00856,56.0,Male,Jaipur,North,Sports,Cricket Bat,1,2662.55,15.0,UPI,Delivered,2263.17
ORD-100818,2025-01-28,CUST-00146,58.0,Male,Guwahati,East,Fashion,T-Shirt,1,564.63,5.0,Credit Card,Cancelled,536.4
ORD-100174,2025-08-05,CUST-00713,61.0,Female,Bengaluru,South,Fashion,Jacket,1,2934.58,25.0,UPI,Delivered,2200.93
ORD-102282,2025-07-01,CUST-00640,42.0,Male,Kolkata,East,Electronics,Smartwatch,2,5091.57,10.0,UPI,Delivered,9164.83
ORD-101248,2025-09-08,CUST-01047,40.0,Female,Hyderabad,South,Electronics,Smartwatch,1,5144.34,15.0,Cash on Delivery,Returned,4372.69
ORD-101925,2025-06-05,CUST-00844,60.0,Male,Guwahati,East,Electronics,Smartphone,2,16092.02,10.0,Cash on Delivery,Delivered,28965.64
ORD-101056,2025-09-03,CUST-00097,59.0,Male,Jaipur,North,Fashion,Jacket,1,2610.53,10.0,UPI,Delivered,2349.48
ORD-102414,2025-06-09,CUST-01043,63.0,Male,Mumbai,West,Fashion,Jeans,1,1461.15,20.0,Credit Card,Delivered,1168.92
ORD-102259,2025-04-16,CUST-00163,21.0,Female,Mumbai,West,Fashion,Jacket,1,2831.09,20.0,Credit Card,Delivered,2264.87
ORD-100510,2025-07-14,CUST-00662,38.0,Female,Guwahati,East,Electronics,Laptop,2,53397.47,10.0,UPI,Delivered,96115.45
ORD-100421,2025-12-07,CUST-00215,30.0,Male,Guwahati,East,Home & Kitchen,Table Lamp,1,916.67,20.0,UPI,Delivered,733.34
ORD-101287,2025-11-11,CUST-00960,55.0,Female,Patna,East,Home & Kitchen,Cookware Set,1,3468.84,25.0,UPI,Delivered,2601.63
ORD-101388,2025-03-06,CUST-00527,35.0,Male,Mumbai,West,Electronics,Laptop,2,52876.57,5.0,UPI,Delivered,100465.48
ORD-102156,2025-03-22,CUST-01041,31.0,Male,Guwahati,East,Electronics,Headphones,1,2605.42,5.0,Credit Card,Cancelled,2475.15
ORD-100112,2025-11-06,CUST-00409,28.0,Female,Lucknow,North,Home & Kitchen,Air Fryer,2,7960.55,10.0,Net Banking,Delivered,14328.99
ORD-100213,2025-02-24,CUST-00837,21.0,Female,Kolkata,East,Fashion,T-Shirt,2,586.5,10.0,UPI,Delivered,1055.7
ORD-101242,2025-03-08,CUST-01125,47.0,Female,Pune,West,Fashion,Jacket,1,3002.29,10.0,Credit Card,Delivered,2702.06
ORD-101823,2025-02-27,CUST-01075,48.0,Female,Chennai,South,Fashion,Dress,2,1224.92,0.0,Debit Card,Delivered,2449.84
ORD-100255,2025-08-24,CUST-00542,46.0,Male,Pune,West,Home & Kitchen,Table Lamp,1,937.89,40.0,Credit Card,Delivered,562.73
ORD-101453,2025-07-20,CUST-01191,27.0,Female,Chennai,South,Fashion,T-Shirt,1,635.17,0.0,Wallet,Delivered,635.17
ORD-100431,2025-11-09,CUST-00351,48.0,Male,Lucknow,North,Fashion,Jacket,2,2909.14,15.0,UPI,Delivered,4945.54
ORD-101573,2025-03-28,CUST-00992,36.0,Female,Ahmedabad,West,Electronics,Laptop,1,52130.46,,UPI,Delivered,49523.94
ORD-102387,2025-07-09,CUST-00343,28.0,Female,Jaipur,North,Electronics,Tablet,1,17875.7,0.0,Credit Card,Delivered,17875.7
ORD-102041,2025-11-02,CUST-00902,51.0,Male,Guwahati,East,Home & Kitchen,Mixer Grinder,1,4109.12,5.0,Cash on Delivery,Delivered,3903.66
ORD-101563,2025-02-24,CUST-00244,42.0,Male,Hyderabad,South,Fashion,T-Shirt,1,644.07,0.0,UPI,Delivered,644.07
ORD-102142,2025-02-25,CUST-01153,32.0,Female,Chennai,South,Fashion,T-Shirt,3,615.39,5.0,UPI,Delivered,1753.86
ORD-100409,2025-07-09,CUST-00029,41.0,Female,Guwahati,East,Fashion,Dress,4,1217.36,5.0,UPI,Delivered,4625.97
ORD-101085,2025-05-06,CUST-00570,48.0,Female,Kolkata,East,Fashion,Sneakers,1,2421.63,20.0,Credit Card,Delivered,1937.3
ORD-101449,2025-03-11,CUST-00208,45.0,Female,Bengaluru,South,Home & Kitchen,Bedsheet Set,1,1286.39,5.0,UPI,Shipped,1222.07
ORD-101303,2025-05-25,CUST-00076,47.0,Male,Chennai,South,Fashion,Jacket,1,2655.15,30.0,UPI,Delivered,1858.61
ORD-101310,2025-02-20,CUST-00804,36.0,Female,Guwahati,East,Electronics,Tablet,1,20304.49,25.0,UPI,Delivered,15228.37
ORD-100950,2025-05-12,CUST-00275,20.0,Male,Ahmedabad,West,Fashion,T-Shirt,1,603.29,0.0,Cash on Delivery,Delivered,603.29
ORD-102067,2025-12-07,CUST-01167,45.0,Male,Patna,East,Electronics,Smartphone,1,16900.29,0.0,UPI,Cancelled,16900.29
ORD-102229,2025-07-24,CUST-00234,49.0,Female,Kolkata,East,Home & Kitchen,Mixer Grinder,2,4478.64,20.0,UPI,Returned,7165.82
ORD-101729,2025-09-01,CUST-00894,32.0,Male,Kolkata,East,Electronics,Smartphone,1,16359.09,0.0,Credit Card,Delivered,16359.09
ORD-101849,2025-10-23,CUST-01113,25.0,Female,Lucknow,North,Electronics,Headphones,1,2399.69,0.0,Debit Card,Delivered,2399.69
ORD-100582,2025-05-18,CUST-01053,25.0,Male,Chennai,South,Electronics,Laptop,2,55475.85,0.0,Credit Card,Delivered,110951.7
ORD-102477,2025-01-14,CUST-00553,50.0,Male,Mumbai,West,Fashion,Sneakers,1,2178.8,10.0,UPI,Delivered,1960.92
ORD-100240,2025-02-07,CUST-00300,57.0,Male,Guwahati,East,Fashion,Dress,1,1303.36,10.0,Credit Card,Delivered,1173.02
ORD-102211,2025-12-21,CUST-00180,30.0,Male,Hyderabad,South,Fashion,Sneakers,1,2453.7,20.0,UPI,Delivered,1962.96
ORD-100938,2025-10-04,CUST-00436,34.0,Male,Delhi,North,Electronics,Smartphone,1,16184.45,40.0,Debit Card,Delivered,9710.67
ORD-102299,2025-10-26,CUST-00070,57.0,Male,Ahmedabad,West,Fashion,Jeans,1,1397.62,10.0,Credit Card,Delivered,1257.86
ORD-100499,2025-12-17,CUST-00984,24.0,Male,Delhi,North,Electronics,Smartphone,1,15656.38,25.0,Net Banking,Shipped,11742.28
ORD-101379,2025-03-18,CUST-00067,49.0,Male,Lucknow,North,Electronics,Tablet,1,18593.48,10.0,UPI,Delivered,16734.13
ORD-100441,2025-06-25,CUST-00898,55.0,Male,Bengaluru,South,Electronics,Smartwatch,1,4840.2,0.0,Debit Card,Delivered,4840.2
ORD-101178,2025-04-15,CUST-00145,30.0,Male,Pune,West,Beauty,Makeup Set,1,957.44,10.0,Net Banking,Delivered,861.7
ORD-100508,2025-11-19,CUST-00250,45.0,Male,Kolkata,East,Home & Kitchen,Bedsheet Set,1,1165.3,15.0,Debit Card,Cancelled,990.5
ORD-100862,2025-01-03,CUST-01135,64.0,Male,Pune,West,Electronics,Tablet,3,19142.62,20.0,UPI,Delivered,45942.29
ORD-100189,2025-07-08,CUST-00273,26.0,Male,Bengaluru,South,Beauty,Skincare Kit,1,1584.26,5.0,Credit Card,Returned,1505.05
ORD-101502,2025-05-05,CUST-00681,58.0,Male,Jaipur,North,Beauty,Hair Dryer,1,1823.4,10.0,Credit Card,Delivered,1641.06
ORD-101371,2025-11-01,CUST-00842,22.0,Male,Chennai,South,Electronics,Tablet,1,19380.59,10.0,Debit Card,Delivered,17442.53
ORD-100195,2025-07-15,CUST-00858,56.0,Male,Patna,East,Fashion,T-Shirt,2,632.0,25.0,Credit Card,Delivered,948.0
ORD-102455,2025-11-06,CUST-00089,32.0,Male,Kolkata,East,Home & Kitchen,Air Fryer,1,8534.41,10.0,UPI,Delivered,7680.97
ORD-101763,2025-10-12,CUST-00566,24.0,Male,Guwahati,East,Electronics,Tablet,1,18869.81,5.0,UPI,Delivered,17926.32
ORD-101030,2025-05-07,CUST-00481,57.0,Female,Hyderabad,South,Fashion,Dress,2,1226.13,5.0,Debit Card,Delivered,2329.65
ORD-101933,2025-06-24,CUST-00587,35.0,Male,Jaipur,North,Fashion,T-Shirt,1,645.61,0.0,UPI,Delivered,645.61
ORD-100197,2025-04-03,CUST-00223,30.0,Female,Delhi,North,Fashion,Dress,1,1250.2,5.0,Credit Card,Shipped,1187.69
ORD-101256,2025-01-01,CUST-00958,42.0,Female,Chennai,South,Fashion,T-Shirt,3,559.78,15.0,Debit Card,Delivered,1427.44
ORD-100097,2025-03-26,CUST-00862,64.0,Male,Kolkata,East,Fashion,Sneakers,3,2339.48,5.0,Debit Card,Delivered,6667.52
ORD-102111,2025-09-12,CUST-00800,32.0,Male,Mumbai,West,Fashion,T-Shirt,1,630.56,5.0,Net Banking,Returned,599.03
ORD-101962,2025-10-12,CUST-01126,39.0,Female,Patna,East,Electronics,Tablet,1,18939.36,15.0,Debit Card,Delivered,16098.46
ORD-100436,2025-05-25,CUST-00603,33.0,Male,Jaipur,North,Home & Kitchen,Mixer Grinder,1,4292.87,0.0,UPI,Cancelled,4292.87
ORD-102317,2025-03-09,CUST-00259,26.0,Female,Hyderabad,South,Electronics,Laptop,1,49142.23,0.0,UPI,Delivered,49142.23
ORD-102405,2025-04-11,CUST-00246,19.0,Male,Kolkata,East,Sports,Badminton Racket,1,1480.11,10.0,Net Banking,Delivered,1332.1
ORD-100611,2025-11-05,CUST-00433,39.0,Male,Chennai,South,Fashion,T-Shirt,1,631.51,15.0,Cash on Delivery,Delivered,536.78
ORD-102084,2025-10-26,CUST-00128,55.0,Female,Guwahati,East,Electronics,Tablet,1,17776.16,0.0,Net Banking,Delivered,17776.16
ORD-100252,2025-02-26,CUST-00342,25.0,Female,Delhi,North,Fashion,T-Shirt,2,593.75,15.0,Cash on Delivery,Returned,1009.38
ORD-101953,2025-04-26,CUST-00553,55.0,Male,Jaipur,North,Home & Kitchen,Mixer Grinder,1,4042.8,40.0,UPI,Delivered,2425.68
ORD-102429,2025-10-28,CUST-00114,18.0,Female,Patna,East,Electronics,Smartphone,1,16734.62,10.0,UPI,Delivered,15061.16
ORD-101846,2025-05-08,CUST-00538,52.0,Female,Ahmedabad,West,Sports,Yoga Mat,1,855.6,15.0,Credit Card,Cancelled,727.26
ORD-102373,2025-05-25,CUST-01190,59.0,Male,Chennai,South,Beauty,Skincare Kit,2,1445.51,15.0,UPI,Delivered,2457.37
ORD-101593,2025-05-17,CUST-00393,41.0,Female,Mumbai,West,Home & Kitchen,Air Fryer,1,7369.57,5.0,Cash on Delivery,Delivered,7001.09
ORD-102423,2025-07-04,CUST-00419,33.0,Female,Kolkata,East,Beauty,Skincare Kit,1,1560.21,15.0,UPI,Delivered,1326.18
ORD-101605,2025-03-05,CUST-00337,58.0,Male,Mumbai,West,Fashion,Dress,1,1360.98,0.0,Debit Card,Delivered,1360.98
ORD-100597,2025-02-24,CUST-01118,51.0,Female,Lucknow,North,Beauty,Hair Dryer,1,1756.61,0.0,Net Banking,Delivered,1756.61
ORD-102438,2025-05-12,CUST-00536,37.0,Male,Kolkata,East,Home & Kitchen,Table Lamp,1,829.09,0.0,Net Banking,Delivered,829.09
ORD-100606,2025-08-11,CUST-01122,30.0,Female,Patna,East,Sports,Dumbbell Set,1,1945.41,25.0,UPI,Delivered,1459.06
ORD-102194,2025-11-27,CUST-00301,60.0,Male,Lucknow,North,Electronics,Smartwatch,1,4776.01,0.0,Net Banking,Delivered,4776.01
ORD-102233,2025-03-27,CUST-00316,29.0,Female,Patna,East,Sports,Badminton Racket,1,1310.03,30.0,UPI,Delivered,917.02
ORD-101360,2025-10-13,CUST-00573,60.0,Male,Bengaluru,South,Home & Kitchen,Cookware Set,1,3625.83,5.0,UPI,Delivered,3444.54
ORD-101390,2025-10-28,CUST-01132,55.0,Male,Ahmedabad,West,Electronics,Smartwatch,2,4768.91,0.0,Net Banking,Delivered,9537.82
ORD-101088,2025-10-04,CUST-01136,52.0,Male,Bengaluru,South,Electronics,Smartphone,1,16648.65,0.0,UPI,Delivered,16648.65
ORD-101865,2025-10-22,CUST-01066,32.0,Female,Bengaluru,South,Electronics,Smartphone,2,15560.94,0.0,UPI,Delivered,31121.88
ORD-100297,2025-05-03,CUST-00077,28.0,Male,Delhi,North,Fashion,T-Shirt,1,617.8,0.0,Credit Card,Delivered,617.8
ORD-100211,2025-02-28,CUST-00739,62.0,Male,Lucknow,North,Fashion,T-Shirt,1,578.63,0.0,Cash on Delivery,Delivered,578.63
ORD-101194,2025-12-27,CUST-00153,34.0,Male,Chennai,South,Electronics,Tablet,1,19189.1,0.0,Debit Card,Delivered,19189.1
ORD-100965,2025-02-13,CUST-00138,24.0,Female,Ahmedabad,West,Fashion,Dress,2,1354.67,0.0,UPI,Shipped,2709.34
ORD-101171,2025-02-26,CUST-00873,33.0,Male,Patna,East,Electronics,Tablet,1,18684.86,20.0,UPI,Delivered,14947.89
ORD-100522,2025-09-25,CUST-00286,52.0,Female,Jaipur,North,Beauty,Makeup Set,3,1017.02,15.0,Net Banking,Delivered,2593.4
ORD-100765,2025-11-27,CUST-00764,32.0,Male,Kolkata,East,Electronics,Laptop,2,54524.73,15.0,Credit Card,Delivered,92692.04
ORD-100354,2025-12-13,CUST-00580,42.0,Female,Ahmedabad,West,Electronics,Headphones,2,2670.5,5.0,UPI,Delivered,5073.95
ORD-100841,2025-07-09,CUST-00205,57.0,Male,Mumbai,West,Electronics,Smartwatch,1,5074.03,10.0,UPI,Delivered,4566.63
ORD-101951,2025-02-04,CUST-00729,22.0,Male,Bengaluru,South,Home & Kitchen,Air Fryer,2,8426.26,15.0,Wallet,Delivered,14324.64
ORD-100694,2025-06-04,CUST-01127,60.0,Female,Ahmedabad,West,Electronics,Smartphone,2,14844.34,20.0,Credit Card,Delivered,23750.94
ORD-100529,2025-10-02,CUST-00503,27.0,Male,Delhi,North,Fashion,Jacket,1,2895.98,10.0,Cash on Delivery,Delivered,2606.38
ORD-100388,2025-12-14,CUST-00384,38.0,Female,Ahmedabad,West,Electronics,Headphones,2,2412.29,20.0,Debit Card,Delivered,3859.66
ORD-100622,2025-04-18,CUST-00872,51.0,Female,Pune,West,Sports,Yoga Mat,1,742.23,15.0,Wallet,Shipped,630.9
ORD-102235,2025-02-07,CUST-00594,52.0,Male,Mumbai,West,Fashion,Jacket,1,2930.31,15.0,UPI,Delivered,2490.76
ORD-101437,2025-10-02,CUST-00976,56.0,Female,Guwahati,East,Electronics,Laptop,1,53545.33,10.0,Wallet,Delivered,48190.8
ORD-100333,2025-03-09,CUST-01098,61.0,Female,Delhi,North,Fashion,Dress,1,1281.76,25.0,UPI,Delivered,961.32
ORD-101868,2025-07-14,CUST-00515,47.0,Male,Delhi,North,Electronics,Laptop,1,56253.69,20.0,UPI,Delivered,45002.95
ORD-101312,2025-06-16,CUST-01146,34.0,Female,Lucknow,North,Sports,Badminton Racket,1,1311.4,0.0,,Delivered,1311.4
ORD-101338,2025-07-10,CUST-00754,43.0,Female,Lucknow,North,Home & Kitchen,Table Lamp,1,958.98,0.0,Debit Card,Delivered,958.98
ORD-101356,2025-09-19,CUST-00717,19.0,Male,Bengaluru,South,Electronics,Smartphone,1,15381.72,10.0,Credit Card,Delivered,13843.55
ORD-100621,2025-12-19,CUST-00109,53.0,Male,Delhi,North,Fashion,Sneakers,1,2320.46,0.0,Cash on Delivery,Delivered,2320.46
ORD-102435,2025-04-13,CUST-01075,52.0,Male,Lucknow,North,Fashion,T-Shirt,1,562.55,5.0,UPI,Delivered,534.42
ORD-100531,2025-05-19,CUST-00091,27.0,Male,Chennai,South,Fashion,Jeans,1,1402.2,25.0,Credit Card,Delivered,1051.65
ORD-101106,2025-11-03,CUST-00276,21.0,Male,Jaipur,North,Home & Kitchen,Bedsheet Set,4,1107.4,15.0,UPI,Delivered,3765.16
ORD-101609,2025-04-23,CUST-00143,56.0,Female,Delhi,North,Electronics,Laptop,3,53497.33,10.0,Net Banking,Delivered,144442.79
ORD-101615,2025-10-12,CUST-00725,38.0,Male,Guwahati,East,Fashion,Sneakers,1,2126.61,15.0,Credit Card,Cancelled,1807.62
ORD-101057,2025-03-10,CUST-00232,32.0,Male,Lucknow,North,Electronics,Headphones,2,2437.22,10.0,Debit Card,Delivered,4387.0
ORD-101001,2025-01-23,CUST-00045,60.0,Female,Ahmedabad,West,Beauty,Skincare Kit,1,1407.84,20.0,Debit Card,Delivered,1126.27
ORD-100889,2025-02-20,CUST-00292,49.0,Female,Kolkata,East,Fashion,Sneakers,1,2315.41,20.0,UPI,Delivered,1852.33
ORD-100319,2025-11-11,CUST-00516,56.0,Female,Hyderabad,South,Fashion,Dress,1,1329.11,15.0,Credit Card,Delivered,1129.74
ORD-100299,2025-02-10,CUST-00165,38.0,Male,Delhi,North,Home & Kitchen,Bedsheet Set,1,1121.16,0.0,Debit Card,Delivered,1121.16
ORD-102379,2025-03-01,CUST-00933,42.0,Female,Bengaluru,South,Fashion,Jeans,1,1593.3,15.0,Net Banking,Cancelled,1354.3
ORD-100446,2025-04-14,CUST-00171,52.0,Female,Guwahati,East,Fashion,Jacket,2,2798.48,5.0,UPI,Shipped,5317.11
ORD-101903,2025-06-17,CUST-00509,60.0,Female,Guwahati,East,Home & Kitchen,Mixer Grinder,1,4336.54,10.0,UPI,Delivered,3902.89
ORD-100238,2025-09-07,CUST-00360,27.0,Female,Guwahati,East,Fashion,Jeans,2,1497.28,20.0,,Delivered,2395.65
ORD-100110,2025-08-21,CUST-00744,30.0,Male,Patna,East,Fashion,Jeans,1,1385.45,0.0,Credit Card,Delivered,1385.45
ORD-101464,2025-12-01,CUST-00085,32.0,Male,Pune,West,Fashion,T-Shirt,1,589.81,30.0,Debit Card,Delivered,412.87
ORD-100820,2025-07-01,CUST-00748,52.0,Female,Guwahati,East,Home & Kitchen,Cookware Set,1,3764.49,20.0,Debit Card,Delivered,3011.59
ORD-100253,2025-01-25,CUST-00945,22.0,Female,Pune,West,Home & Kitchen,Air Fryer,1,8016.98,5.0,UPI,Delivered,7616.13
ORD-102085,2025-06-15,CUST-00647,43.0,Male,Kolkata,East,Electronics,Headphones,1,2512.99,0.0,Cash on Delivery,Delivered,2512.99
ORD-101894,2025-07-17,CUST-00378,25.0,Male,Patna,East,Electronics,Smartwatch,2,4890.37,25.0,UPI,Delivered,7335.56
ORD-102125,2025-11-21,CUST-00538,39.0,Female,Bengaluru,South,Sports,Football,2,1018.65,0.0,Credit Card,Delivered,2037.3
ORD-102149,2025-03-10,CUST-00563,51.0,Female,Kolkata,East,Fashion,Sneakers,4,2189.41,5.0,Cash on Delivery,Delivered,8319.76
ORD-100803,2025-10-18,CUST-00794,44.0,Male,Guwahati,East,Beauty,Hair Dryer,1,1930.51,0.0,Wallet,Delivered,1930.51
ORD-101152,2025-08-10,CUST-00950,31.0,Female,Lucknow,North,Home & Kitchen,Cookware Set,1,3257.05,15.0,UPI,Shipped,2768.49
ORD-101610,2025-10-14,CUST-00359,58.0,Female,Lucknow,North,Sports,Yoga Mat,1,840.09,10.0,Credit Card,Delivered,756.08
ORD-101128,2025-02-11,CUST-00647,43.0,Male,Kolkata,East,Home & Kitchen,Air Fryer,2,8191.65,5.0,Net Banking,Delivered,15564.13
ORD-100756,2025-10-04,CUST-01185,27.0,Female,Pune,West,Home & Kitchen,Air Fryer,3,8504.16,5.0,UPI,Delivered,24236.86
ORD-102377,2025-03-10,CUST-00719,37.0,Male,Patna,East,Fashion,T-Shirt,1,551.52,0.0,Credit Card,Delivered,551.52
ORD-101971,2025-07-10,CUST-00361,41.0,Male,Jaipur,North,Electronics,Tablet,1,20120.45,20.0,UPI,Delivered,16096.36
ORD-101232,2025-03-28,CUST-01110,25.0,Female,Jaipur,North,Electronics,Smartwatch,2,5386.31,5.0,UPI,Delivered,10233.99
ORD-102359,2025-05-24,CUST-01065,45.0,Male,Chennai,South,Home & Kitchen,Air Fryer,1,7510.9,15.0,UPI,Delivered,6384.26
ORD-101980,2025-12-17,CUST-00192,53.0,Male,Pune,West,Fashion,Sneakers,1,2273.39,0.0,UPI,Delivered,2273.39
ORD-100994,2025-05-11,CUST-00735,52.0,Male,Hyderabad,South,Electronics,Laptop,2,56347.26,5.0,UPI,Delivered,107059.79
ORD-100782,2025-11-02,CUST-01038,43.0,Male,Delhi,North,Fashion,Jeans,2,1537.41,15.0,Credit Card,Delivered,2613.6
ORD-100882,2025-10-06,CUST-00420,21.0,Male,Hyderabad,South,Electronics,Tablet,1,18892.44,10.0,UPI,Delivered,17003.2
ORD-102499,2025-05-04,CUST-00062,47.0,Male,Kolkata,East,Sports,Cricket Bat,1,2352.85,5.0,Net Banking,Delivered,2235.21
ORD-101942,2025-09-17,CUST-00182,25.0,Female,Delhi,North,Home & Kitchen,Cookware Set,1,3720.37,15.0,UPI,Delivered,3162.31
ORD-101561,2025-09-23,CUST-00706,25.0,Female,Delhi,North,Fashion,T-Shirt,1,618.19,0.0,UPI,Delivered,618.19
ORD-102285,2025-02-24,CUST-00612,45.0,Female,Bengaluru,South,Electronics,Laptop,1,54963.97,0.0,Net Banking,Delivered,54963.97
ORD-100101,2025-05-01,CUST-00344,27.0,Male,Guwahati,East,Beauty,Skincare Kit,1,1564.8,0.0,UPI,Returned,1564.8
ORD-102196,2025-05-20,CUST-00722,32.0,Male,Lucknow,North,Fashion,Jeans,1,1461.14,0.0,Wallet,Delivered,1461.14
ORD-100262,2025-01-13,CUST-00150,25.0,Male,Jaipur,North,Electronics,Tablet,1,18313.73,10.0,Credit Card,Delivered,16482.36
ORD-102249,2025-06-17,CUST-00801,18.0,Male,Patna,East,Beauty,Perfume,1,1919.44,5.0,Credit Card,Delivered,1823.47
ORD-100799,2025-04-25,CUST-00099,49.0,Male,Jaipur,North,Home & Kitchen,Bedsheet Set,3,1151.46,15.0,UPI,Delivered,2936.22
ORD-101981,2025-07-15,CUST-00194,63.0,Female,Patna,East,Fashion,Jacket,2,2950.4,0.0,Credit Card,Delivered,5900.8
ORD-100180,2025-05-15,CUST-00626,53.0,Male,Kolkata,East,Sports,Cricket Bat,1,2368.97,0.0,Credit Card,Cancelled,2368.97
ORD-101906,2025-02-26,CUST-00092,53.0,Female,Pune,West,Fashion,T-Shirt,2,600.73,5.0,Credit Card,Delivered,1141.39
ORD-101963,2025-07-28,CUST-00939,37.0,Male,Pune,West,Electronics,Headphones,1,2328.44,25.0,Credit Card,Delivered,1746.33
ORD-101745,2025-09-25,CUST-00135,58.0,Female,Patna,East,Sports,Badminton Racket,1,1413.15,30.0,Credit Card,Delivered,989.21
ORD-101633,2025-07-03,CUST-00352,62.0,Male,Lucknow,North,Sports,Cricket Bat,1,2674.36,20.0,,Delivered,2139.49
ORD-102478,2025-02-12,CUST-00627,38.0,Male,Hyderabad,South,Home & Kitchen,Table Lamp,2,904.05,40.0,UPI,Delivered,1084.86
ORD-101069,2025-10-09,CUST-00362,34.0,Male,Jaipur,North,Beauty,Skincare Kit,1,1515.14,15.0,Debit Card,Cancelled,1287.87
ORD-100509,2025-09-14,CUST-00041,37.0,Female,Patna,East,Fashion,Jacket,1,2579.31,10.0,Debit Card,Shipped,2321.38
ORD-100142,2025-05-13,CUST-00749,65.0,Female,Lucknow,North,Fashion,Dress,2,1388.37,10.0,Debit Card,Shipped,2499.07
ORD-100444,2025-07-17,CUST-00913,46.0,Male,Lucknow,North,Fashion,Jacket,1,2748.62,5.0,UPI,Delivered,2611.19
ORD-102105,2025-02-24,CUST-00060,60.0,Female,Patna,East,Fashion,T-Shirt,1,592.78,0.0,Net Banking,Delivered,592.78
ORD-101107,2025-12-14,CUST-01101,33.0,Male,Chennai,South,Electronics,Laptop,1,55890.63,5.0,Credit Card,Cancelled,53096.1
ORD-101860,2025-11-11,CUST-00134,55.0,Female,Delhi,North,Fashion,Jacket,1,2645.96,15.0,Net Banking,Delivered,2249.07
ORD-100583,2025-07-01,CUST-00475,54.0,Male,Kolkata,East,Electronics,Smartphone,3,15253.46,15.0,UPI,Delivered,38896.32
ORD-101514,2025-09-19,CUST-00350,57.0,Male,Kolkata,East,Fashion,Jacket,1,2949.24,30.0,UPI,Delivered,2064.47
ORD-100458,2025-08-10,CUST-00441,60.0,Male,Delhi,North,Electronics,Smartphone,2,14837.92,10.0,Credit Card,Delivered,26708.26
ORD-100999,2025-08-15,CUST-00526,65.0,Male,Mumbai,West,Fashion,Dress,1,1224.08,15.0,UPI,Delivered,1040.47
ORD-100730,2025-03-18,CUST-00400,64.0,Female,Ahmedabad,West,Electronics,Laptop,1,50827.9,10.0,UPI,Delivered,45745.11
ORD-101805,2025-05-27,CUST-00614,58.0,Male,Chennai,South,Beauty,Skincare Kit,1,1551.33,15.0,Cash on Delivery,Delivered,1318.63
ORD-100248,2025-01-28,CUST-01012,55.0,Male,Hyderabad,South,Fashion,Sneakers,2,2245.77,10.0,UPI,Delivered,4042.39
ORD-102264,2025-05-25,CUST-00947,21.0,Female,Delhi,North,Home & Kitchen,Bedsheet Set,2,1209.45,15.0,UPI,Delivered,2056.07
ORD-101322,2025-08-03,CUST-00949,56.0,Female,Guwahati,East,Electronics,Tablet,1,18572.24,40.0,Wallet,Delivered,11143.34
ORD-101508,2025-07-03,CUST-00375,52.0,Female,Patna,East,Electronics,Laptop,2,48864.18,20.0,Wallet,Delivered,78182.69
ORD-101326,2025-09-07,CUST-00558,55.0,Male,Jaipur,North,Electronics,Smartwatch,1,5220.91,5.0,Credit Card,Delivered,4959.86
ORD-101583,2025-04-14,CUST-00082,63.0,Male,Chennai,South,Electronics,Smartphone,1,15551.94,30.0,Debit Card,Delivered,10886.36
ORD-102413,2025-06-10,CUST-01196,59.0,Male,Delhi,North,Home & Kitchen,Mixer Grinder,2,4431.1,10.0,UPI,Delivered,7975.98
ORD-100030,2025-11-27,CUST-00920,48.0,Male,Mumbai,West,Fashion,Jacket,1,2955.1,15.0,Cash on Delivery,Delivered,2511.84
ORD-100487,2025-10-21,CUST-00355,62.0,Female,Lucknow,North,Home & Kitchen,Air Fryer,2,8323.0,15.0,Debit Card,Shipped,14149.1
ORD-101733,2025-10-18,CUST-00023,56.0,Male,Hyderabad,South,Electronics,Tablet,1,18488.5,5.0,UPI,Delivered,17564.08
ORD-101858,2025-09-24,CUST-01082,59.0,Female,Mumbai,West,Electronics,Smartwatch,2,5100.54,25.0,UPI,Delivered,7650.81
ORD-100573,2025-12-26,CUST-01124,41.0,Female,Patna,East,Electronics,Smartphone,2,16368.57,5.0,Wallet,Delivered,31100.28
ORD-100846,2025-02-11,CUST-00517,18.0,Male,Chennai,South,Sports,Cricket Bat,1,2614.18,5.0,UPI,Delivered,2483.47
ORD-101209,2025-12-16,CUST-00408,28.0,Male,Hyderabad,South,Beauty,Hair Dryer,1,1711.0,0.0,UPI,Delivered,1711.0
ORD-100481,2025-05-27,CUST-00604,47.0,Male,Pune,West,Sports,Cricket Bat,1,2343.98,20.0,Credit Card,Delivered,1875.18
ORD-100953,2025-11-22,CUST-00315,20.0,Female,Delhi,North,Fashion,Dress,1,1285.24,0.0,Net Banking,Returned,1285.24
ORD-100486,2025-10-22,CUST-01019,32.0,Male,Patna,East,Home & Kitchen,Mixer Grinder,1,4188.73,0.0,Cash on Delivery,Delivered,4188.73
ORD-102076,2025-08-21,CUST-00597,64.0,Male,Bengaluru,South,Electronics,Smartwatch,1,5230.82,15.0,UPI,Delivered,4446.2
ORD-101629,2025-11-22,CUST-00288,36.0,Female,Kolkata,East,Home & Kitchen,Cookware Set,1,3774.91,10.0,UPI,Delivered,3397.42
ORD-101024,2025-07-06,CUST-00562,44.0,Male,Lucknow,North,Electronics,Smartwatch,1,4989.11,5.0,Credit Card,Shipped,4739.65
ORD-101887,2025-03-05,CUST-00487,33.0,Female,Patna,East,Home & Kitchen,Table Lamp,1,968.43,0.0,Debit Card,Delivered,968.43
ORD-100766,2025-12-24,CUST-00177,34.0,Female,Pune,West,Beauty,Skincare Kit,1,1446.27,20.0,Debit Card,Cancelled,1157.02
ORD-100810,2025-03-05,CUST-01043,39.0,Male,Patna,East,Sports,Cricket Bat,1,2677.99,0.0,UPI,Delivered,2677.99
ORD-101282,2025-12-17,CUST-01161,22.0,Male,Delhi,North,Home & Kitchen,Bedsheet Set,1,1255.3,5.0,Net Banking,Delivered,1192.53
ORD-100966,2025-05-11,CUST-01185,41.0,Female,Ahmedabad,West,Home & Kitchen,Bedsheet Set,2,1196.35,10.0,Net Banking,Delivered,2153.43
ORD-100870,2025-09-19,CUST-00386,21.0,Female,Delhi,North,Electronics,Headphones,1,2560.27,10.0,UPI,Delivered,2304.24
ORD-102017,2025-02-23,CUST-00243,20.0,Male,Chennai,South,Electronics,Smartphone,3,16170.8,15.0,UPI,Shipped,41235.54
ORD-102014,2025-11-07,CUST-00439,32.0,Female,Patna,East,Electronics,Laptop,1,53288.71,15.0,Cash on Delivery,Delivered,45295.4
ORD-100209,2025-05-06,CUST-00741,20.0,Male,Kolkata,East,Sports,Cricket Bat,1,2422.08,5.0,UPI,Delivered,2300.98
ORD-100462,2025-07-10,CUST-01011,26.0,Female,Ahmedabad,West,Fashion,Sneakers,1,2294.58,0.0,UPI,Delivered,2294.58
ORD-100439,2025-08-16,CUST-01169,37.0,Female,Mumbai,West,Home & Kitchen,Bedsheet Set,1,1238.14,10.0,UPI,Delivered,1114.33
ORD-102203,2025-11-23,CUST-00051,37.0,Male,Hyderabad,South,Home & Kitchen,Cookware Set,1,3456.8,0.0,Debit Card,Delivered,3456.8
ORD-101361,2025-02-07,CUST-00485,64.0,Female,Ahmedabad,West,Electronics,Headphones,1,2590.82,20.0,UPI,Delivered,2072.66
ORD-102126,2025-11-16,CUST-00589,63.0,Male,Mumbai,West,Fashion,Jeans,1,1534.61,20.0,UPI,Delivered,1227.69
ORD-102334,2025-12-24,CUST-00164,20.0,Female,Kolkata,East,Fashion,Jeans,1,1581.64,10.0,UPI,Returned,1423.48
ORD-102309,2025-11-20,CUST-00534,47.0,Male,Kolkata,East,Home & Kitchen,Bedsheet Set,1,1195.71,10.0,Credit Card,Delivered,1076.14
ORD-101071,2025-07-11,CUST-00032,63.0,Male,Chennai,South,Fashion,Dress,1,1200.38,0.0,UPI,Delivered,1200.38
ORD-102305,2025-01-14,CUST-00685,34.0,Male,Ahmedabad,West,Electronics,Headphones,1,2628.19,0.0,UPI,Delivered,2628.19
ORD-100523,2025-11-23,CUST-00910,36.0,Female,Delhi,North,Home & Kitchen,Bedsheet Set,1,1286.09,30.0,Wallet,Delivered,900.26
ORD-101654,2025-09-24,CUST-00612,28.0,Male,Pune,West,Electronics,Headphones,1,2514.3,20.0,Net Banking,Delivered,2011.44
ORD-101012,2025-09-16,CUST-01129,29.0,Male,Ahmedabad,West,Electronics,Smartphone,1,15626.01,0.0,UPI,Delivered,15626.01
ORD-100200,2025-02-27,CUST-00354,30.0,Female,Kolkata,East,Fashion,Jeans,1,1522.47,20.0,UPI,Delivered,1217.98
ORD-100230,2025-03-07,CUST-01137,57.0,Female,Pune,West,Fashion,Dress,1,1384.67,0.0,Net Banking,Shipped,1384.67
ORD-101798,2025-10-10,CUST-01028,32.0,Male,Lucknow,North,Electronics,Laptop,1,53092.63,15.0,UPI,Delivered,45128.74
ORD-102090,2025-11-01,CUST-00873,36.0,Male,Patna,East,Home & Kitchen,Mixer Grinder,1,4578.79,25.0,UPI,Delivered,3434.09
ORD-101624,2025-10-07,CUST-00214,18.0,Female,Kolkata,East,Electronics,Smartphone,1,14932.38,15.0,Cash on Delivery,Delivered,12692.52
ORD-101124,2025-03-18,CUST-00008,26.0,Female,Ahmedabad,West,Fashion,Sneakers,1,2454.08,,UPI,Delivered,1472.45
ORD-101534,2025-11-04,CUST-00254,40.0,Female,Pune,West,Fashion,Jeans,1,1393.13,15.0,Net Banking,Delivered,1184.16
ORD-100663,2025-02-05,CUST-00246,30.0,Female,Guwahati,East,Sports,Cricket Bat,2,2345.75,10.0,UPI,Delivered,4222.35
ORD-100316,2025-09-23,CUST-00451,44.0,Male,Mumbai,West,Fashion,Sneakers,3,2276.64,10.0,Credit Card,Delivered,6146.93
ORD-100408,2025-11-07,CUST-00393,55.0,Male,Bengaluru,South,Sports,Dumbbell Set,1,2091.89,0.0,Cash on Delivery,Delivered,2091.89
ORD-102172,2025-02-04,CUST-00005,42.0,Male,Patna,East,Fashion,Jacket,1,2848.88,5.0,Debit Card,Delivered,2706.44
ORD-102494,2025-05-23,CUST-01162,40.0,Female,Jaipur,North,Fashion,T-Shirt,1,626.12,15.0,UPI,Delivered,532.2
ORD-100070,2025-10-13,CUST-00185,23.0,Female,Delhi,North,Electronics,Smartwatch,1,5333.99,0.0,UPI,Delivered,5333.99
ORD-102283,2025-04-04,CUST-00407,33.0,Female,Kolkata,East,Fashion,Sneakers,2,2480.29,10.0,Credit Card,Delivered,4464.52
ORD-101833,2025-11-25,CUST-00480,20.0,Male,Patna,East,Home & Kitchen,Cookware Set,1,3645.07,5.0,Cash on Delivery,Delivered,3462.82
ORD-101821,2025-11-25,CUST-00814,31.0,Male,Delhi,North,Electronics,Laptop,2,51541.22,5.0,UPI,Delivered,97928.32
ORD-101134,2025-11-03,CUST-00848,28.0,Male,Mumbai,West,Beauty,Perfume,1,1822.2,0.0,Debit Card,Delivered,1822.2
ORD-101702,2025-01-13,CUST-00269,63.0,Female,Chennai,South,Fashion,Sneakers,2,2299.4,0.0,UPI,Delivered,4598.8
ORD-100658,2025-03-09,CUST-01146,35.0,Female,Mumbai,West,Sports,Badminton Racket,1,1331.12,5.0,Credit Card,Delivered,1264.56
ORD-100232,2025-05-13,CUST-00661,44.0,Male,Hyderabad,South,Electronics,Smartphone,1,17201.95,0.0,UPI,Delivered,17201.95
ORD-101396,2025-06-27,CUST-00109,22.0,Male,Bengaluru,South,Fashion,Jeans,1,1417.88,10.0,Net Banking,Delivered,1276.09
ORD-101652,2025-12-21,CUST-00228,53.0,Female,Mumbai,West,Beauty,Perfume,1,2041.25,15.0,Cash on Delivery,Delivered,1735.06
ORD-100757,2025-11-26,CUST-00909,28.0,Female,Bengaluru,South,Fashion,Jacket,1,2818.78,0.0,Net Banking,Shipped,2818.78
ORD-100813,2025-12-04,CUST-00168,23.0,Male,Ahmedabad,West,Beauty,Perfume,1,1752.49,10.0,Net Banking,Delivered,1577.24
ORD-100874,2025-03-11,CUST-01056,48.0,Male,Hyderabad,South,Sports,Dumbbell Set,1,2152.96,5.0,Net Banking,Delivered,2045.31
ORD-101612,2025-10-02,CUST-00549,37.0,Male,Mumbai,West,Fashion,T-Shirt,1,571.68,30.0,Wallet,Delivered,400.18
ORD-101100,2025-07-18,CUST-00166,59.0,Female,Mumbai,West,Electronics,Smartwatch,1,4995.42,5.0,UPI,Delivered,4745.65
ORD-100423,2025-01-14,CUST-00661,56.0,Male,Ahmedabad,West,Electronics,Headphones,2,2385.08,5.0,Credit Card,Delivered,4531.65
ORD-102351,2025-04-04,CUST-00438,49.0,Male,Patna,East,Home & Kitchen,Air Fryer,1,7379.69,10.0,UPI,Delivered,6641.72
ORD-101448,2025-03-07,CUST-00094,57.0,Female,Delhi,North,Beauty,Perfume,1,1773.58,15.0,Debit Card,Shipped,1507.54
ORD-101264,2025-03-14,CUST-00673,49.0,Male,Pune,West,Home & Kitchen,Bedsheet Set,1,1178.05,10.0,UPI,Delivered,1060.24
ORD-100280,2025-01-13,CUST-00105,47.0,Male,Patna,East,Sports,Cricket Bat,1,2646.58,25.0,UPI,Delivered,1984.93
ORD-100464,2025-12-11,CUST-00811,19.0,Female,Kolkata,East,Fashion,T-Shirt,1,630.43,25.0,Credit Card,Delivered,472.82
ORD-101917,2025-02-10,CUST-00150,34.0,Female,Hyderabad,South,Home & Kitchen,Bedsheet Set,1,1242.15,5.0,Cash on Delivery,Delivered,1180.04
ORD-102012,2025-11-25,CUST-00584,61.0,Male,Bengaluru,South,Electronics,Tablet,1,17732.05,5.0,Credit Card,Delivered,16845.45
ORD-101989,2025-07-09,CUST-00618,25.0,Female,Ahmedabad,West,Beauty,Skincare Kit,1,1568.55,0.0,Net Banking,Delivered,1568.55
ORD-101190,2025-07-28,CUST-00917,59.0,Female,Mumbai,West,Fashion,Dress,1,1296.11,15.0,UPI,Delivered,1101.69
ORD-100323,2025-04-25,CUST-00777,44.0,Male,Bengaluru,South,Fashion,Jacket,1,3021.87,0.0,Cash on Delivery,Shipped,3021.87
ORD-101738,2025-11-15,CUST-00426,50.0,Male,Jaipur,North,Electronics,Headphones,1,2553.8,10.0,UPI,Delivered,2298.42
ORD-100533,2025-04-01,CUST-00685,19.0,Female,Patna,East,Electronics,Smartwatch,1,5009.97,10.0,UPI,Delivered,4508.97
ORD-100545,2025-06-19,CUST-00560,61.0,Female,Pune,West,Electronics,Headphones,3,2492.31,0.0,Debit Card,Cancelled,7476.93
ORD-101594,2025-11-13,CUST-00231,26.0,Male,Ahmedabad,West,Fashion,Dress,2,1282.6,5.0,Debit Card,Delivered,2436.94
ORD-100822,2025-06-26,CUST-01090,23.0,Male,Bengaluru,South,Beauty,Perfume,1,2020.73,10.0,UPI,Delivered,1818.66
ORD-102174,2025-11-25,CUST-00281,53.0,Male,Patna,East,Electronics,Smartwatch,2,4901.03,25.0,Wallet,Cancelled,7351.55
ORD-102277,2025-11-14,CUST-01123,65.0,Male,Delhi,North,Electronics,Tablet,1,18298.65,15.0,UPI,Delivered,15553.85
ORD-100480,2025-12-14,CUST-00892,26.0,Female,Patna,East,Beauty,Hair Dryer,2,1765.0,20.0,Credit Card,Delivered,2824.0
ORD-101531,2025-10-08,CUST-00493,59.0,Male,Patna,East,Electronics,Laptop,2,52866.87,10.0,UPI,Delivered,95160.37
ORD-101773,2025-05-09,CUST-00142,21.0,Female,Bengaluru,South,Sports,Football,1,1158.03,0.0,Cash on Delivery,Shipped,1158.03
ORD-101499,2025-06-21,CUST-00613,65.0,Male,Patna,East,Beauty,Skincare Kit,1,1431.4,30.0,Net Banking,Delivered,1001.98
ORD-102386,2025-04-12,CUST-00282,41.0,Male,Mumbai,West,Fashion,T-Shirt,1,596.89,25.0,Debit Card,Delivered,447.67
ORD-101781,2025-06-07,CUST-00694,39.0,Male,Mumbai,West,Electronics,Smartwatch,1,5078.83,0.0,UPI,Delivered,5078.83
ORD-100655,2025-12-23,CUST-00647,65.0,Female,Guwahati,East,Electronics,Headphones,1,2575.99,5.0,UPI,Delivered,2447.19
ORD-100150,2025-10-21,CUST-00255,61.0,Female,Bengaluru,South,Electronics,Headphones,1,2373.2,10.0,UPI,Delivered,2135.88
ORD-101217,2025-10-06,CUST-00318,38.0,Male,Guwahati,East,Beauty,Perfume,1,1884.06,0.0,UPI,Delivered,1884.06
ORD-100696,2025-01-08,CUST-00573,28.0,Female,Mumbai,West,Fashion,Dress,1,1365.46,0.0,Credit Card,Delivered,1365.46
ORD-101365,2025-03-14,CUST-00253,55.0,Male,Ahmedabad,West,Fashion,Jeans,1,1484.99,0.0,UPI,Delivered,1484.99
ORD-101886,2025-10-19,CUST-01085,24.0,Female,Patna,East,Fashion,Jeans,1,1495.23,40.0,UPI,Delivered,897.14
ORD-100472,2025-01-11,CUST-00894,47.0,Female,Delhi,North,Home & Kitchen,Mixer Grinder,2,3970.66,10.0,Net Banking,Delivered,7147.19
ORD-100830,2025-09-24,CUST-00474,31.0,Female,Guwahati,East,Sports,Football,1,1162.29,30.0,UPI,Delivered,813.6
ORD-102141,2025-05-27,CUST-01130,34.0,Male,Patna,East,Beauty,Skincare Kit,2,1545.06,0.0,Debit Card,Delivered,3090.12
ORD-101715,2025-07-23,CUST-01195,59.0,Female,Ahmedabad,West,Fashion,Dress,1,1362.13,15.0,UPI,Cancelled,1157.81
ORD-102322,2025-01-02,CUST-00983,29.0,Female,Mumbai,West,Home & Kitchen,Cookware Set,1,3519.92,5.0,Credit Card,Shipped,3343.92
ORD-100164,2025-11-20,CUST-01110,24.0,Female,Hyderabad,South,Electronics,Tablet,1,19164.02,15.0,Credit Card,Delivered,16289.42
ORD-100403,2025-04-18,CUST-00966,61.0,Female,Pune,West,Home & Kitchen,Mixer Grinder,1,4050.07,0.0,UPI,Delivered,4050.07
ORD-100483,2025-05-21,CUST-01194,30.0,Male,Chennai,South,Electronics,Laptop,4,51248.11,0.0,UPI,Delivered,204992.44
ORD-101311,2025-01-10,CUST-00591,28.0,Female,Patna,East,Electronics,Tablet,1,19301.23,25.0,Cash on Delivery,Delivered,14475.92
ORD-101406,2025-10-27,CUST-00234,57.0,Male,Pune,West,Fashion,Jacket,1,2876.83,10.0,Cash on Delivery,Delivered,2589.15
ORD-102005,2025-02-24,CUST-00111,29.0,Female,Mumbai,West,Fashion,Sneakers,1,2458.12,20.0,UPI,Delivered,1966.5
ORD-102045,2025-04-18,CUST-00627,47.0,Female,Chennai,South,Electronics,Smartwatch,1,5213.95,15.0,UPI,Delivered,4431.86
ORD-102458,2025-08-06,CUST-00072,52.0,Male,Patna,East,Home & Kitchen,Table Lamp,1,900.85,40.0,Credit Card,Delivered,540.51
ORD-100901,2025-03-07,CUST-01005,59.0,Male,Hyderabad,South,Home & Kitchen,Table Lamp,1,929.0,10.0,Cash on Delivery,Delivered,836.1
ORD-101352,2025-05-20,CUST-00848,44.0,Female,Jaipur,North,Electronics,Headphones,1,2474.91,0.0,Credit Card,Delivered,2474.91
ORD-100050,2025-12-24,CUST-01003,54.0,Male,Guwahati,East,Fashion,Jeans,4,1413.04,10.0,UPI,Delivered,5086.94
ORD-100068,2025-06-09,CUST-00036,33.0,Male,Delhi,North,Fashion,T-Shirt,1,633.77,0.0,Credit Card,Delivered,633.77
ORD-100742,2025-08-15,CUST-00819,36.0,Female,Chennai,South,Beauty,Skincare Kit,3,1588.07,0.0,UPI,Delivered,4764.21
ORD-101394,2025-11-03,CUST-00502,18.0,Female,Mumbai,West,Fashion,Dress,1,1315.08,5.0,Cash on Delivery,Delivered,1249.33
ORD-100528,2025-09-26,CUST-01055,51.0,Female,Pune,West,Fashion,Dress,1,1353.1,10.0,Credit Card,Delivered,1217.79
ORD-100049,2025-05-22,CUST-00561,25.0,Male,Kolkata,East,Home & Kitchen,Cookware Set,1,3577.88,0.0,UPI,Delivered,3577.88
ORD-101622,2025-07-05,CUST-00231,21.0,Male,Chennai,South,Electronics,Smartphone,2,14770.27,10.0,Credit Card,Delivered,26586.49
ORD-100942,2025-08-14,CUST-00521,57.0,Female,Bengaluru,South,Home & Kitchen,Mixer Grinder,1,4288.88,15.0,Debit Card,Delivered,3645.55
ORD-101076,2025-07-09,CUST-00576,30.0,Female,Lucknow,North,Electronics,Tablet,1,17864.45,0.0,Credit Card,Delivered,17864.45
ORD-102002,2025-09-14,CUST-01140,19.0,Male,Lucknow,North,Electronics,Tablet,1,17687.64,0.0,Cash on Delivery,Delivered,17687.64
ORD-100125,2025-07-13,CUST-00270,56.0,Female,Jaipur,North,Electronics,Headphones,1,2436.68,0.0,Net Banking,Delivered,2436.68
ORD-100127,2025-05-20,CUST-01125,25.0,Female,Delhi,North,Sports,Yoga Mat,2,842.14,0.0,UPI,Delivered,1684.28
ORD-101755,2025-04-05,CUST-01078,62.0,Female,Hyderabad,South,Electronics,Smartphone,1,16977.41,15.0,,Shipped,14430.8
ORD-102361,2025-11-09,CUST-00384,63.0,Male,Lucknow,North,Sports,Dumbbell Set,1,2118.66,25.0,Credit Card,Delivered,1588.99
ORD-101072,2025-08-15,CUST-00543,52.0,Female,Chennai,South,Home & Kitchen,Bedsheet Set,1,1224.3,5.0,Cash on Delivery,Delivered,1163.08
ORD-101079,2025-07-18,CUST-00892,55.0,Male,Ahmedabad,West,Sports,Badminton Racket,2,1467.34,5.0,Credit Card,Delivered,2787.95
ORD-100026,2025-05-12,CUST-00772,45.0,Male,Guwahati,East,Fashion,Jacket,2,2594.55,0.0,UPI,Delivered,5189.1
ORD-102400,2025-11-27,CUST-00740,54.0,Male,Ahmedabad,West,Beauty,Skincare Kit,1,1557.24,10.0,Cash on Delivery,Delivered,1401.52
ORD-101718,2025-10-05,CUST-00367,53.0,Female,Delhi,North,Beauty,Hair Dryer,1,1882.6,0.0,Net Banking,Delivered,1882.6
ORD-102486,2025-08-12,CUST-00815,65.0,Female,Hyderabad,South,Fashion,Dress,1,1343.19,15.0,Credit Card,Shipped,1141.71
ORD-101558,2025-06-20,CUST-00322,49.0,Male,Ahmedabad,West,Electronics,Smartphone,1,17137.34,0.0,UPI,Cancelled,17137.34
ORD-101601,2025-04-16,CUST-00744,37.0,Male,Jaipur,North,Electronics,Smartphone,1,16019.8,20.0,UPI,Delivered,12815.84
ORD-101205,2025-11-09,CUST-00001,29.0,Female,Lucknow,North,Sports,Cricket Bat,2,2354.62,20.0,UPI,Delivered,3767.39
ORD-102097,2025-07-13,CUST-00583,47.0,Male,Guwahati,East,Electronics,Smartwatch,1,5064.45,25.0,Cash on Delivery,Delivered,3798.34
ORD-101510,2025-05-20,CUST-00333,19.0,Female,Jaipur,North,Electronics,Smartwatch,1,5099.36,0.0,Wallet,Delivered,5099.36
ORD-102420,2025-04-09,CUST-00946,53.0,Female,Lucknow,North,Beauty,Skincare Kit,1,1485.07,0.0,Debit Card,Returned,1485.07
ORD-101164,2025-03-01,CUST-00637,22.0,Male,Guwahati,East,Home & Kitchen,Air Fryer,1,8073.94,15.0,Net Banking,Delivered,6862.85
ORD-100362,2025-07-05,CUST-00447,22.0,Male,Delhi,North,Electronics,Headphones,1,2320.98,0.0,Credit Card,Delivered,2320.98
ORD-101850,2025-06-02,CUST-00292,29.0,Male,Guwahati,East,Beauty,Makeup Set,1,1056.46,25.0,Credit Card,Returned,792.35
ORD-102046,2025-06-22,CUST-00341,36.0,Female,Chennai,South,Home & Kitchen,Table Lamp,1,903.82,0.0,UPI,Delivered,903.82
ORD-101382,2025-05-10,CUST-00332,22.0,Male,Chennai,South,Fashion,Sneakers,2,2460.03,0.0,UPI,Delivered,4920.06
ORD-101861,2025-08-22,CUST-01024,20.0,Female,Pune,West,Home & Kitchen,Bedsheet Set,1,1238.44,15.0,UPI,Cancelled,1052.67
ORD-101703,2025-11-24,CUST-00107,23.0,Female,Kolkata,East,Electronics,Laptop,1,50656.93,10.0,Debit Card,Shipped,45591.24
ORD-101274,2025-01-07,CUST-00714,55.0,Female,Guwahati,East,Beauty,Perfume,3,2038.68,15.0,Net Banking,Delivered,5198.63
ORD-101608,2025-09-17,CUST-00552,30.0,Male,Ahmedabad,West,Fashion,T-Shirt,1,592.0,25.0,Credit Card,Delivered,444.0
ORD-102406,2025-11-06,CUST-00984,49.0,Female,Mumbai,West,Fashion,T-Shirt,2,601.58,10.0,UPI,Returned,1082.84
ORD-101756,2025-03-09,CUST-00062,38.0,Male,Chennai,South,Electronics,Laptop,1,49495.52,20.0,Cash on Delivery,Delivered,39596.42
ORD-102304,2025-11-13,CUST-01200,19.0,Male,Jaipur,North,Beauty,Skincare Kit,2,1597.44,5.0,Cash on Delivery,Delivered,3035.14
ORD-100890,2025-03-23,CUST-00467,28.0,Female,Chennai,South,Fashion,Jeans,1,1503.06,15.0,UPI,Delivered,1277.6
ORD-100837,2025-04-16,CUST-00932,58.0,Female,Bengaluru,South,Electronics,Smartwatch,1,5368.83,10.0,UPI,Delivered,4831.95
ORD-102356,2025-02-17,CUST-00843,30.0,Male,Lucknow,North,Electronics,Smartphone,3,16698.32,10.0,Debit Card,Delivered,45085.46
ORD-101002,2025-09-24,CUST-00694,38.0,Female,Ahmedabad,West,Electronics,Smartwatch,1,5012.4,10.0,UPI,Delivered,4511.16
ORD-100241,2025-10-21,CUST-00204,58.0,Female,Guwahati,East,Fashion,Jeans,1,1590.53,15.0,Cash on Delivery,Delivered,1351.95
ORD-101126,2025-02-06,CUST-00377,45.0,Male,Patna,East,Beauty,Perfume,1,1985.07,10.0,Cash on Delivery,Delivered,1786.56
ORD-101789,2025-01-21,CUST-00536,46.0,Female,Mumbai,West,Electronics,Tablet,2,18145.69,15.0,UPI,Delivered,30847.67
ORD-100071,2025-08-07,CUST-01195,59.0,Male,Guwahati,East,Home & Kitchen,Air Fryer,1,8451.26,15.0,UPI,Delivered,7183.57
ORD-101641,2025-11-03,CUST-00646,42.0,Female,Mumbai,West,Fashion,Jeans,2,1408.08,0.0,Credit Card,Delivered,2816.16
ORD-101454,2025-04-03,CUST-00413,23.0,Female,Kolkata,East,Electronics,Tablet,1,17675.08,10.0,UPI,Cancelled,15907.57
ORD-100602,2025-07-08,CUST-00700,56.0,Male,Ahmedabad,West,Electronics,Smartphone,1,15773.54,25.0,UPI,Delivered,11830.16
ORD-100074,2025-02-17,CUST-00665,65.0,Female,Kolkata,East,Electronics,Smartwatch,1,5004.83,40.0,UPI,Delivered,3002.9
ORD-101186,2025-12-20,CUST-00481,64.0,Female,Jaipur,North,Home & Kitchen,Table Lamp,4,967.41,10.0,UPI,Delivered,3482.68
ORD-100351,2025-04-12,CUST-00522,21.0,Male,Pune,West,Fashion,Dress,1,1240.78,20.0,Credit Card,Delivered,992.62
ORD-102489,2025-12-16,CUST-00249,46.0,Female,Delhi,North,Fashion,Jeans,1,1565.44,40.0,UPI,Delivered,939.26
ORD-101462,2025-07-13,CUST-01085,27.0,Female,Kolkata,East,Fashion,T-Shirt,1,558.18,5.0,UPI,Delivered,530.27
ORD-101619,2025-10-02,CUST-01195,57.0,Male,Patna,East,Fashion,Sneakers,1,2386.61,0.0,Wallet,Delivered,2386.61
ORD-102271,2025-05-14,CUST-00215,56.0,Male,Pune,West,Sports,Badminton Racket,1,1491.2,15.0,UPI,Delivered,1267.52
ORD-101736,2025-08-10,CUST-00130,26.0,Male,Mumbai,West,Fashion,Jeans,1,1581.98,10.0,UPI,Delivered,1423.78
ORD-102262,2025-10-19,CUST-00718,36.0,Female,Ahmedabad,West,Fashion,Jeans,2,1399.96,10.0,Net Banking,Delivered,2519.93
ORD-100077,2025-12-22,CUST-00927,60.0,Male,Hyderabad,South,Fashion,Dress,1,1360.53,10.0,UPI,Delivered,1224.48
ORD-100433,2025-07-11,CUST-01036,42.0,Female,Hyderabad,South,Sports,Yoga Mat,1,861.57,0.0,Net Banking,Delivered,861.57
ORD-101937,2025-04-12,CUST-00872,27.0,Female,Mumbai,West,Home & Kitchen,Mixer Grinder,1,4236.83,10.0,Wallet,Delivered,3813.15
ORD-102013,2025-03-12,CUST-01048,59.0,Female,Jaipur,North,Electronics,Headphones,3,2350.1,20.0,UPI,Delivered,5640.24
ORD-100158,2025-01-25,CUST-00882,60.0,Male,Ahmedabad,West,Fashion,Sneakers,1,2390.85,5.0,Cash on Delivery,Delivered,2271.31
ORD-101286,2025-08-14,CUST-00485,45.0,Female,Mumbai,West,Sports,Cricket Bat,2,2501.49,0.0,Debit Card,Delivered,5002.98
ORD-101557,2025-01-12,CUST-00200,63.0,Male,Patna,East,Sports,Football,1,1058.56,10.0,Wallet,Delivered,952.7
ORD-102470,2025-02-13,CUST-00095,48.0,Male,Delhi,North,Electronics,Headphones,1,2402.06,0.0,UPI,Shipped,2402.06
ORD-100136,2025-12-02,CUST-01085,38.0,Female,Guwahati,East,Fashion,Sneakers,1,2137.27,20.0,Debit Card,Delivered,1709.82
ORD-102159,2025-02-02,CUST-00140,21.0,Male,Guwahati,East,Beauty,Hair Dryer,1,1697.58,10.0,Debit Card,Delivered,1527.82
ORD-102338,2025-05-01,CUST-00336,33.0,Female,Ahmedabad,West,Beauty,Perfume,1,1867.23,15.0,Debit Card,Delivered,1587.15
ORD-102184,2025-09-06,CUST-00722,42.0,Male,Patna,East,Sports,Badminton Racket,1,1344.68,5.0,Net Banking,Delivered,1277.45
ORD-100904,2025-11-06,CUST-00707,55.0,Female,Mumbai,West,Electronics,Smartphone,1,16683.64,15.0,Net Banking,Delivered,14181.09
ORD-100857,2025-10-12,CUST-01142,55.0,Male,Ahmedabad,West,Fashion,Sneakers,1,2127.69,10.0,UPI,Delivered,1914.92
ORD-100052,2025-11-07,CUST-01058,34.0,Female,Chennai,South,Home & Kitchen,Bedsheet Set,1,1249.44,0.0,UPI,Delivered,1249.44
ORD-101927,2025-11-22,CUST-01003,40.0,Male,Patna,East,Fashion,Sneakers,2,2368.6,5.0,Credit Card,Delivered,4500.34
ORD-100496,2025-11-08,CUST-01149,62.0,Female,Hyderabad,South,Fashion,Jacket,1,2577.7,10.0,Cash on Delivery,Delivered,2319.93
ORD-102070,2025-10-12,CUST-00599,39.0,Female,Patna,East,Sports,Dumbbell Set,1,1953.08,15.0,Cash on Delivery,Returned,1660.12
ORD-100648,2025-04-20,CUST-01053,33.0,Male,Pune,West,Home & Kitchen,Air Fryer,1,8582.0,25.0,UPI,Returned,6436.5
ORD-101704,2025-11-26,CUST-00945,39.0,Female,Lucknow,North,Electronics,Headphones,1,2427.72,0.0,Cash on Delivery,Delivered,2427.72
ORD-100290,2025-12-15,CUST-00174,24.0,Male,Bengaluru,South,Electronics,Tablet,1,17654.46,0.0,Debit Card,Shipped,17654.46
ORD-101620,2025-11-22,CUST-01058,39.0,Male,Bengaluru,South,Beauty,Hair Dryer,1,1895.08,10.0,Debit Card,Delivered,1705.57
ORD-102253,2025-01-02,CUST-01081,29.0,Male,Jaipur,North,Beauty,Makeup Set,1,1069.99,15.0,UPI,Delivered,909.49
ORD-102280,2025-04-05,CUST-00423,59.0,Male,Jaipur,North,Fashion,Jeans,1,1460.94,15.0,UPI,Delivered,1241.8
ORD-101627,2025-10-23,CUST-00597,63.0,Female,Pune,West,Beauty,Skincare Kit,1,1475.27,30.0,UPI,Delivered,1032.69
ORD-101314,2025-09-05,CUST-00522,21.0,Female,Kolkata,East,Fashion,Jacket,1,2853.47,15.0,Cash on Delivery,Shipped,2425.45
ORD-100943,2025-09-06,CUST-00965,18.0,Male,Lucknow,North,Electronics,Smartwatch,2,4947.07,10.0,Wallet,Delivered,8904.73
ORD-101771,2025-10-11,CUST-00961,40.0,Female,Delhi,North,Fashion,Sneakers,1,2431.55,15.0,Credit Card,Delivered,2066.82
ORD-101985,2025-03-05,CUST-00355,30.0,Male,Delhi,North,Electronics,Laptop,1,52595.42,0.0,Net Banking,Delivered,52595.42
ORD-100292,2025-11-26,CUST-00753,34.0,Female,Ahmedabad,West,Home & Kitchen,Bedsheet Set,1,1103.77,0.0,UPI,Delivered,1103.77
ORD-101747,2025-11-01,CUST-00063,61.0,Female,Ahmedabad,West,Fashion,Sneakers,2,2203.74,30.0,Credit Card,Delivered,3085.24
ORD-101090,2025-07-25,CUST-00757,63.0,Female,Bengaluru,South,Electronics,Headphones,1,2370.54,5.0,UPI,Delivered,2252.01
ORD-100124,2025-11-09,CUST-00949,47.0,Male,Hyderabad,South,Electronics,Tablet,1,19576.95,0.0,Debit Card,Delivered,19576.95
ORD-101685,2025-06-16,CUST-00655,59.0,Male,Mumbai,West,Electronics,Laptop,1,49015.76,30.0,Net Banking,Delivered,34311.03
ORD-100858,2025-10-13,CUST-01084,31.0,Female,Bengaluru,South,Beauty,Perfume,1,1925.07,10.0,Cash on Delivery,Delivered,1732.56
ORD-100407,2025-09-05,CUST-00135,49.0,Female,Lucknow,North,Sports,Badminton Racket,2,1349.45,15.0,UPI,Delivered,2294.07
ORD-101438,2025-01-01,CUST-00532,41.0,Male,Chennai,South,Electronics,Tablet,1,18467.53,30.0,UPI,Delivered,12927.27
ORD-100638,2025-01-02,CUST-00611,36.0,Male,Delhi,North,Fashion,Sneakers,3,2117.1,15.0,UPI,Cancelled,5398.6
ORD-100708,2025-03-25,CUST-00546,51.0,Female,Patna,East,Home & Kitchen,Cookware Set,1,3501.75,0.0,UPI,Cancelled,3501.75
ORD-100498,2025-07-04,CUST-01106,28.0,Male,Chennai,South,Electronics,Laptop,1,56758.49,0.0,Debit Card,Delivered,56758.49
ORD-100970,2025-02-14,CUST-00139,26.0,Male,Ahmedabad,West,Home & Kitchen,Bedsheet Set,2,1145.88,15.0,UPI,Delivered,1948.0
ORD-100343,2025-04-03,CUST-00445,64.0,Female,Patna,East,Electronics,Headphones,1,2433.82,15.0,Debit Card,Cancelled,2068.75
ORD-102340,2025-06-24,CUST-00352,53.0,Male,Lucknow,North,Beauty,Skincare Kit,1,1438.22,25.0,Credit Card,Delivered,1078.66
ORD-100300,2025-05-13,CUST-01035,41.0,Male,Hyderabad,South,Home & Kitchen,Air Fryer,1,7982.34,30.0,Cash on Delivery,Delivered,5587.64
ORD-101928,2025-09-23,CUST-00102,28.0,Female,Jaipur,North,Home & Kitchen,Table Lamp,1,940.6,10.0,Net Banking,Delivered,846.54
ORD-100565,2025-09-05,CUST-00758,46.0,Male,Mumbai,West,Fashion,T-Shirt,1,632.17,0.0,Cash on Delivery,Delivered,632.17
ORD-102443,2025-08-18,CUST-00961,44.0,Male,Kolkata,East,Fashion,Jeans,1,1522.85,10.0,Debit Card,Delivered,1370.57
ORD-100612,2025-06-11,CUST-00799,56.0,Female,Bengaluru,South,Electronics,Laptop,1,49043.91,5.0,Cash on Delivery,Delivered,46591.71
ORD-101197,2025-07-12,CUST-00108,48.0,Male,Delhi,North,Beauty,Hair Dryer,1,1714.32,20.0,UPI,Delivered,1371.46
ORD-100221,2025-03-04,CUST-00315,54.0,Female,Jaipur,North,Beauty,Makeup Set,2,1035.08,0.0,Debit Card,Delivered,2070.16
ORD-102358,2025-02-04,CUST-00602,37.0,Female,Jaipur,North,Home & Kitchen,Bedsheet Set,1,1187.31,10.0,Net Banking,Delivered,1068.58
ORD-102204,2025-05-19,CUST-01147,31.0,Male,Chennai,South,Fashion,Jacket,2,2876.02,5.0,Cash on Delivery,Delivered,5464.44
ORD-102120,2025-02-15,CUST-00290,24.0,Male,Lucknow,North,Home & Kitchen,Cookware Set,1,3697.4,10.0,UPI,Delivered,3327.66
ORD-100085,2025-04-05,CUST-00134,54.0,Female,Guwahati,East,Electronics,Smartphone,1,16600.89,5.0,UPI,Delivered,15770.85
ORD-102231,2025-06-16,CUST-00139,53.0,Male,Ahmedabad,West,Fashion,Dress,1,1242.67,10.0,Credit Card,Delivered,1118.4
ORD-100267,2025-08-20,CUST-00945,40.0,Male,Kolkata,East,Fashion,Jeans,1,1428.88,10.0,Net Banking,Delivered,1285.99
ORD-100555,2025-06-28,CUST-00324,58.0,Male,Hyderabad,South,Electronics,Smartphone,1,15076.44,10.0,UPI,Delivered,13568.8
ORD-100291,2025-01-06,CUST-00683,62.0,Female,Kolkata,East,Fashion,Sneakers,1,2257.82,10.0,UPI,Delivered,2032.04
ORD-102247,2025-07-08,CUST-00250,46.0,Female,Jaipur,North,Fashion,Jeans,2,1603.09,10.0,Cash on Delivery,Delivered,2885.56
ORD-101269,2025-07-27,CUST-00271,36.0,Female,Patna,East,Sports,Cricket Bat,2,2632.3,30.0,Debit Card,Delivered,3685.22
ORD-100417,2025-02-23,CUST-00651,54.0,Male,Delhi,North,Fashion,Sneakers,1,2405.89,20.0,Wallet,Delivered,1924.71
ORD-100473,2025-09-04,CUST-00833,26.0,Male,Ahmedabad,West,Beauty,Skincare Kit,1,1461.71,20.0,Credit Card,Delivered,1169.37
ORD-102426,2025-02-09,CUST-00656,32.0,Male,Jaipur,North,Home & Kitchen,Table Lamp,2,962.72,5.0,Cash on Delivery,Delivered,1829.17
ORD-102068,2025-01-01,CUST-00462,39.0,Female,Hyderabad,South,Electronics,Smartwatch,1,5336.44,20.0,Net Banking,Delivered,4269.15
ORD-102431,2025-10-12,CUST-00774,20.0,Male,Kolkata,East,Electronics,Smartwatch,1,5168.76,15.0,Cash on Delivery,Returned,4393.45
ORD-100842,2025-10-10,CUST-00485,65.0,Male,Patna,East,Beauty,Perfume,1,1910.93,25.0,UPI,Delivered,1433.2
ORD-101584,2025-09-07,CUST-01138,33.0,Male,Jaipur,North,Fashion,T-Shirt,2,555.59,10.0,Credit Card,Delivered,1000.06
ORD-100379,2025-03-13,CUST-01187,37.0,Female,Mumbai,West,Fashion,Jacket,2,2752.59,15.0,UPI,Delivered,4679.4
ORD-101930,2025-01-12,CUST-00855,19.0,Male,Jaipur,North,Electronics,Headphones,3,2626.05,0.0,Credit Card,Delivered,7878.15
ORD-100279,2025-04-07,CUST-00782,26.0,Female,Bengaluru,South,Home & Kitchen,Table Lamp,1,954.06,5.0,Credit Card,Delivered,906.36
ORD-101302,2025-10-05,CUST-00224,45.0,Female,Ahmedabad,West,Fashion,Dress,1,1323.1,15.0,Debit Card,Delivered,1124.63
ORD-101518,2025-07-08,CUST-00705,26.0,Male,Jaipur,North,Home & Kitchen,Air Fryer,2,8105.19,0.0,Cash on Delivery,Delivered,16210.38
ORD-101693,2025-11-12,CUST-00626,57.0,Male,Mumbai,West,Fashion,Jacket,1,2837.72,10.0,Cash on Delivery,Delivered,2553.95
ORD-100019,2025-05-06,CUST-00022,50.0,Male,Ahmedabad,West,Beauty,Perfume,1,1790.8,0.0,UPI,Delivered,1790.8
ORD-101949,2025-02-27,CUST-00203,24.0,Male,Guwahati,East,Home & Kitchen,Cookware Set,1,3357.25,5.0,Cash on Delivery,Delivered,3189.39
ORD-100811,2025-07-11,CUST-01082,53.0,Male,Pune,West,Home & Kitchen,Air Fryer,1,7696.89,10.0,UPI,Shipped,6927.2
ORD-100669,2025-02-08,CUST-00321,24.0,Male,Jaipur,North,Electronics,Smartwatch,3,5059.31,10.0,UPI,Delivered,13660.14
ORD-101487,2025-11-13,CUST-00641,37.0,Female,Pune,West,Sports,Cricket Bat,1,2496.16,5.0,Net Banking,Delivered,2371.35
ORD-101901,2025-07-15,CUST-00976,51.0,Male,Kolkata,East,Electronics,Smartwatch,1,4642.69,20.0,Cash on Delivery,Delivered,3714.15
ORD-101452,2025-09-16,CUST-00605,32.0,Female,Pune,West,Sports,Football,2,1109.37,0.0,UPI,Delivered,2218.74
ORD-101525,2025-12-26,CUST-00645,24.0,Male,Kolkata,East,Electronics,Smartwatch,1,4717.87,40.0,Net Banking,Returned,2830.72
ORD-100614,2025-02-01,CUST-00035,55.0,Female,Chennai,South,Electronics,Laptop,1,52612.4,15.0,UPI,Delivered,44720.54
ORD-100220,2025-10-27,CUST-00165,21.0,Female,Bengaluru,South,Sports,Dumbbell Set,1,1994.88,0.0,UPI,Delivered,1994.88
ORD-100644,2025-10-15,CUST-00473,56.0,Male,Lucknow,North,Fashion,Dress,4,1219.1,30.0,Cash on Delivery,Delivered,3413.48
ORD-101384,2025-04-19,CUST-00813,50.0,Male,Bengaluru,South,Fashion,Dress,2,1195.22,10.0,UPI,Delivered,2151.4
ORD-100304,2025-06-07,CUST-00449,25.0,Male,Hyderabad,South,Fashion,Jeans,2,1449.19,10.0,UPI,Delivered,2608.54
ORD-101764,2025-06-13,CUST-00319,54.0,Female,Bengaluru,South,Home & Kitchen,Bedsheet Set,1,1266.54,10.0,Debit Card,Cancelled,1139.89
ORD-100651,2025-10-16,CUST-00151,25.0,Female,Hyderabad,South,Sports,Badminton Racket,2,1453.68,25.0,Wallet,Delivered,2180.52
ORD-100737,2025-07-03,CUST-00600,19.0,Male,Ahmedabad,West,Fashion,Jeans,1,1422.17,15.0,Debit Card,Delivered,1208.84
ORD-101463,2025-11-20,CUST-01117,64.0,Male,Hyderabad,South,Home & Kitchen,Table Lamp,1,827.92,15.0,UPI,Delivered,703.73
ORD-101018,2025-04-15,CUST-00067,18.0,Male,Pune,West,Fashion,T-Shirt,1,614.41,10.0,Debit Card,Delivered,552.97
ORD-100652,2025-08-13,CUST-00214,42.0,Female,Ahmedabad,West,Beauty,Skincare Kit,1,1551.27,0.0,Credit Card,Delivered,1551.27
ORD-100917,2025-03-16,CUST-00618,56.0,Female,Kolkata,East,Home & Kitchen,Air Fryer,1,7647.64,0.0,Wallet,Delivered,7647.64
ORD-101536,2025-10-08,CUST-00652,21.0,Female,Jaipur,North,Beauty,Makeup Set,2,944.03,5.0,UPI,Delivered,1793.66
ORD-101339,2025-05-01,CUST-00514,23.0,Female,Lucknow,North,Beauty,Makeup Set,1,1016.94,0.0,Cash on Delivery,Delivered,1016.94
ORD-102112,2025-03-27,CUST-00087,26.0,Female,Delhi,North,Beauty,Hair Dryer,1,1729.96,5.0,Net Banking,Delivered,1643.46
ORD-101659,2025-01-10,CUST-00156,44.0,Female,Delhi,North,Fashion,Dress,1,1291.53,0.0,Cash on Delivery,Delivered,1291.53
ORD-101730,2025-11-07,CUST-00399,18.0,Female,Chennai,South,Fashion,Jeans,1,1579.14,10.0,UPI,Delivered,1421.23
ORD-100619,2025-03-16,CUST-00106,63.0,Male,Chennai,South,Fashion,Jeans,1,1470.12,25.0,Cash on Delivery,Delivered,1102.59
ORD-101138,2025-11-15,CUST-01160,42.0,Male,Delhi,North,Home & Kitchen,Table Lamp,1,864.19,15.0,Credit Card,Delivered,734.56
ORD-100193,2025-09-05,CUST-00990,19.0,Male,Ahmedabad,West,Electronics,Smartphone,1,14820.35,0.0,UPI,Delivered,14820.35
ORD-100175,2025-03-05,CUST-00926,35.0,Male,Kolkata,East,Home & Kitchen,Cookware Set,1,3752.69,10.0,UPI,Delivered,3377.42
ORD-101038,2025-07-11,CUST-00770,54.0,Male,Jaipur,North,Electronics,Smartphone,1,16817.23,10.0,Net Banking,Delivered,15135.51
ORD-100679,2025-09-04,CUST-00012,26.0,Female,Hyderabad,South,Fashion,T-Shirt,1,637.93,30.0,UPI,Delivered,446.55
ORD-101847,2025-04-06,CUST-00992,38.0,Female,Lucknow,North,Sports,Football,1,1057.89,10.0,UPI,Cancelled,952.1
ORD-102324,2025-06-02,CUST-00489,32.0,Male,Kolkata,East,Fashion,Jeans,1,1414.62,0.0,UPI,Delivered,1414.62
ORD-100835,2025-12-26,CUST-00887,65.0,Female,Bengaluru,South,Fashion,T-Shirt,2,554.55,10.0,UPI,Delivered,998.19
ORD-100129,2025-10-25,CUST-00466,44.0,Female,Ahmedabad,West,Beauty,Skincare Kit,2,1605.34,0.0,Cash on Delivery,Delivered,3210.68
ORD-100341,2025-03-06,CUST-00696,27.0,Male,Hyderabad,South,Beauty,Makeup Set,1,1033.69,5.0,Cash on Delivery,Delivered,982.01
ORD-102343,2025-04-12,CUST-01129,56.0,Male,Lucknow,North,Beauty,Makeup Set,2,969.0,40.0,UPI,Delivered,1162.8
ORD-101832,2025-08-01,CUST-00253,40.0,Male,Delhi,North,Beauty,Makeup Set,1,1020.51,10.0,UPI,Cancelled,918.46
ORD-101028,2025-10-25,CUST-00584,30.0,Female,Hyderabad,South,Home & Kitchen,Mixer Grinder,4,4614.83,20.0,Cash on Delivery,Delivered,14767.46
ORD-100308,2025-07-26,CUST-01159,44.0,Female,Mumbai,West,Sports,Cricket Bat,2,2667.89,10.0,UPI,Delivered,4802.2
ORD-100384,2025-08-04,CUST-00897,34.0,Male,Kolkata,East,Electronics,Smartphone,1,17217.21,15.0,UPI,Delivered,14634.63
ORD-102302,2025-05-19,CUST-00976,55.0,Female,Chennai,South,Electronics,Smartphone,1,15095.45,0.0,Net Banking,Delivered,15095.45
ORD-102326,2025-10-06,CUST-00902,44.0,Female,Ahmedabad,West,Home & Kitchen,Mixer Grinder,2,4432.66,0.0,Credit Card,Delivered,8865.32
ORD-102098,2025-01-08,CUST-00293,58.0,Female,Patna,East,Home & Kitchen,Table Lamp,2,878.14,5.0,UPI,Returned,1668.47
ORD-100178,2025-01-27,CUST-00230,44.0,Male,Ahmedabad,West,Sports,Dumbbell Set,1,2083.12,30.0,Net Banking,Returned,1458.18
ORD-100427,2025-07-08,CUST-00460,50.0,Male,Kolkata,East,Beauty,Makeup Set,1,958.17,15.0,Cash on Delivery,Delivered,814.44
ORD-101221,2025-10-11,CUST-00469,64.0,Female,Hyderabad,South,Sports,Cricket Bat,1,2436.24,30.0,Credit Card,Delivered,1705.37
ORD-101772,2025-12-03,CUST-00960,39.0,Female,Mumbai,West,Beauty,Hair Dryer,2,1851.3,15.0,,Shipped,3147.21
ORD-102475,2025-05-25,CUST-00392,47.0,Male,Kolkata,East,Home & Kitchen,Cookware Set,2,3541.13,0.0,Debit Card,Delivered,7082.26
ORD-100908,2025-02-24,CUST-00741,57.0,Female,Mumbai,West,Electronics,Headphones,1,2693.34,10.0,Credit Card,Cancelled,2424.01
ORD-100185,2025-06-13,CUST-01026,38.0,Male,Pune,West,Beauty,Skincare Kit,1,1521.43,0.0,Credit Card,Delivered,1521.43
ORD-101074,2025-09-21,CUST-01062,62.0,Female,Chennai,South,Home & Kitchen,Air Fryer,1,7612.25,20.0,,Delivered,6089.8
ORD-102016,2025-09-09,CUST-00963,19.0,Male,Ahmedabad,West,Sports,Yoga Mat,1,856.06,15.0,Net Banking,Delivered,727.65
ORD-101663,2025-06-27,CUST-00123,34.0,Female,Bengaluru,South,Beauty,Skincare Kit,1,1576.7,0.0,Cash on Delivery,Delivered,1576.7
ORD-102213,2025-03-26,CUST-01153,20.0,Female,Patna,East,Home & Kitchen,Mixer Grinder,1,4352.28,25.0,Credit Card,Cancelled,3264.21
ORD-101737,2025-07-14,CUST-00811,23.0,Female,Mumbai,West,Electronics,Smartwatch,1,4930.98,15.0,Debit Card,Delivered,4191.33
ORD-100791,2025-05-15,CUST-00278,23.0,Male,Delhi,North,Electronics,Smartwatch,2,4990.77,0.0,UPI,Delivered,9981.54
ORD-102307,2025-10-27,CUST-00151,41.0,Male,Ahmedabad,West,Fashion,Jeans,2,1385.78,0.0,UPI,Delivered,2771.56
ORD-100490,2025-04-24,CUST-00484,39.0,Female,Patna,East,Home & Kitchen,Table Lamp,1,861.31,20.0,UPI,Delivered,689.05
ORD-101211,2025-10-17,CUST-00737,19.0,Male,Patna,East,Electronics,Headphones,1,2417.63,5.0,UPI,Delivered,2296.75
ORD-101621,2025-03-19,CUST-00269,37.0,Female,Guwahati,East,Fashion,Sneakers,1,2444.68,0.0,Credit Card,Delivered,2444.68
ORD-102267,2025-08-01,CUST-00765,44.0,Female,Jaipur,North,Electronics,Laptop,4,52625.63,0.0,Cash on Delivery,Shipped,210502.52
ORD-101006,2025-03-21,CUST-00438,28.0,Male,Ahmedabad,West,Electronics,Smartwatch,1,4930.72,10.0,UPI,Delivered,4437.65
ORD-101671,2025-04-19,CUST-00571,61.0,Male,Bengaluru,South,Sports,Football,1,1106.13,15.0,Credit Card,Cancelled,940.21
ORD-101506,2025-03-03,CUST-00407,64.0,Female,Mumbai,West,Fashion,Jacket,1,2913.11,5.0,UPI,Delivered,2767.45
ORD-100991,2025-04-09,CUST-01138,22.0,Male,Bengaluru,South,Beauty,Skincare Kit,1,1609.83,5.0,Cash on Delivery,Delivered,1529.34
ORD-100119,2025-06-21,CUST-00126,50.0,Male,Hyderabad,South,Electronics,Smartwatch,2,4804.98,20.0,Net Banking,Delivered,7687.97
ORD-101577,2025-09-26,CUST-01044,31.0,Female,Jaipur,North,Home & Kitchen,Air Fryer,1,7839.24,0.0,Credit Card,Delivered,7839.24
ORD-100282,2025-11-26,CUST-01127,63.0,Male,Bengaluru,South,Sports,Cricket Bat,1,2332.49,5.0,UPI,Delivered,2215.87
ORD-102197,2025-04-21,CUST-00968,25.0,Female,Patna,East,Home & Kitchen,Mixer Grinder,1,4150.86,0.0,UPI,Delivered,4150.86
ORD-102030,2025-11-18,CUST-00049,50.0,Male,Patna,East,Electronics,Laptop,1,54049.37,40.0,Cash on Delivery,Shipped,32429.62
ORD-101862,2025-05-28,CUST-01002,37.0,Male,Patna,East,Sports,Badminton Racket,1,1500.58,15.0,Credit Card,Delivered,1275.49
ORD-100931,2025-10-15,CUST-00852,37.0,Male,Mumbai,West,Fashion,Jacket,2,2686.74,20.0,UPI,Delivered,4298.78
ORD-101387,2025-05-23,CUST-00236,21.0,Female,Jaipur,North,Home & Kitchen,Air Fryer,2,7555.71,25.0,UPI,Delivered,11333.57
ORD-102225,2025-08-03,CUST-00636,44.0,Female,Guwahati,East,Electronics,Tablet,1,19606.87,0.0,Cash on Delivery,Delivered,19606.87
ORD-100367,2025-09-19,CUST-00075,36.0,Male,Guwahati,East,Fashion,Jacket,1,2734.09,15.0,Credit Card,Delivered,2323.98
ORD-101375,2025-07-01,CUST-00332,56.0,Male,Ahmedabad,West,Electronics,Smartwatch,1,4933.76,5.0,Credit Card,Delivered,4687.07
ORD-100556,2025-12-28,CUST-00671,37.0,Female,Pune,West,Electronics,Smartphone,1,14936.25,5.0,UPI,Cancelled,14189.44
ORD-101129,2025-08-19,CUST-01057,18.0,Female,Patna,East,Home & Kitchen,Cookware Set,2,3750.4,15.0,Wallet,Shipped,6375.68
ORD-101296,2025-08-18,CUST-00053,61.0,Female,Delhi,North,Fashion,Jeans,1,1556.29,0.0,Debit Card,Delivered,1556.29
ORD-101305,2025-06-10,CUST-01059,22.0,Female,Guwahati,East,Electronics,Laptop,3,56063.39,0.0,Cash on Delivery,Delivered,168190.17
ORD-100204,2025-10-27,CUST-00563,35.0,Male,Jaipur,North,Beauty,Perfume,1,1859.0,10.0,UPI,Delivered,1673.1
ORD-101713,2025-07-23,CUST-01094,38.0,Male,Kolkata,East,Electronics,Headphones,1,2506.03,0.0,Credit Card,Delivered,2506.03
ORD-100121,2025-07-14,CUST-00807,25.0,Female,Patna,East,Electronics,Headphones,1,2650.44,5.0,Credit Card,Delivered,2517.92
ORD-100284,2025-07-19,CUST-00963,33.0,Male,Jaipur,North,Home & Kitchen,Cookware Set,1,3370.58,5.0,UPI,Delivered,3202.05
ORD-100576,2025-11-06,CUST-01015,53.0,Male,Pune,West,Fashion,Jeans,1,1483.85,30.0,Credit Card,Delivered,1038.69
ORD-101588,2025-09-17,CUST-00663,24.0,Male,Patna,East,Electronics,Tablet,1,20385.82,0.0,Debit Card,Delivered,20385.82
ORD-101546,2025-12-01,CUST-00964,,Male,Lucknow,North,Home & Kitchen,Air Fryer,1,8120.52,0.0,UPI,Cancelled,8120.52
ORD-100276,2025-04-04,CUST-00180,65.0,Female,Chennai,South,Beauty,Skincare Kit,1,1568.53,0.0,UPI,Delivered,1568.53
ORD-101732,2025-10-09,CUST-01083,38.0,Male,Mumbai,West,Fashion,Sneakers,2,2327.15,5.0,UPI,Delivered,4421.59
ORD-102380,2025-05-21,CUST-00434,47.0,Female,Ahmedabad,West,Home & Kitchen,Air Fryer,2,8267.01,0.0,Cash on Delivery,Delivered,16534.02
ORD-100361,2025-02-09,CUST-00084,24.0,Female,Mumbai,West,Home & Kitchen,Table Lamp,1,840.08,10.0,UPI,Delivered,756.07
ORD-101998,2025-06-07,CUST-00543,26.0,Male,Bengaluru,South,Electronics,Tablet,1,18506.46,0.0,Cash on Delivery,Delivered,18506.46
ORD-101538,2025-07-26,CUST-00068,30.0,Male,Bengaluru,South,Home & Kitchen,Mixer Grinder,1,4258.36,20.0,Cash on Delivery,Delivered,3406.69
ORD-101135,2025-10-17,CUST-00912,56.0,Female,Hyderabad,South,Home & Kitchen,Mixer Grinder,3,4280.25,25.0,Debit Card,Delivered,9630.56
ORD-100630,2025-10-17,CUST-00130,32.0,Female,Bengaluru,South,Beauty,Hair Dryer,1,1751.18,0.0,UPI,Shipped,1751.18
ORD-101567,2025-08-12,CUST-00723,21.0,Female,Patna,East,Sports,Yoga Mat,1,847.97,20.0,Cash on Delivery,Delivered,678.38
ORD-101988,2025-06-05,CUST-00346,58.0,Female,Chennai,South,Sports,Badminton Racket,2,1367.15,0.0,Debit Card,Delivered,2734.3
ORD-100287,2025-10-21,CUST-00580,33.0,Male,Lucknow,North,Beauty,Perfume,1,1928.94,5.0,UPI,Delivered,1832.49
ORD-101299,2025-06-18,CUST-00430,22.0,Male,Lucknow,North,Fashion,T-Shirt,1,617.97,10.0,UPI,Delivered,556.17
ORD-100839,2025-03-22,CUST-00018,55.0,Female,Mumbai,West,Sports,Badminton Racket,1,1440.93,0.0,Cash on Delivery,Returned,1440.93
ORD-101972,2025-07-24,CUST-00760,25.0,Male,Jaipur,North,Beauty,Hair Dryer,3,1875.88,15.0,Net Banking,Delivered,4783.49
ORD-100424,2025-06-04,CUST-00490,39.0,Male,Guwahati,East,Beauty,Perfume,1,1921.57,0.0,Debit Card,Shipped,1921.57
ORD-101835,2025-11-16,CUST-00951,61.0,Male,Patna,East,Home & Kitchen,Air Fryer,1,8311.69,0.0,Cash on Delivery,Shipped,8311.69
ORD-101280,2025-10-21,CUST-00855,38.0,Female,Bengaluru,South,Home & Kitchen,Air Fryer,1,7949.72,5.0,UPI,Delivered,7552.23
ORD-101611,2025-07-27,CUST-01152,35.0,Female,Hyderabad,South,Sports,Badminton Racket,1,1437.98,10.0,Credit Card,Delivered,1294.18
ORD-100875,2025-07-02,CUST-01067,53.0,Female,Delhi,North,Electronics,Smartwatch,1,5178.54,0.0,Debit Card,Cancelled,5178.54
ORD-100066,2025-08-06,CUST-00888,22.0,Male,Chennai,South,Electronics,Headphones,3,2504.09,10.0,UPI,Cancelled,6761.04
ORD-101670,2025-08-04,CUST-00368,19.0,Male,Delhi,North,Home & Kitchen,Table Lamp,1,848.05,5.0,Wallet,Delivered,805.65
ORD-101513,2025-02-01,CUST-01115,35.0,Male,Pune,West,Fashion,T-Shirt,4,628.59,0.0,UPI,Delivered,2514.36
ORD-101749,2025-02-21,CUST-00683,29.0,Male,Patna,East,Home & Kitchen,Cookware Set,1,3715.15,30.0,UPI,Delivered,2600.61
ORD-101995,2025-10-06,CUST-00857,43.0,Male,Jaipur,North,Electronics,Tablet,1,19167.36,15.0,Credit Card,Delivered,16292.26
ORD-100231,2025-09-18,CUST-00969,42.0,Male,Delhi,North,Home & Kitchen,Bedsheet Set,3,1215.42,20.0,UPI,Delivered,2917.01
ORD-101599,2025-06-18,CUST-00998,21.0,Female,Ahmedabad,West,Electronics,Smartphone,1,15577.3,0.0,Wallet,Delivered,15577.3
ORD-100788,2025-08-14,CUST-00507,39.0,Female,Mumbai,West,Fashion,Jeans,1,1617.03,25.0,UPI,Delivered,1212.77
ORD-101208,2025-05-28,CUST-00228,61.0,Female,Mumbai,West,Fashion,Jeans,1,1618.27,0.0,Wallet,Delivered,1618.27
ORD-100928,2025-09-20,CUST-00047,42.0,Male,Chennai,South,Beauty,Makeup Set,2,986.41,10.0,Debit Card,Delivered,1775.54
ORD-101357,2025-04-22,CUST-00006,50.0,Male,Bengaluru,South,Beauty,Hair Dryer,1,1876.87,5.0,UPI,Delivered,1783.03
ORD-100760,2025-11-02,CUST-00498,60.0,Male,Patna,East,Beauty,Hair Dryer,1,1806.33,20.0,Debit Card,Delivered,1445.06
ORD-101810,2025-05-09,CUST-01084,64.0,Male,Ahmedabad,West,Fashion,Jacket,1,2817.61,40.0,Credit Card,Delivered,1690.57
ORD-101095,2025-11-09,CUST-00381,20.0,Male,Hyderabad,South,Fashion,Jeans,1,1517.68,0.0,Cash on Delivery,Cancelled,1517.68
ORD-100375,2025-04-22,CUST-00486,36.0,Female,Guwahati,East,Home & Kitchen,Mixer Grinder,1,4287.69,30.0,Cash on Delivery,Shipped,3001.38
ORD-100790,2025-02-20,CUST-00200,19.0,Female,Patna,East,Home & Kitchen,Air Fryer,2,7674.22,0.0,Cash on Delivery,Delivered,15348.44
ORD-101551,2025-04-15,CUST-00849,39.0,Female,Mumbai,West,Home & Kitchen,Cookware Set,1,3331.36,20.0,Net Banking,Delivered,2665.09
ORD-101262,2025-11-12,CUST-00239,51.0,Male,Hyderabad,South,Beauty,Perfume,1,1799.32,5.0,Cash on Delivery,Delivered,1709.35
ORD-100298,2025-12-22,CUST-00216,41.0,Female,Ahmedabad,West,Electronics,Tablet,1,19429.62,15.0,Debit Card,Delivered,16515.18
ORD-100599,2025-12-28,CUST-00038,64.0,Female,Chennai,South,Beauty,Makeup Set,1,947.54,10.0,UPI,Delivered,852.79
ORD-102308,2025-07-28,CUST-00257,47.0,Female,Ahmedabad,West,Electronics,Laptop,1,49370.23,0.0,Debit Card,Delivered,49370.23
ORD-100100,2025-04-13,CUST-00349,59.0,Male,Mumbai,West,Home & Kitchen,Air Fryer,1,8109.02,10.0,,Delivered,7298.12
ORD-101791,2025-12-18,CUST-00744,47.0,Male,Hyderabad,South,Home & Kitchen,Mixer Grinder,2,4147.63,15.0,UPI,Delivered,7050.97
ORD-101929,2025-01-20,CUST-00486,56.0,Female,Lucknow,North,Home & Kitchen,Mixer Grinder,1,3976.69,15.0,Debit Card,Delivered,3380.19
ORD-101260,2025-07-07,CUST-00347,42.0,Female,Mumbai,West,Fashion,Jacket,1,2658.2,10.0,Net Banking,Delivered,2392.38
ORD-100530,2025-10-12,CUST-00414,43.0,Female,Kolkata,East,Beauty,Perfume,1,1858.35,0.0,Debit Card,Delivered,1858.35
ORD-101259,2025-07-15,CUST-01145,27.0,Female,Chennai,South,Electronics,Tablet,1,19336.32,15.0,UPI,Delivered,16435.87
ORD-100720,2025-12-11,CUST-00980,62.0,Male,Pune,West,Electronics,Smartwatch,2,5319.32,40.0,Net Banking,Delivered,6383.18
ORD-102483,2025-07-17,CUST-00790,18.0,Female,Chennai,South,Electronics,Tablet,1,17496.36,0.0,UPI,Delivered,17496.36
ORD-100637,2025-06-21,CUST-00899,39.0,Female,Kolkata,East,Beauty,Hair Dryer,1,1914.59,10.0,Credit Card,Shipped,1723.13
ORD-102208,2025-12-20,CUST-00479,33.0,Female,Lucknow,North,Electronics,Laptop,1,55424.35,0.0,UPI,Delivered,55424.35
ORD-100186,2025-12-22,CUST-01180,65.0,Male,Chennai,South,Electronics,Tablet,2,18344.85,20.0,Debit Card,Cancelled,29351.76
ORD-101412,2025-06-18,CUST-00202,63.0,Female,Chennai,South,Electronics,Laptop,1,52481.47,20.0,Credit Card,Delivered,41985.18
ORD-100987,2025-01-20,CUST-00266,31.0,Female,Hyderabad,South,Beauty,Perfume,1,1874.85,15.0,Debit Card,Shipped,1593.62
ORD-101395,2025-01-07,CUST-00818,25.0,Male,Lucknow,North,Home & Kitchen,Bedsheet Set,2,1213.08,0.0,Wallet,Delivered,2426.16
ORD-102244,2025-04-27,CUST-00826,38.0,Female,Delhi,North,Electronics,Headphones,1,2363.9,30.0,Credit Card,Delivered,1654.73
ORD-101804,2025-10-09,CUST-00124,64.0,Female,Ahmedabad,West,Home & Kitchen,Table Lamp,1,899.41,5.0,UPI,Returned,854.44
ORD-100512,2025-09-09,CUST-00286,,Male,Delhi,North,Home & Kitchen,Table Lamp,1,932.78,20.0,UPI,Delivered,746.22
ORD-102015,2025-04-10,CUST-00406,51.0,Male,Lucknow,North,Electronics,Tablet,1,19530.78,0.0,Credit Card,Delivered,19530.78
ORD-101976,2025-11-01,CUST-00703,59.0,Female,Kolkata,East,Sports,Badminton Racket,1,1408.79,20.0,Net Banking,Delivered,1127.03
ORD-101921,2025-04-01,CUST-00090,19.0,Female,Bengaluru,South,Fashion,Sneakers,2,2425.41,20.0,Credit Card,Delivered,3880.66
ORD-102094,2025-07-18,CUST-00839,24.0,Male,Lucknow,North,Electronics,Tablet,1,19430.49,5.0,Wallet,Delivered,18458.97
ORD-100608,2025-01-25,CUST-00033,63.0,Female,Chennai,South,Fashion,Sneakers,2,2333.5,20.0,UPI,Delivered,3733.6
ORD-101180,2025-01-11,CUST-00193,25.0,Female,Patna,East,Fashion,T-Shirt,2,554.35,0.0,Debit Card,Delivered,1108.7
ORD-102341,2025-02-04,CUST-00239,42.0,Male,Bengaluru,South,Electronics,Smartwatch,1,5227.53,20.0,Net Banking,Delivered,4182.02
ORD-100152,2025-10-18,CUST-00650,32.0,Female,Ahmedabad,West,Electronics,Laptop,2,55943.71,0.0,UPI,Shipped,111887.42
ORD-101581,2025-07-26,CUST-00895,64.0,Female,Patna,East,Sports,Yoga Mat,1,741.09,15.0,Debit Card,Delivered,629.93
ORD-100892,2025-10-18,CUST-00947,32.0,Male,Lucknow,North,Home & Kitchen,Mixer Grinder,2,4429.89,0.0,Credit Card,Delivered,8859.78
ORD-101138,2025-11-15,CUST-01160,42.0,Male,Delhi,North,Home & Kitchen,Table Lamp,1,864.19,15.0,Credit Card,Delivered,734.56
ORD-100912,2025-05-08,CUST-00642,45.0,Female,Lucknow,North,Sports,Dumbbell Set,1,2135.15,0.0,Cash on Delivery,Delivered,2135.15
ORD-102287,2025-07-06,CUST-00184,24.0,Male,Mumbai,West,Sports,Badminton Racket,1,1316.35,10.0,UPI,Delivered,1184.71
ORD-100024,2025-04-07,CUST-00383,32.0,Male,Patna,East,Home & Kitchen,Table Lamp,1,836.65,10.0,UPI,Delivered,752.99
ORD-100159,2025-10-15,CUST-01114,43.0,Male,Lucknow,North,Electronics,Smartwatch,1,5365.74,15.0,Debit Card,Delivered,4560.88
ORD-100332,2025-11-01,CUST-00916,32.0,Male,Delhi,North,Electronics,Headphones,2,2439.04,5.0,UPI,Delivered,4634.18
ORD-101026,2025-02-10,CUST-00835,59.0,Male,Pune,West,Electronics,Laptop,1,49528.5,15.0,Credit Card,Delivered,42099.22
ORD-102399,2025-12-20,CUST-01096,64.0,Male,Lucknow,North,Fashion,Sneakers,1,2454.39,15.0,,Delivered,2086.23
ORD-101743,2025-02-08,CUST-00253,52.0,Male,Bengaluru,South,Home & Kitchen,Air Fryer,2,7975.31,20.0,Credit Card,Delivered,12760.5
ORD-102008,2025-12-17,CUST-00941,33.0,Male,Kolkata,East,Beauty,Skincare Kit,1,1578.77,5.0,UPI,Delivered,1499.83
ORD-102462,2025-10-28,CUST-00265,33.0,Male,Guwahati,East,Beauty,Hair Dryer,1,1933.83,10.0,Cash on Delivery,Delivered,1740.45
ORD-101455,2025-08-14,CUST-01125,22.0,Male,Pune,West,Sports,Badminton Racket,1,1387.24,15.0,UPI,Delivered,1179.15
ORD-100643,2025-01-08,CUST-00939,28.0,Male,Patna,East,Fashion,T-Shirt,1,641.88,10.0,Debit Card,Delivered,577.69
ORD-102479,2025-12-21,CUST-00873,19.0,Female,Mumbai,West,Home & Kitchen,Air Fryer,1,7636.98,15.0,UPI,Delivered,6491.43
ORD-100312,2025-09-10,CUST-00873,45.0,Female,Jaipur,North,Fashion,Jeans,1,1399.79,25.0,Net Banking,Delivered,1049.84
ORD-100352,2025-09-01,CUST-00169,35.0,Male,Ahmedabad,West,Fashion,Jeans,1,1514.3,5.0,Debit Card,Delivered,1438.58
ORD-100549,2025-03-26,CUST-00208,31.0,Male,Bengaluru,South,Fashion,T-Shirt,1,553.06,40.0,Cash on Delivery,Shipped,331.84
ORD-101377,2025-04-02,CUST-00222,23.0,Female,Pune,West,Home & Kitchen,Mixer Grinder,1,4605.0,0.0,Credit Card,Delivered,4605.0
ORD-101358,2025-07-23,CUST-00099,43.0,Male,Mumbai,West,Fashion,Sneakers,1,2420.55,0.0,Net Banking,Delivered,2420.55
ORD-102321,2025-10-02,CUST-00929,27.0,Male,Hyderabad,South,Fashion,Jeans,1,1398.52,25.0,Credit Card,Delivered,1048.89
ORD-100307,2025-09-20,CUST-00871,38.0,Male,Bengaluru,South,Electronics,Laptop,2,49058.61,25.0,UPI,Delivered,73587.92
ORD-100288,2025-11-02,CUST-00279,22.0,Male,Ahmedabad,West,Fashion,Jacket,3,2638.93,15.0,Credit Card,Delivered,6729.27
ORD-100695,2025-01-04,CUST-00730,51.0,Female,Ahmedabad,West,Fashion,Jacket,1,2742.1,0.0,Net Banking,Delivered,2742.1
ORD-100860,2025-12-10,CUST-00928,46.0,Female,Patna,East,Electronics,Smartwatch,1,5025.1,0.0,UPI,Delivered,5025.1
ORD-100631,2025-10-07,CUST-01050,30.0,Female,Kolkata,East,Fashion,Jeans,1,1548.59,25.0,Credit Card,Delivered,1161.44
ORD-102051,2025-08-22,CUST-00230,64.0,Female,Patna,East,Fashion,Jacket,1,2714.76,15.0,Net Banking,Delivered,2307.55
ORD-101892,2025-12-28,CUST-00362,50.0,Female,Lucknow,North,Home & Kitchen,Cookware Set,4,3572.22,30.0,UPI,Delivered,10002.22
ORD-102333,2025-04-09,CUST-00738,55.0,Female,Patna,East,Home & Kitchen,Bedsheet Set,1,1185.08,5.0,Cash on Delivery,Delivered,1125.83
ORD-101413,2025-12-03,CUST-00567,42.0,Male,Jaipur,North,Beauty,Perfume,1,1757.7,10.0,Net Banking,Delivered,1581.93
ORD-101293,2025-04-03,CUST-00643,33.0,Female,Mumbai,West,Fashion,Jeans,2,1537.86,15.0,UPI,Delivered,2614.36
ORD-100808,2025-03-20,CUST-00849,20.0,Female,Kolkata,East,Fashion,T-Shirt,2,611.87,0.0,Credit Card,Delivered,1223.74
ORD-101614,2025-07-25,CUST-00556,63.0,Male,Ahmedabad,West,Home & Kitchen,Bedsheet Set,1,1206.84,10.0,Credit Card,Delivered,1086.16
ORD-101115,2025-11-02,CUST-00473,27.0,Female,Delhi,North,Home & Kitchen,Table Lamp,1,936.88,10.0,Credit Card,Delivered,843.19
ORD-101400,2025-07-04,CUST-00972,64.0,Male,Guwahati,East,Electronics,Smartphone,1,15269.72,25.0,Cash on Delivery,Delivered,11452.29
ORD-102401,2025-11-23,CUST-00304,51.0,Male,Bengaluru,South,Home & Kitchen,Cookware Set,2,3654.89,10.0,Credit Card,Delivered,6578.8
ORD-101353,2025-08-25,CUST-00384,54.0,Male,Kolkata,East,Fashion,T-Shirt,2,598.0,0.0,Cash on Delivery,Delivered,1196.0
ORD-101175,2025-12-05,CUST-00229,27.0,Female,Guwahati,East,Fashion,Sneakers,1,2348.26,10.0,Net Banking,Delivered,2113.43
ORD-100014,2025-07-17,CUST-00652,24.0,Female,Mumbai,West,Electronics,Tablet,1,18813.3,0.0,Cash on Delivery,Shipped,18813.3
ORD-101045,2025-07-08,CUST-01171,26.0,Female,Guwahati,East,Sports,Badminton Racket,1,1451.97,0.0,UPI,Delivered,1451.97
ORD-101431,2025-08-12,CUST-00052,41.0,Female,Kolkata,East,Electronics,Headphones,2,2618.41,5.0,Wallet,Delivered,4974.98
ORD-100515,2025-03-09,CUST-00151,24.0,Male,Patna,East,Sports,Football,1,1142.38,10.0,UPI,Delivered,1028.14
ORD-100410,2025-01-22,CUST-00462,54.0,Male,Chennai,South,Fashion,Jacket,1,2633.59,5.0,UPI,Delivered,2501.91
ORD-102145,2025-08-01,CUST-01107,43.0,Female,Chennai,South,Electronics,Smartphone,1,15749.97,15.0,Debit Card,Delivered,13387.47
ORD-100314,2025-11-11,CUST-00768,18.0,Male,Kolkata,East,Fashion,T-Shirt,2,582.53,20.0,Debit Card,Delivered,932.05
ORD-101897,2025-03-02,CUST-00838,30.0,Male,Delhi,North,Electronics,Smartwatch,1,5229.14,0.0,UPI,Delivered,5229.14
ORD-100867,2025-02-15,CUST-01001,35.0,Female,Mumbai,West,Beauty,Skincare Kit,1,1532.35,30.0,Credit Card,Shipped,1072.64
ORD-101005,2025-10-18,CUST-00454,38.0,Male,Bengaluru,South,Beauty,Hair Dryer,1,1728.03,0.0,UPI,Shipped,1728.03
ORD-102115,2025-10-04,CUST-00693,34.0,Male,Guwahati,East,Fashion,Jeans,2,1467.36,20.0,Debit Card,Delivered,2347.78
ORD-101104,2025-11-23,CUST-01111,59.0,Male,Bengaluru,South,Fashion,Jacket,2,2945.08,20.0,UPI,Delivered,4712.13
ORD-100383,2025-09-03,CUST-00287,35.0,Male,Patna,East,Home & Kitchen,Table Lamp,1,835.94,10.0,UPI,Delivered,752.35
ORD-101118,2025-12-22,CUST-00591,65.0,Male,Kolkata,East,Fashion,Jeans,1,1432.12,15.0,Debit Card,Delivered,1217.3
ORD-101648,2025-06-04,CUST-00652,32.0,Male,Kolkata,East,Home & Kitchen,Air Fryer,1,8009.95,0.0,Credit Card,Delivered,8009.95
ORD-100762,2025-03-16,CUST-00799,41.0,Female,Chennai,South,Fashion,Jeans,1,1552.52,20.0,UPI,Delivered,1242.02
ORD-101423,2025-01-10,CUST-00251,54.0,Female,Jaipur,North,Beauty,Skincare Kit,1,1567.28,15.0,UPI,Delivered,1332.19
ORD-101034,2025-09-09,CUST-00979,24.0,Female,Lucknow,North,Sports,Dumbbell Set,2,2041.06,20.0,UPI,Delivered,3265.7
ORD-101065,2025-06-04,CUST-00748,34.0,Female,Delhi,North,Fashion,Sneakers,1,2354.79,15.0,UPI,Delivered,2001.57
ORD-100264,2025-12-18,CUST-00369,25.0,Female,Ahmedabad,West,Electronics,Laptop,1,54033.45,10.0,UPI,Cancelled,48630.1
ORD-100932,2025-04-01,CUST-00047,55.0,Female,Mumbai,West,Fashion,Jeans,2,1390.44,5.0,UPI,Cancelled,2641.84
ORD-102171,2025-10-15,CUST-00229,65.0,Male,Lucknow,North,Sports,Football,1,1163.51,20.0,Cash on Delivery,Delivered,930.81
ORD-101707,2025-11-06,CUST-00265,38.0,Male,Guwahati,East,Home & Kitchen,Cookware Set,1,3461.19,0.0,Credit Card,Delivered,3461.19
ORD-100416,2025-10-19,CUST-00525,58.0,Male,Hyderabad,South,Electronics,Smartwatch,1,4841.79,25.0,UPI,Delivered,3631.34
ORD-100977,2025-06-11,CUST-01184,42.0,Male,Pune,West,Home & Kitchen,Air Fryer,2,8369.72,0.0,Cash on Delivery,Delivered,16739.44
ORD-100359,2025-02-14,CUST-00893,22.0,Female,Lucknow,North,Electronics,Tablet,1,19328.22,0.0,Net Banking,Delivered,19328.22
ORD-101196,2025-12-01,CUST-00342,61.0,Female,Hyderabad,South,Electronics,Smartwatch,1,5188.94,20.0,UPI,Delivered,4151.15
ORD-100009,2025-07-05,CUST-01152,22.0,Male,Kolkata,East,Electronics,Headphones,1,2451.43,5.0,Debit Card,Delivered,2328.86
ORD-101054,2025-11-11,CUST-00384,61.0,Female,Patna,East,Sports,Football,1,1030.89,0.0,Credit Card,Delivered,1030.89
ORD-100317,2025-11-24,CUST-00239,53.0,Female,Hyderabad,South,Sports,Yoga Mat,1,825.24,20.0,Credit Card,Delivered,660.19
ORD-100305,2025-09-15,CUST-00029,33.0,Male,Chennai,South,Beauty,Skincare Kit,2,1473.27,0.0,UPI,Delivered,2946.54
ORD-100428,2025-07-14,CUST-00976,22.0,Male,Ahmedabad,West,Beauty,Perfume,1,1851.09,5.0,UPI,Delivered,1758.54
ORD-100106,2025-01-02,CUST-00032,25.0,Female,Bengaluru,South,Electronics,Smartphone,2,14808.26,15.0,Cash on Delivery,Delivered,25174.04
ORD-102497,2025-11-11,CUST-00105,42.0,Male,Hyderabad,South,Home & Kitchen,Cookware Set,1,3279.4,0.0,Debit Card,Cancelled,3279.4
ORD-100122,2025-08-14,CUST-00141,22.0,Female,Ahmedabad,West,Sports,Cricket Bat,2,2374.09,10.0,Cash on Delivery,Delivered,4273.36
ORD-101037,2025-10-24,CUST-01120,37.0,Female,Ahmedabad,West,Electronics,Laptop,2,53606.56,0.0,UPI,Delivered,107213.12
ORD-101576,2025-11-16,CUST-00675,19.0,Female,Delhi,North,Fashion,Dress,1,1273.22,5.0,UPI,Delivered,1209.56
ORD-101879,2025-09-03,CUST-01103,64.0,Male,Mumbai,West,Fashion,Jacket,1,2683.79,25.0,Cash on Delivery,Returned,2012.84
ORD-101560,2025-11-04,CUST-00549,64.0,Female,Chennai,South,Electronics,Headphones,1,2697.23,10.0,Credit Card,Shipped,2427.51
ORD-101801,2025-08-16,CUST-00050,41.0,Male,Kolkata,East,Home & Kitchen,Table Lamp,1,928.26,0.0,Debit Card,Delivered,928.26
ORD-102276,2025-11-16,CUST-00095,21.0,Female,Mumbai,West,Beauty,Makeup Set,1,1048.18,0.0,Debit Card,Delivered,1048.18
ORD-100116,2025-03-23,CUST-00565,24.0,Male,Bengaluru,South,Sports,Yoga Mat,1,859.2,5.0,UPI,Delivered,816.24
ORD-101147,2025-11-18,CUST-01152,56.0,Female,Guwahati,East,Fashion,Jeans,1,1425.96,0.0,Debit Card,Delivered,1425.96
ORD-100745,2025-12-12,CUST-00755,62.0,Female,Pune,West,Fashion,Jacket,1,2934.1,15.0,Cash on Delivery,Delivered,2493.98
ORD-102480,2025-05-03,CUST-01176,32.0,Female,Bengaluru,South,Electronics,Tablet,1,19717.04,0.0,UPI,Delivered,19717.04
ORD-102345,2025-09-21,CUST-00280,21.0,Female,Delhi,North,Sports,Football,2,1126.2,20.0,Cash on Delivery,Delivered,1801.92
ORD-101055,2025-04-12,CUST-01176,65.0,Male,Bengaluru,South,Fashion,Jeans,1,1400.51,20.0,UPI,Delivered,1120.41
ORD-101271,2025-05-23,CUST-00376,61.0,Female,Bengaluru,South,Electronics,Laptop,1,55690.8,5.0,Net Banking,Returned,52906.26
ORD-100673,2025-10-07,CUST-00428,30.0,Male,Guwahati,East,Beauty,Makeup Set,1,970.14,40.0,Cash on Delivery,Delivered,582.08
ORD-102448,2025-10-06,CUST-00524,46.0,Male,Bengaluru,South,Sports,Yoga Mat,1,773.46,20.0,UPI,Delivered,618.77
ORD-101991,2025-10-04,CUST-01186,56.0,Male,Delhi,North,Fashion,Sneakers,3,2401.28,0.0,Net Banking,Cancelled,7203.84
ORD-102153,2025-12-20,CUST-00671,18.0,Female,Kolkata,East,Fashion,Dress,1,1228.63,0.0,UPI,Cancelled,1228.63
ORD-100310,2025-01-19,CUST-01051,42.0,Male,Hyderabad,South,Beauty,Perfume,2,2013.85,20.0,Credit Card,Delivered,3222.16
ORD-100592,2025-08-10,CUST-00913,55.0,Male,Patna,East,Beauty,Makeup Set,1,1069.78,0.0,Credit Card,Delivered,1069.78
ORD-100463,2025-01-12,CUST-00022,54.0,Male,Pune,West,Sports,Cricket Bat,2,2465.54,30.0,UPI,Delivered,3451.76
ORD-101000,2025-09-26,CUST-00001,44.0,Female,Hyderabad,South,Home & Kitchen,Bedsheet Set,1,1265.58,20.0,UPI,Delivered,1012.46
ORD-101132,2025-06-18,CUST-00518,31.0,Female,Bengaluru,South,Electronics,Smartphone,1,16426.53,15.0,Cash on Delivery,Delivered,13962.55
ORD-101238,2025-06-28,CUST-00978,21.0,Female,Ahmedabad,West,Electronics,Tablet,1,19346.53,15.0,Cash on Delivery,Delivered,16444.55
ORD-100945,2025-05-22,CUST-00501,45.0,Female,Chennai,South,Home & Kitchen,Table Lamp,1,854.88,15.0,Net Banking,Delivered,726.65
ORD-100553,2025-03-01,CUST-00208,19.0,Female,Hyderabad,South,Beauty,Skincare Kit,1,1464.88,0.0,Cash on Delivery,Delivered,1464.88
ORD-100088,2025-07-15,CUST-01002,63.0,Male,Hyderabad,South,Fashion,Jeans,1,1410.68,0.0,Wallet,Delivered,1410.68
ORD-100691,2025-11-11,CUST-00484,46.0,Female,Patna,East,Beauty,Skincare Kit,1,1592.05,5.0,Debit Card,Delivered,1512.45
ORD-101717,2025-01-02,CUST-01117,52.0,Female,Bengaluru,South,Fashion,Jacket,1,2853.53,5.0,Credit Card,Delivered,2710.85
ORD-101421,2025-06-25,CUST-00597,33.0,Female,Kolkata,East,Fashion,Sneakers,1,2316.96,10.0,Debit Card,Delivered,2085.26
ORD-102424,2025-11-06,CUST-00917,33.0,Female,Guwahati,East,Fashion,Jacket,4,3005.49,25.0,UPI,Delivered,9016.47
ORD-101640,2025-04-19,CUST-00445,59.0,Female,Lucknow,North,Sports,Dumbbell Set,2,1975.07,0.0,Credit Card,Delivered,3950.14
ORD-102292,2025-10-24,CUST-00035,23.0,Female,Kolkata,East,Home & Kitchen,Cookware Set,1,3434.5,20.0,Net Banking,Delivered,2747.6
ORD-100801,2025-04-05,CUST-01113,60.0,Female,Lucknow,North,Electronics,Tablet,2,19150.49,0.0,Cash on Delivery,Shipped,38300.98
ORD-102074,2025-03-26,CUST-00879,48.0,Female,Ahmedabad,West,Fashion,Sneakers,2,2222.92,10.0,Net Banking,Delivered,4001.26
ORD-100301,2025-05-27,CUST-00385,21.0,Female,Ahmedabad,West,Electronics,Tablet,1,17623.06,0.0,UPI,Delivered,17623.06
ORD-101992,2025-10-06,CUST-00044,48.0,Female,Lucknow,North,Sports,Yoga Mat,1,754.87,10.0,Debit Card,Delivered,679.38
ORD-100544,2025-12-28,CUST-00303,57.0,Male,Patna,East,Electronics,Smartwatch,1,4727.27,15.0,Credit Card,Delivered,4018.18
ORD-102124,2025-11-01,CUST-00574,55.0,Female,Chennai,South,Electronics,Tablet,1,19033.17,5.0,UPI,Cancelled,18081.51
ORD-102228,2025-06-06,CUST-01125,55.0,Male,Kolkata,East,Electronics,Laptop,1,55762.24,40.0,UPI,Shipped,33457.34
ORD-100495,2025-02-21,CUST-00003,53.0,Female,Lucknow,North,Beauty,Perfume,2,1794.34,0.0,Cash on Delivery,Delivered,3588.68
ORD-100366,2025-04-16,CUST-00880,56.0,Female,Jaipur,North,Fashion,Dress,1,1241.16,0.0,UPI,Shipped,1241.16
ORD-102270,2025-03-01,CUST-00386,57.0,Male,Kolkata,East,Fashion,Dress,1,1344.46,15.0,UPI,Shipped,1142.79
ORD-101574,2025-11-13,CUST-00883,27.0,Female,Mumbai,West,Sports,Badminton Racket,3,1480.69,25.0,Debit Card,Delivered,3331.55
ORD-100274,2025-02-21,CUST-00587,54.0,Female,Chennai,South,Beauty,Hair Dryer,1,1677.96,20.0,UPI,Shipped,1342.37
ORD-100789,2025-11-17,CUST-00275,50.0,Female,Pune,West,Electronics,Smartphone,4,15185.7,,Debit Card,Delivered,60742.8
ORD-100072,2025-07-26,CUST-00356,28.0,Male,Ahmedabad,West,Home & Kitchen,Table Lamp,1,944.04,5.0,Cash on Delivery,Delivered,896.84
ORD-101265,2025-12-02,CUST-00441,22.0,Female,Bengaluru,South,Fashion,Sneakers,1,2249.35,15.0,UPI,Shipped,1911.95
ORD-101838,2025-04-16,CUST-00984,65.0,Female,Guwahati,East,Home & Kitchen,Table Lamp,1,830.85,25.0,Cash on Delivery,Delivered,623.14
ORD-100064,2025-11-10,CUST-00213,25.0,Female,Kolkata,East,Fashion,Dress,1,1330.89,5.0,UPI,Delivered,1264.35
ORD-100395,2025-01-24,CUST-00101,29.0,Female,Delhi,North,Electronics,Tablet,1,19946.2,0.0,UPI,Delivered,19946.2
ORD-101481,2025-10-28,CUST-00435,42.0,Male,Bengaluru,South,Fashion,Dress,1,1335.59,10.0,Credit Card,Delivered,1202.03
ORD-100344,2025-10-23,CUST-00336,62.0,Male,Kolkata,East,Fashion,Sneakers,1,2393.91,30.0,UPI,Delivered,1675.74
ORD-101753,2025-04-21,CUST-00434,40.0,Female,Delhi,North,Electronics,Headphones,1,2461.17,10.0,Credit Card,Delivered,2215.05
ORD-101404,2025-04-23,CUST-00151,51.0,Male,Pune,West,Fashion,Sneakers,1,2465.89,15.0,UPI,Cancelled,2096.01
ORD-100501,2025-07-05,CUST-00191,46.0,Male,Chennai,South,Electronics,Headphones,2,2444.03,0.0,UPI,Delivered,4888.06
ORD-101698,2025-08-25,CUST-00096,48.0,Male,Ahmedabad,West,Fashion,Dress,1,1253.24,15.0,Wallet,Delivered,1065.25
ORD-100963,2025-07-15,CUST-00226,56.0,Female,Kolkata,East,Fashion,Jeans,1,1612.22,0.0,Credit Card,Delivered,1612.22
ORD-100678,2025-07-11,CUST-00605,53.0,Female,Lucknow,North,Fashion,Sneakers,1,2268.98,15.0,Wallet,Delivered,1928.63
ORD-101049,2025-08-22,CUST-00430,25.0,Female,Delhi,North,Fashion,Jacket,1,2900.79,0.0,UPI,Delivered,2900.79
ORD-101913,2025-10-02,CUST-00748,37.0,Female,Jaipur,North,Home & Kitchen,Air Fryer,1,8319.99,0.0,Credit Card,Delivered,8319.99
ORD-101552,2025-10-04,CUST-00778,65.0,Male,Guwahati,East,Fashion,Jeans,1,1450.11,5.0,UPI,Delivered,1377.6
ORD-100273,2025-08-09,CUST-00769,46.0,Male,Bengaluru,South,Fashion,T-Shirt,1,571.21,30.0,UPI,Delivered,399.85
ORD-101638,2025-02-12,CUST-00580,62.0,Male,Patna,East,Electronics,Laptop,2,52625.57,0.0,UPI,Delivered,105251.14
ORD-100206,2025-11-15,CUST-00533,44.0,Male,Delhi,North,Beauty,Perfume,1,1959.26,40.0,Credit Card,Delivered,1175.56
ORD-100734,2025-12-22,CUST-01169,28.0,Male,Jaipur,North,Electronics,Smartphone,1,15040.62,40.0,Credit Card,Delivered,9024.37
ORD-100153,2025-02-22,CUST-00056,57.0,Female,Ahmedabad,West,Beauty,Skincare Kit,1,1484.9,25.0,Credit Card,Delivered,1113.68
ORD-102122,2025-09-26,CUST-00857,51.0,Male,Mumbai,West,Fashion,Jeans,1,1577.18,0.0,Cash on Delivery,Delivered,1577.18
ORD-100558,2025-07-01,CUST-00328,63.0,Male,Mumbai,West,Electronics,Smartphone,1,16575.26,5.0,UPI,Delivered,15746.5
ORD-100378,2025-07-20,CUST-00493,61.0,Male,Lucknow,North,Fashion,Dress,1,1286.12,10.0,Credit Card,Delivered,1157.51
ORD-101945,2025-04-11,CUST-00567,24.0,Male,Kolkata,East,Beauty,Perfume,2,1799.06,5.0,Cash on Delivery,Delivered,3418.21
ORD-100536,2025-04-02,CUST-00636,19.0,Female,Guwahati,East,Electronics,Smartwatch,1,5372.11,10.0,Credit Card,Delivered,4834.9
ORD-102297,2025-01-01,CUST-01051,55.0,Female,Pune,West,Home & Kitchen,Cookware Set,1,3281.9,15.0,Net Banking,Delivered,2789.61
ORD-102047,2025-10-14,CUST-01107,29.0,Female,Patna,East,Home & Kitchen,Table Lamp,1,965.34,10.0,Cash on Delivery,Delivered,868.81
ORD-101600,2025-10-05,CUST-00120,24.0,Male,Jaipur,North,Fashion,T-Shirt,1,638.36,5.0,UPI,Cancelled,606.44
ORD-100199,2025-12-08,CUST-00364,46.0,Male,Ahmedabad,West,Beauty,Perfume,2,1790.26,10.0,UPI,Delivered,3222.47
ORD-100562,2025-06-12,CUST-00028,19.0,Female,Bengaluru,South,Fashion,Jacket,4,2891.6,5.0,UPI,Delivered,10988.08
ORD-100686,2025-07-27,CUST-00574,44.0,Male,Jaipur,North,Beauty,Skincare Kit,1,1606.1,5.0,Debit Card,Returned,1525.79
ORD-101658,2025-01-11,CUST-00541,49.0,Female,Delhi,North,Home & Kitchen,Air Fryer,1,8359.59,15.0,Debit Card,Delivered,7105.65
ORD-100591,2025-09-08,CUST-00281,46.0,Female,Jaipur,North,Beauty,Hair Dryer,2,1658.6,10.0,Credit Card,Delivered,2985.48
ORD-100520,2025-10-18,CUST-00156,22.0,Male,Ahmedabad,West,Fashion,Jeans,1,1404.06,0.0,Cash on Delivery,Returned,1404.06
ORD-100309,2025-04-13,CUST-00876,23.0,Female,Kolkata,East,Electronics,Laptop,3,48991.11,15.0,Net Banking,Delivered,124927.33
ORD-100605,2025-02-18,CUST-00603,43.0,Female,Delhi,North,Electronics,Laptop,2,51390.83,15.0,Wallet,Delivered,87364.41
ORD-102166,2025-10-01,CUST-00537,61.0,Female,Hyderabad,South,Electronics,Tablet,2,19275.97,10.0,UPI,Delivered,34696.75
ORD-102108,2025-11-10,CUST-00356,24.0,Female,Chennai,South,Beauty,Skincare Kit,1,1458.36,25.0,Debit Card,Delivered,1093.77
ORD-100060,2025-06-01,CUST-00852,46.0,Male,Kolkata,East,Beauty,Hair Dryer,1,1900.54,5.0,Cash on Delivery,Delivered,1805.51
ORD-100584,2025-07-27,CUST-00834,50.0,Female,Bengaluru,South,Electronics,Smartphone,1,16966.69,15.0,UPI,Delivered,14421.69
ORD-102315,2025-09-01,CUST-00878,62.0,Male,Jaipur,North,Beauty,Makeup Set,1,1076.36,5.0,Debit Card,Delivered,1022.54
ORD-100208,2025-11-07,CUST-00594,60.0,Female,Bengaluru,South,Home & Kitchen,Bedsheet Set,1,1168.12,15.0,UPI,Delivered,992.9
ORD-102044,2025-10-05,CUST-00911,48.0,Female,Chennai,South,Fashion,Dress,1,1280.81,10.0,Net Banking,Delivered,1152.73
ORD-100924,2025-05-10,CUST-00426,36.0,Female,Bengaluru,South,Fashion,Jeans,2,1455.32,15.0,UPI,Delivered,2474.04
ORD-100786,2025-04-14,CUST-00247,33.0,Male,Hyderabad,South,Fashion,T-Shirt,1,578.35,40.0,UPI,Delivered,347.01
ORD-101337,2025-11-06,CUST-00737,19.0,Male,Hyderabad,South,Fashion,T-Shirt,3,614.01,10.0,UPI,Delivered,1657.83
ORD-102439,2025-07-07,CUST-01083,62.0,Male,Chennai,South,Electronics,Laptop,1,55435.74,15.0,UPI,Delivered,47120.38
ORD-100793,2025-10-23,CUST-00349,41.0,Female,Delhi,North,Electronics,Smartwatch,1,4643.97,10.0,UPI,Delivered,4179.57
ORD-100832,2025-04-27,CUST-00152,34.0,Male,Delhi,North,Home & Kitchen,Bedsheet Set,1,1148.82,10.0,UPI,Delivered,1033.94
ORD-100163,2025-03-08,CUST-00248,32.0,Male,Guwahati,East,Electronics,Smartwatch,1,5147.81,25.0,UPI,Delivered,3860.86
ORD-102319,2025-10-16,CUST-00100,61.0,Female,Guwahati,East,Sports,Football,1,1165.09,10.0,UPI,Delivered,1048.58
ORD-100527,2025-11-25,CUST-00123,48.0,Male,Bengaluru,South,Beauty,Makeup Set,2,1029.48,0.0,UPI,Delivered,2058.96
ORD-102034,2025-10-23,CUST-00086,40.0,Male,Bengaluru,South,Electronics,Laptop,1,53817.29,25.0,UPI,Delivered,40362.97
ORD-100257,2025-08-08,CUST-01115,53.0,Male,Ahmedabad,West,Fashion,T-Shirt,1,616.17,0.0,Wallet,Returned,616.17
ORD-100507,2025-03-19,CUST-00006,24.0,Female,Guwahati,East,Electronics,Headphones,1,2306.58,10.0,Cash on Delivery,Delivered,2075.92
ORD-102189,2025-10-01,CUST-00762,28.0,Male,Bengaluru,South,Home & Kitchen,Air Fryer,1,8334.23,0.0,Debit Card,Delivered,8334.23
ORD-102132,2025-12-08,CUST-01183,51.0,Male,Jaipur,North,Electronics,Laptop,1,51327.14,10.0,Debit Card,Delivered,46194.43
ORD-102240,2025-10-01,CUST-00705,59.0,Male,Hyderabad,South,Beauty,Hair Dryer,2,1770.12,0.0,UPI,Delivered,3540.24
ORD-102176,2025-10-17,CUST-00054,37.0,Male,Guwahati,East,Sports,Football,1,1157.73,10.0,Debit Card,Delivered,1041.96
ORD-101564,2025-03-09,CUST-00265,49.0,Male,Hyderabad,South,Beauty,Hair Dryer,1,1768.32,25.0,Net Banking,Delivered,1326.24
ORD-101915,2025-05-02,CUST-01086,45.0,Male,Mumbai,West,Beauty,Makeup Set,1,934.07,30.0,Credit Card,Delivered,653.85
ORD-101701,2025-10-16,CUST-00852,56.0,Male,Mumbai,West,Sports,Dumbbell Set,1,1976.22,10.0,UPI,Shipped,1778.6
ORD-100021,2025-07-09,CUST-01009,23.0,Male,Ahmedabad,West,Home & Kitchen,Mixer Grinder,1,4591.2,0.0,Credit Card,Delivered,4591.2
ORD-101428,2025-09-01,CUST-00463,46.0,Female,Guwahati,East,Electronics,Laptop,2,51319.99,20.0,Debit Card,Delivered,82111.98
ORD-100440,2025-08-26,CUST-00983,23.0,Male,Kolkata,East,Electronics,Smartphone,1,15569.49,20.0,UPI,Delivered,12455.59
ORD-101294,2025-06-27,CUST-00468,56.0,Male,Delhi,North,Sports,Football,1,1147.34,5.0,Net Banking,Delivered,1089.97
ORD-100382,2025-08-21,CUST-00819,27.0,Female,Mumbai,West,Beauty,Makeup Set,1,937.86,25.0,UPI,Delivered,703.39
ORD-101830,2025-11-05,CUST-00489,19.0,Male,Ahmedabad,West,Fashion,Sneakers,1,2393.22,30.0,UPI,Delivered,1675.25
ORD-101284,2025-06-07,CUST-00318,37.0,Female,Guwahati,East,Electronics,Headphones,1,2572.38,5.0,Credit Card,Delivered,2443.76
ORD-100539,2025-05-25,CUST-00876,57.0,Female,Delhi,North,Fashion,Jacket,1,2710.48,10.0,UPI,Delivered,2439.43
ORD-101682,2025-01-26,CUST-00368,35.0,Female,Mumbai,West,Sports,Dumbbell Set,1,1868.42,15.0,Net Banking,Delivered,1588.16
ORD-100941,2025-12-22,CUST-00369,57.0,Male,Ahmedabad,West,Electronics,Tablet,1,20026.44,10.0,Credit Card,Delivered,18023.8
ORD-100084,2025-12-28,CUST-00892,47.0,Female,Delhi,North,Sports,Dumbbell Set,1,1936.46,10.0,UPI,Delivered,1742.81
ORD-101243,2025-06-27,CUST-00400,62.0,Male,Mumbai,West,Beauty,Hair Dryer,1,1921.9,15.0,Debit Card,Shipped,1633.62
ORD-101223,2025-11-12,CUST-00670,48.0,Male,Mumbai,West,Fashion,Jeans,2,1409.43,25.0,UPI,Delivered,2114.14
ORD-102300,2025-08-23,CUST-00246,23.0,Male,Pune,West,Sports,Cricket Bat,1,2605.58,10.0,UPI,Delivered,2345.02
ORD-100884,2025-01-23,CUST-00035,41.0,Male,Mumbai,West,Fashion,Jeans,1,1582.03,0.0,Debit Card,Returned,1582.03
ORD-101512,2025-10-13,CUST-00860,18.0,Male,Delhi,North,Home & Kitchen,Mixer Grinder,1,4135.4,10.0,UPI,Delivered,3721.86
ORD-101954,2025-08-08,CUST-00057,62.0,Female,Kolkata,East,Home & Kitchen,Bedsheet Set,1,1136.55,25.0,UPI,Delivered,852.41
ORD-101775,2025-04-07,CUST-00530,41.0,Female,Jaipur,North,Electronics,Smartwatch,3,4946.11,0.0,Wallet,Delivered,14838.33
ORD-100887,2025-11-19,CUST-00760,39.0,Female,Jaipur,North,Beauty,Hair Dryer,3,1911.76,5.0,UPI,Delivered,5448.52
ORD-100271,2025-09-14,CUST-00735,60.0,Female,Ahmedabad,West,Electronics,Laptop,1,55699.09,15.0,Debit Card,Delivered,47344.23
ORD-101430,2025-11-19,CUST-00200,62.0,Female,Guwahati,East,Electronics,Smartphone,2,17142.79,0.0,UPI,Delivered,34285.58
ORD-101363,2025-09-27,CUST-00020,25.0,Male,Patna,East,Beauty,Hair Dryer,2,1754.13,10.0,Cash on Delivery,Shipped,3157.43
ORD-102072,2025-12-01,CUST-00890,42.0,Female,Pune,West,Electronics,Tablet,1,18604.96,5.0,Debit Card,Delivered,17674.71
ORD-102275,2025-09-03,CUST-00756,33.0,Female,Jaipur,North,Home & Kitchen,Cookware Set,1,3660.66,25.0,Credit Card,Delivered,2745.49
ORD-101623,2025-07-22,CUST-00024,48.0,Male,Pune,West,Home & Kitchen,Air Fryer,2,7458.07,0.0,Credit Card,Delivered,14916.14
ORD-100933,2025-05-26,CUST-00133,64.0,Male,Mumbai,West,Home & Kitchen,Cookware Set,2,3449.04,5.0,Net Banking,Delivered,6553.18
ORD-101051,2025-11-04,CUST-01117,46.0,Female,Jaipur,North,Fashion,Dress,1,1284.68,0.0,Wallet,Delivered,1284.68
ORD-100430,2025-07-05,CUST-00072,47.0,Male,Mumbai,West,Fashion,Jacket,1,2606.5,5.0,Cash on Delivery,Delivered,2476.17
ORD-101345,2025-06-04,CUST-01175,58.0,Male,Guwahati,East,Beauty,Skincare Kit,1,1512.9,20.0,Cash on Delivery,Shipped,1210.32
ORD-102205,2025-09-13,CUST-00162,39.0,Female,Patna,East,Fashion,Jacket,1,2679.28,10.0,Debit Card,Delivered,2411.35
ORD-102216,2025-03-04,CUST-00903,58.0,Male,Ahmedabad,West,Home & Kitchen,Mixer Grinder,1,4025.5,0.0,UPI,Delivered,4025.5
ORD-100459,2025-10-25,CUST-00972,57.0,Male,Jaipur,North,Electronics,Laptop,1,52124.78,0.0,Wallet,Delivered,52124.78
ORD-100079,2025-07-11,CUST-01034,,Male,Kolkata,East,Home & Kitchen,Air Fryer,2,8088.5,0.0,Net Banking,Shipped,16177.0
ORD-102441,2025-06-08,CUST-00803,34.0,Male,Patna,East,Beauty,Makeup Set,1,982.51,0.0,Wallet,Delivered,982.51
ORD-101235,2025-11-16,CUST-00268,48.0,Female,Ahmedabad,West,Fashion,T-Shirt,2,577.97,5.0,UPI,Delivered,1098.14
ORD-100033,2025-08-16,CUST-01015,23.0,Male,Hyderabad,South,Fashion,Jacket,2,2933.01,10.0,Credit Card,Cancelled,5279.42
ORD-100907,2025-09-11,CUST-01115,23.0,Female,Hyderabad,South,Electronics,Smartphone,1,14959.86,40.0,UPI,Delivered,8975.92
ORD-101114,2025-11-24,CUST-01048,54.0,Male,Hyderabad,South,Fashion,Jeans,1,1505.78,10.0,UPI,Delivered,1355.2
ORD-102411,2025-07-22,CUST-00621,39.0,Female,Pune,West,Fashion,Dress,2,1230.38,25.0,UPI,Returned,1845.57
ORD-102255,2025-09-28,CUST-00966,35.0,Male,Chennai,South,Electronics,Laptop,1,49474.23,5.0,UPI,Delivered,47000.52
ORD-100381,2025-02-21,CUST-01138,41.0,Male,Bengaluru,South,Home & Kitchen,Mixer Grinder,2,4510.05,0.0,UPI,Delivered,9020.1
ORD-100227,2025-10-22,CUST-00779,43.0,Female,Chennai,South,Electronics,Tablet,3,18701.52,0.0,Net Banking,Shipped,56104.56
ORD-102023,2025-04-05,CUST-00300,58.0,Female,Mumbai,West,Beauty,Makeup Set,1,971.94,30.0,Debit Card,Delivered,680.36
ORD-101979,2025-10-14,CUST-00887,33.0,Female,Ahmedabad,West,Fashion,T-Shirt,1,558.21,20.0,UPI,Delivered,446.57
ORD-100716,2025-01-13,CUST-00554,44.0,Male,Chennai,South,Electronics,Tablet,1,17580.7,0.0,UPI,Delivered,17580.7
ORD-101770,2025-02-09,CUST-00192,50.0,Male,Bengaluru,South,Beauty,Skincare Kit,1,1403.81,30.0,UPI,Cancelled,982.67
ORD-100687,2025-01-15,CUST-01052,62.0,Male,Delhi,North,Electronics,Smartwatch,2,5136.0,5.0,UPI,Delivered,9758.4
ORD-102143,2025-02-11,CUST-00890,58.0,Female,Delhi,North,Beauty,Perfume,1,1891.33,0.0,UPI,Returned,1891.33
ORD-101539,2025-02-01,CUST-00842,30.0,Male,Kolkata,East,Electronics,Headphones,2,2593.74,15.0,Wallet,Cancelled,4409.36
ORD-100306,2025-08-10,CUST-00151,33.0,Male,Kolkata,East,Fashion,Sneakers,1,2232.08,5.0,Credit Card,Delivered,2120.48
ORD-100210,2025-12-21,CUST-00352,46.0,Female,Bengaluru,South,Home & Kitchen,Mixer Grinder,1,4255.07,5.0,Credit Card,Delivered,4042.32
ORD-102165,2025-05-10,CUST-00404,35.0,Male,Pune,West,Beauty,Hair Dryer,1,1931.99,0.0,Cash on Delivery,Delivered,1931.99
ORD-102335,2025-07-08,CUST-00768,38.0,Male,Kolkata,East,Sports,Yoga Mat,1,776.74,5.0,UPI,Delivered,737.9
ORD-102490,2025-04-21,CUST-00306,65.0,Male,Chennai,South,Beauty,Perfume,2,2000.6,0.0,Wallet,Delivered,4001.2
ORD-101212,2025-10-01,CUST-00826,30.0,Male,Chennai,South,Sports,Yoga Mat,1,851.17,,UPI,Delivered,808.61
ORD-101961,2025-11-07,CUST-00299,59.0,Female,Mumbai,West,Electronics,Smartwatch,1,5090.1,15.0,Debit Card,Delivered,4326.59
ORD-102131,2025-01-22,CUST-00894,45.0,Male,Hyderabad,South,Sports,Yoga Mat,1,751.82,0.0,UPI,Delivered,751.82
ORD-101160,2025-11-10,CUST-00627,36.0,Male,Hyderabad,South,Electronics,Headphones,1,2670.37,20.0,UPI,Delivered,2136.3
ORD-102040,2025-06-24,CUST-00259,20.0,Male,Guwahati,East,Beauty,Perfume,1,1878.05,5.0,UPI,Delivered,1784.15
ORD-101424,2025-01-09,CUST-00410,61.0,Female,Lucknow,North,Home & Kitchen,Bedsheet Set,2,1233.51,20.0,Wallet,Delivered,1973.62
ORD-100979,2025-11-27,CUST-00615,38.0,Female,Kolkata,East,Electronics,Tablet,1,19981.79,15.0,UPI,Delivered,16984.52
ORD-100192,2025-10-04,CUST-00135,42.0,Female,Chennai,South,Sports,Yoga Mat,1,826.3,40.0,UPI,Delivered,495.78
ORD-101943,2025-09-21,CUST-00206,44.0,Female,Guwahati,East,Home & Kitchen,Mixer Grinder,1,4176.72,10.0,Wallet,Delivered,3759.05
ORD-101722,2025-08-17,CUST-00354,36.0,Male,Patna,East,Home & Kitchen,Cookware Set,1,3285.65,25.0,UPI,Returned,2464.24
ORD-102469,2025-09-28,CUST-00922,26.0,Female,Patna,East,Fashion,Jacket,1,2713.38,10.0,Cash on Delivery,Delivered,2442.04
ORD-100484,2025-05-18,CUST-01022,59.0,Male,Delhi,North,Fashion,Sneakers,2,2264.75,5.0,UPI,Delivered,4303.02
ORD-102395,2025-06-23,CUST-01053,48.0,Female,Hyderabad,South,Beauty,Skincare Kit,1,1503.95,20.0,Net Banking,Delivered,1203.16
ORD-100916,2025-06-26,CUST-00635,26.0,Female,Lucknow,North,Sports,Cricket Bat,1,2508.9,25.0,UPI,Delivered,1881.68
ORD-101484,2025-02-28,CUST-00272,27.0,Female,Kolkata,East,Sports,Football,1,1083.73,5.0,Cash on Delivery,Delivered,1029.54
ORD-100278,2025-11-18,CUST-00554,47.0,Male,Guwahati,East,Electronics,Laptop,1,54248.6,20.0,Credit Card,Delivered,43398.88
ORD-101162,2025-10-08,CUST-00628,22.0,Female,Bengaluru,South,Electronics,Laptop,1,51552.98,0.0,Credit Card,Delivered,51552.98
ORD-100222,2025-08-21,CUST-00457,65.0,Male,Kolkata,East,Fashion,Dress,3,1317.19,15.0,Credit Card,Delivered,3358.83
ORD-102288,2025-01-02,CUST-00913,54.0,Female,Guwahati,East,Beauty,Hair Dryer,2,1904.11,0.0,Net Banking,Delivered,3808.22
ORD-100572,2025-06-08,CUST-00601,52.0,Female,Guwahati,East,Electronics,Tablet,1,19013.18,30.0,UPI,Shipped,13309.23
ORD-100412,2025-10-12,CUST-00810,54.0,Male,Kolkata,East,Beauty,Perfume,1,1967.12,15.0,UPI,Delivered,1672.05
ORD-101757,2025-03-15,CUST-00507,18.0,Female,Mumbai,West,Home & Kitchen,Air Fryer,1,7923.56,10.0,UPI,Cancelled,7131.2
ORD-102107,2025-10-11,CUST-00216,62.0,Male,Kolkata,East,Electronics,Smartwatch,1,5059.98,20.0,Credit Card,Delivered,4047.98
ORD-100980,2025-01-23,CUST-00476,53.0,Male,Bengaluru,South,Fashion,T-Shirt,1,565.41,5.0,Net Banking,Delivered,537.14
ORD-100586,2025-07-11,CUST-01023,28.0,Male,Guwahati,East,Fashion,Dress,1,1297.94,25.0,Cash on Delivery,Delivered,973.46
ORD-101229,2025-11-08,CUST-00708,22.0,Male,Pune,West,Fashion,Jacket,2,2803.6,0.0,Cash on Delivery,Delivered,5607.2
ORD-101554,2025-11-27,CUST-00153,52.0,Male,Bengaluru,South,Fashion,Dress,1,1302.21,15.0,UPI,Shipped,1106.88
ORD-101659,2025-01-10,CUST-00156,44.0,Female,Delhi,North,Fashion,Dress,1,1291.53,0.0,Cash on Delivery,Delivered,1291.53
ORD-101778,2025-08-15,CUST-00548,18.0,Female,Kolkata,East,Electronics,Tablet,1,19237.29,0.0,UPI,Delivered,19237.29
ORD-100675,2025-11-19,CUST-00840,41.0,Female,Guwahati,East,Electronics,Smartphone,1,14966.17,0.0,UPI,Delivered,14966.17
ORD-101200,2025-04-22,CUST-00538,18.0,Male,Lucknow,North,Sports,Football,1,1077.0,10.0,Cash on Delivery,Delivered,969.3
ORD-100856,2025-07-18,CUST-00595,59.0,Female,Kolkata,East,Electronics,Laptop,1,51652.52,5.0,UPI,Cancelled,49069.89
ORD-100448,2025-11-19,CUST-01020,28.0,Male,Pune,West,Fashion,Dress,1,1252.39,25.0,Credit Card,Delivered,939.29
ORD-101011,2025-07-11,CUST-01160,50.0,Female,Bengaluru,South,Electronics,Smartwatch,1,4997.55,0.0,UPI,Delivered,4997.55
ORD-101478,2025-06-03,CUST-00824,47.0,Male,Lucknow,North,Beauty,Makeup Set,1,992.66,0.0,UPI,Delivered,992.66
ORD-100223,2025-08-06,CUST-00746,52.0,Female,Hyderabad,South,Fashion,Dress,1,1279.1,10.0,Credit Card,Delivered,1151.19
ORD-101750,2025-10-18,CUST-01079,52.0,Male,Kolkata,East,Beauty,Skincare Kit,2,1522.76,0.0,UPI,Delivered,3045.52
ORD-102237,2025-10-19,CUST-00679,30.0,Female,Pune,West,Fashion,Jeans,1,1402.97,10.0,Credit Card,Delivered,1262.67
ORD-101653,2025-11-27,CUST-01156,32.0,Male,Delhi,North,Fashion,Sneakers,1,2279.37,20.0,Cash on Delivery,Delivered,1823.5
ORD-101969,2025-11-14,CUST-00041,40.0,Female,Bengaluru,South,Beauty,Makeup Set,1,1054.71,0.0,UPI,Delivered,1054.71
ORD-102154,2025-09-11,CUST-00654,44.0,Male,Ahmedabad,West,Electronics,Headphones,1,2669.3,10.0,UPI,Delivered,2402.37
ORD-100046,2025-06-16,CUST-00881,42.0,Female,Pune,West,Home & Kitchen,Bedsheet Set,1,1244.41,25.0,Net Banking,Delivered,933.31
ORD-102274,2025-08-13,CUST-00487,,Male,Jaipur,North,Fashion,Dress,2,1335.54,15.0,UPI,Delivered,2270.42
ORD-101035,2025-01-02,CUST-00425,43.0,Male,Mumbai,West,Beauty,Skincare Kit,1,1448.03,15.0,UPI,Delivered,1230.83
ORD-100962,2025-06-15,CUST-00269,55.0,Male,Patna,East,Fashion,Jacket,1,2921.57,10.0,UPI,Delivered,2629.41
ORD-100295,2025-02-05,CUST-00945,32.0,Male,Mumbai,West,Sports,Yoga Mat,1,776.25,25.0,Credit Card,Shipped,582.19
ORD-101270,2025-12-05,CUST-00085,28.0,Female,Guwahati,East,Electronics,Smartwatch,1,5271.44,30.0,Credit Card,Delivered,3690.01
ORD-100989,2025-12-20,CUST-00921,41.0,Male,Jaipur,North,Fashion,Dress,2,1249.42,40.0,Credit Card,Delivered,1499.3
ORD-100589,2025-11-27,CUST-00313,38.0,Male,Chennai,South,Fashion,T-Shirt,4,605.56,0.0,UPI,Delivered,2422.24
ORD-102065,2025-11-21,CUST-00536,36.0,Female,Mumbai,West,Fashion,Dress,1,1250.39,15.0,Wallet,Delivered,1062.83
ORD-100258,2025-11-07,CUST-01144,49.0,Male,Lucknow,North,Home & Kitchen,Cookware Set,1,3478.17,20.0,Debit Card,Delivered,2782.54
ORD-101015,2025-01-06,CUST-00970,62.0,Female,Guwahati,East,Sports,Yoga Mat,1,769.0,0.0,Debit Card,Delivered,769.0
ORD-101290,2025-07-03,CUST-00976,53.0,Female,Hyderabad,South,Beauty,Perfume,1,2026.91,0.0,UPI,Delivered,2026.91
ORD-100927,2025-05-17,CUST-00427,62.0,Male,Lucknow,North,Electronics,Headphones,2,2346.59,5.0,Credit Card,Delivered,4458.52
ORD-102130,2025-02-21,CUST-00067,39.0,Male,Kolkata,East,Electronics,Tablet,1,20373.05,0.0,UPI,Delivered,20373.05
ORD-102376,2025-07-06,CUST-00438,39.0,Male,Delhi,North,Fashion,Jacket,1,2652.33,30.0,Cash on Delivery,Delivered,1856.63
ORD-100437,2025-07-06,CUST-01162,53.0,Male,Patna,East,Beauty,Hair Dryer,1,1715.16,0.0,Credit Card,Delivered,1715.16
ORD-101222,2025-05-13,CUST-00172,55.0,Male,Patna,East,Home & Kitchen,Bedsheet Set,1,1166.54,5.0,UPI,Delivered,1108.21
ORD-101742,2025-02-23,CUST-00353,43.0,Female,Ahmedabad,West,Home & Kitchen,Table Lamp,2,923.62,20.0,UPI,Delivered,1477.79
ORD-100394,2025-03-02,CUST-00388,21.0,Male,Delhi,North,Fashion,Jeans,1,1580.56,25.0,UPI,Cancelled,1185.42
ORD-100426,2025-02-04,CUST-00930,65.0,Male,Delhi,North,Electronics,Smartwatch,2,5354.22,0.0,Cash on Delivery,Delivered,10708.44
ORD-100535,2025-07-05,CUST-00855,64.0,Male,Lucknow,North,Home & Kitchen,Bedsheet Set,1,1156.99,5.0,UPI,Delivered,1099.14
ORD-100031,2025-03-21,CUST-00628,62.0,Male,Guwahati,East,Home & Kitchen,Bedsheet Set,1,1220.94,0.0,Debit Card,Delivered,1220.94
ORD-101522,2025-09-15,CUST-00913,52.0,Female,Pune,West,Fashion,Sneakers,2,2372.87,30.0,Cash on Delivery,Delivered,3322.02
ORD-102093,2025-10-24,CUST-00162,40.0,Female,Bengaluru,South,Electronics,Tablet,1,19310.93,15.0,UPI,Delivered,16414.29
ORD-101019,2025-02-05,CUST-01175,48.0,Female,Jaipur,North,Home & Kitchen,Mixer Grinder,1,4077.78,0.0,UPI,Delivered,4077.78
ORD-100747,2025-05-12,CUST-00095,21.0,Female,Ahmedabad,West,Home & Kitchen,Mixer Grinder,1,4624.57,15.0,,Delivered,3930.88
ORD-101776,2025-03-22,CUST-00180,63.0,Female,Chennai,South,Home & Kitchen,Table Lamp,1,865.36,20.0,Credit Card,Delivered,692.29
ORD-101678,2025-06-02,CUST-01160,53.0,Male,Jaipur,North,Fashion,Jeans,2,1531.35,20.0,Net Banking,Cancelled,2450.16
ORD-101291,2025-10-02,CUST-00256,46.0,Female,Guwahati,East,Home & Kitchen,Bedsheet Set,2,1252.24,0.0,UPI,Cancelled,2504.48
ORD-101519,2025-12-22,CUST-01143,40.0,Female,Delhi,North,Fashion,Sneakers,1,2355.82,5.0,Credit Card,Delivered,2238.03
ORD-101744,2025-11-09,CUST-00059,27.0,Male,Kolkata,East,Electronics,Smartphone,1,16652.16,0.0,Credit Card,Delivered,16652.16
ORD-102224,2025-10-05,CUST-00183,40.0,Male,Patna,East,Beauty,Skincare Kit,1,1578.12,15.0,Debit Card,Delivered,1341.4
ORD-101436,2025-12-01,CUST-01084,36.0,Female,Bengaluru,South,Fashion,Jacket,2,2894.29,25.0,Net Banking,Delivered,4341.43
ORD-101591,2025-10-21,CUST-00076,29.0,Male,Delhi,North,Beauty,Skincare Kit,1,1441.86,25.0,Cash on Delivery,Delivered,1081.39
ORD-102177,2025-05-20,CUST-00547,23.0,Male,Pune,West,Home & Kitchen,Air Fryer,1,8431.1,0.0,UPI,Delivered,8431.1
ORD-100345,2025-12-15,CUST-00992,25.0,Female,Jaipur,North,Sports,Dumbbell Set,1,2062.37,0.0,UPI,Delivered,2062.37
ORD-100557,2025-02-11,CUST-00298,33.0,Male,Delhi,North,Beauty,Perfume,1,1857.79,15.0,UPI,Delivered,1579.12
ORD-101447,2025-03-16,CUST-00283,20.0,Female,Bengaluru,South,Fashion,Sneakers,2,2348.19,5.0,Debit Card,Cancelled,4461.56
ORD-101059,2025-12-26,CUST-00480,34.0,Male,Delhi,North,Home & Kitchen,Bedsheet Set,1,1219.87,10.0,UPI,Delivered,1097.88
ORD-100681,2025-11-15,CUST-00153,19.0,Female,Patna,East,Fashion,T-Shirt,1,626.83,5.0,UPI,Delivered,595.49
ORD-102241,2025-11-09,CUST-00153,64.0,Female,Chennai,South,Electronics,Tablet,1,20371.35,0.0,Debit Card,Delivered,20371.35
ORD-101414,2025-10-16,CUST-00514,46.0,Female,Hyderabad,South,Electronics,Headphones,1,2598.11,15.0,Debit Card,Delivered,2208.39
ORD-100571,2025-04-13,CUST-00507,20.0,Female,Delhi,North,Home & Kitchen,Table Lamp,1,931.67,0.0,Debit Card,Delivered,931.67
ORD-100353,2025-02-04,CUST-00628,61.0,Female,Pune,West,Sports,Football,1,1178.64,0.0,UPI,Delivered,1178.64
ORD-100092,2025-02-13,CUST-00364,49.0,Female,Chennai,South,Electronics,Smartwatch,1,5336.41,5.0,Debit Card,Delivered,5069.59
ORD-102118,2025-04-05,CUST-00332,36.0,Male,Pune,West,Electronics,Tablet,1,19889.9,5.0,UPI,Delivered,18895.4
ORD-101062,2025-07-18,CUST-01125,37.0,Male,Delhi,North,Beauty,Perfume,1,1837.15,30.0,Credit Card,Delivered,1286.0
ORD-101048,2025-04-13,CUST-01008,21.0,Female,Pune,West,Fashion,T-Shirt,1,633.59,0.0,Net Banking,Delivered,633.59
ORD-102261,2025-04-19,CUST-00978,31.0,Male,Kolkata,East,Beauty,Hair Dryer,1,1844.91,5.0,UPI,Delivered,1752.66
ORD-102095,2025-02-16,CUST-00827,57.0,Female,Chennai,South,Sports,Cricket Bat,1,2476.4,0.0,Credit Card,Delivered,2476.4
ORD-100349,2025-09-27,CUST-01183,19.0,Female,Chennai,South,Fashion,Sneakers,1,2288.03,5.0,Credit Card,Delivered,2173.63
ORD-101111,2025-01-23,CUST-00980,51.0,Female,Guwahati,East,Home & Kitchen,Table Lamp,1,837.18,10.0,UPI,Returned,753.46
ORD-101877,2025-02-05,CUST-00338,21.0,Female,Hyderabad,South,Electronics,Tablet,2,20516.73,15.0,Credit Card,Delivered,34878.44
ORD-101272,2025-10-08,CUST-00127,52.0,Male,Ahmedabad,West,Home & Kitchen,Mixer Grinder,1,3995.5,40.0,Cash on Delivery,Delivered,2397.3
ORD-101500,2025-07-11,CUST-00167,,Male,Hyderabad,South,Electronics,Headphones,1,2342.87,5.0,Debit Card,Delivered,2225.73
ORD-102381,2025-03-15,CUST-00472,60.0,Male,Lucknow,North,Home & Kitchen,Table Lamp,1,845.32,15.0,UPI,Delivered,718.52
ORD-102367,2025-02-15,CUST-00211,19.0,Male,Delhi,North,Electronics,Laptop,1,51233.84,15.0,Debit Card,Delivered,43548.76
ORD-102081,2025-12-13,CUST-00305,33.0,Female,Lucknow,North,Fashion,T-Shirt,1,601.17,0.0,UPI,Delivered,601.17
ORD-100454,2025-05-05,CUST-00321,51.0,Male,Chennai,South,Fashion,Jacket,1,2986.82,0.0,UPI,Delivered,2986.82
ORD-100914,2025-05-19,CUST-00383,51.0,Male,Chennai,South,Fashion,Jacket,1,3005.96,15.0,UPI,Delivered,2555.07
ORD-101422,2025-02-15,CUST-00162,19.0,Male,Patna,East,Beauty,Hair Dryer,2,1862.44,0.0,Credit Card,Delivered,3724.88
ORD-100038,2025-02-24,CUST-00544,24.0,Female,Chennai,South,Sports,Cricket Bat,1,2335.24,25.0,UPI,Delivered,1751.43
ORD-100975,2025-05-18,CUST-01067,26.0,Female,Patna,East,Fashion,Jacket,1,2827.62,0.0,UPI,Delivered,2827.62
ORD-101767,2025-09-23,CUST-00410,54.0,Female,Ahmedabad,West,Fashion,Jacket,1,2981.55,10.0,UPI,Shipped,2683.4
ORD-102432,2025-01-23,CUST-00677,57.0,Female,Chennai,South,Fashion,Dress,1,1278.39,20.0,UPI,Delivered,1022.71
ORD-100040,2025-12-23,CUST-00648,53.0,Female,Kolkata,East,Beauty,Makeup Set,2,925.5,0.0,UPI,Delivered,1851.0
ORD-101261,2025-11-13,CUST-00981,61.0,Male,Bengaluru,South,Fashion,Dress,1,1221.06,15.0,Cash on Delivery,Delivered,1037.9
ORD-102036,2025-07-02,CUST-00014,53.0,Male,Jaipur,North,Home & Kitchen,Table Lamp,2,866.77,25.0,Credit Card,Delivered,1300.15
ORD-102419,2025-10-28,CUST-00289,50.0,Male,Kolkata,East,Home & Kitchen,Bedsheet Set,4,1105.15,0.0,Cash on Delivery,Delivered,4420.6
ORD-101103,2025-12-06,CUST-00093,26.0,Male,Patna,East,Sports,Cricket Bat,1,2564.52,0.0,Cash on Delivery,Delivered,2564.52
ORD-101341,2025-07-18,CUST-01051,60.0,Male,Hyderabad,South,Beauty,Perfume,2,1995.64,5.0,Credit Card,Cancelled,3791.72
ORD-100635,2025-01-16,CUST-00465,,Male,Lucknow,North,Beauty,Makeup Set,2,1031.79,30.0,Wallet,Delivered,1444.51
ORD-102117,2025-10-25,CUST-00225,26.0,Male,Lucknow,North,Beauty,Skincare Kit,1,1478.84,15.0,Cash on Delivery,Delivered,1257.01
ORD-100580,2025-11-20,CUST-00303,31.0,Male,Ahmedabad,West,Electronics,Laptop,1,51161.2,0.0,UPI,Shipped,51161.2
ORD-101559,2025-03-17,CUST-00053,35.0,Male,Delhi,North,Beauty,Makeup Set,1,929.23,15.0,Net Banking,Delivered,789.85
ORD-100893,2025-01-18,CUST-01124,61.0,Female,Lucknow,North,Sports,Yoga Mat,1,735.76,5.0,Net Banking,Delivered,698.97
ORD-100781,2025-05-17,CUST-01156,48.0,Female,Delhi,North,Fashion,Jeans,2,1465.88,0.0,Credit Card,Delivered,2931.76
ORD-100160,2025-09-13,CUST-00204,61.0,Female,Guwahati,East,Electronics,Smartphone,2,15613.91,10.0,UPI,Returned,28105.04
ORD-101099,2025-06-04,CUST-00843,25.0,Male,Guwahati,East,Sports,Yoga Mat,1,821.83,25.0,Cash on Delivery,Delivered,616.37
ORD-101174,2025-03-27,CUST-01181,31.0,Female,Patna,East,Beauty,Perfume,1,1842.2,0.0,Credit Card,Delivered,1842.2
ORD-100062,2025-12-17,CUST-00099,21.0,Male,Chennai,South,Home & Kitchen,Air Fryer,1,8530.52,10.0,UPI,Delivered,7677.47
ORD-100850,2025-01-09,CUST-01173,51.0,Male,Guwahati,East,Electronics,Headphones,1,2551.08,10.0,UPI,Delivered,2295.97
ORD-101568,2025-05-15,CUST-00845,21.0,Male,Lucknow,North,Electronics,Laptop,1,49702.98,15.0,Cash on Delivery,Delivered,42247.53
ORD-102422,2025-11-07,CUST-00570,50.0,Female,Lucknow,North,Sports,Football,1,1151.77,30.0,Debit Card,Delivered,806.24
ORD-101044,2025-01-03,CUST-00458,23.0,Female,Jaipur,North,Electronics,Smartwatch,2,5237.48,20.0,Debit Card,Delivered,8379.97
ORD-101419,2025-09-20,CUST-01026,42.0,Male,Lucknow,North,Electronics,Smartwatch,1,4620.77,10.0,Credit Card,Delivered,4158.69
ORD-102185,2025-06-11,CUST-00317,42.0,Male,Chennai,South,Fashion,Sneakers,1,2277.3,10.0,UPI,Delivered,2049.57
ORD-100054,2025-11-12,CUST-00505,32.0,Female,Lucknow,North,Home & Kitchen,Mixer Grinder,1,4086.87,0.0,Net Banking,Delivered,4086.87
ORD-101570,2025-09-19,CUST-00089,55.0,Female,Jaipur,North,Fashion,Jeans,1,1556.42,10.0,UPI,Delivered,1400.78
ORD-100506,2025-05-25,CUST-01110,62.0,Male,Kolkata,East,Fashion,Jeans,1,1602.0,5.0,UPI,Delivered,1521.9
ORD-100753,2025-10-28,CUST-00078,46.0,Male,Pune,West,Electronics,Smartwatch,1,5196.99,25.0,UPI,Delivered,3897.74
ORD-102388,2025-12-01,CUST-00976,59.0,Male,Bengaluru,South,Fashion,Jeans,1,1493.05,10.0,UPI,Returned,1343.74
ORD-101445,2025-09-19,CUST-00730,50.0,Female,Jaipur,North,Sports,Dumbbell Set,3,1871.31,5.0,Debit Card,Delivered,5333.23
ORD-101415,2025-08-20,CUST-00529,62.0,Female,Lucknow,North,Beauty,Perfume,1,2039.53,0.0,Net Banking,Delivered,2039.53
ORD-101081,2025-11-17,CUST-00149,18.0,Male,Ahmedabad,West,Home & Kitchen,Bedsheet Set,1,1179.42,30.0,UPI,Delivered,825.59
ORD-102061,2025-08-20,CUST-00972,46.0,Male,Bengaluru,South,Beauty,Makeup Set,1,1058.23,10.0,Cash on Delivery,Delivered,952.41
ORD-100772,2025-11-05,CUST-00409,27.0,Female,Patna,East,Fashion,Jeans,2,1605.0,0.0,Cash on Delivery,Delivered,3210.0
ORD-102350,2025-09-10,CUST-01190,64.0,Female,Patna,East,Home & Kitchen,Mixer Grinder,1,4545.06,5.0,UPI,Delivered,4317.81
ORD-102246,2025-12-05,CUST-01008,60.0,Male,Delhi,North,Sports,Badminton Racket,1,1345.45,5.0,UPI,Delivered,1278.18
ORD-101673,2025-11-07,CUST-00418,38.0,Male,Guwahati,East,Fashion,Dress,1,1290.11,25.0,Credit Card,Delivered,967.58
ORD-101212,2025-10-01,CUST-00826,30.0,Male,Chennai,South,Sports,Yoga Mat,1,851.17,5.0,UPI,Delivered,808.61
ORD-101350,2025-01-02,CUST-01121,29.0,Male,Pune,West,Fashion,Dress,1,1202.96,0.0,UPI,Delivered,1202.96
ORD-101191,2025-10-10,CUST-00258,36.0,Male,Patna,East,Fashion,Jeans,1,1507.55,0.0,UPI,Delivered,1507.55
ORD-101562,2025-05-21,CUST-00912,52.0,Male,Pune,West,Electronics,Tablet,1,19324.32,15.0,Cash on Delivery,Delivered,16425.67
ORD-102144,2025-01-19,CUST-00454,34.0,Male,Bengaluru,South,Beauty,Skincare Kit,1,1451.21,10.0,UPI,Delivered,1306.09
ORD-100964,2025-10-12,CUST-00397,59.0,Female,Lucknow,North,Fashion,Dress,1,1209.8,25.0,Debit Card,Delivered,907.35
ORD-101179,2025-11-28,CUST-00353,27.0,Male,Chennai,South,Electronics,Tablet,2,19813.71,10.0,Debit Card,Delivered,35664.68
ORD-100399,2025-01-26,CUST-00618,25.0,Female,Mumbai,West,Fashion,Jacket,1,2786.28,20.0,Net Banking,Delivered,2229.02
ORD-100585,2025-01-03,CUST-00713,61.0,Female,Pune,West,Electronics,Laptop,1,49907.78,10.0,Credit Card,Delivered,44917.0
ORD-100949,2025-09-12,CUST-00284,61.0,Female,Chennai,South,Electronics,Tablet,1,18981.89,5.0,Wallet,Delivered,18032.8
ORD-100705,2025-08-23,CUST-00708,58.0,Male,Chennai,South,Fashion,Dress,1,1363.81,25.0,UPI,Shipped,1022.86
ORD-100432,2025-10-07,CUST-01105,27.0,Female,Delhi,North,Electronics,Headphones,1,2476.28,15.0,Cash on Delivery,Delivered,2104.84
ORD-100293,2025-08-23,CUST-00648,56.0,Female,Kolkata,East,Electronics,Tablet,1,17518.58,5.0,UPI,Delivered,16642.65
ORD-101878,2025-07-22,CUST-01174,55.0,Male,Lucknow,North,Electronics,Smartwatch,1,5351.91,15.0,Credit Card,Delivered,4549.12
ORD-101468,2025-03-07,CUST-01181,22.0,Male,Hyderabad,South,Sports,Badminton Racket,1,1331.7,40.0,Debit Card,Delivered,799.02
ORD-101947,2025-12-15,CUST-01048,45.0,Female,Bengaluru,South,Fashion,Dress,4,1357.01,20.0,Credit Card,Shipped,4342.43
ORD-100003,2025-11-28,CUST-00440,64.0,Male,Lucknow,North,Beauty,Makeup Set,1,926.08,0.0,Debit Card,Delivered,926.08
ORD-100577,2025-05-12,CUST-01053,48.0,Female,Kolkata,East,Electronics,Headphones,2,2661.17,25.0,Credit Card,Delivered,3991.76
ORD-101816,2025-09-19,CUST-00594,25.0,Male,Kolkata,East,Electronics,Tablet,1,20218.94,20.0,Net Banking,Delivered,16175.15
ORD-100340,2025-12-22,CUST-01151,56.0,Male,Hyderabad,South,Sports,Dumbbell Set,1,1892.59,30.0,UPI,Delivered,1324.81
ORD-102178,2025-01-21,CUST-01123,37.0,Female,Delhi,North,Home & Kitchen,Table Lamp,1,883.23,30.0,Credit Card,Delivered,618.26
ORD-100926,2025-02-20,CUST-00450,20.0,Male,Mumbai,West,Home & Kitchen,Bedsheet Set,1,1270.56,15.0,UPI,Delivered,1079.98
ORD-100266,2025-04-05,CUST-00725,20.0,Female,Delhi,North,Beauty,Makeup Set,1,1078.82,0.0,UPI,Delivered,1078.82
ORD-100377,2025-11-15,CUST-00512,30.0,Male,Patna,East,Home & Kitchen,Cookware Set,1,3515.22,0.0,UPI,Delivered,3515.22
ORD-100272,2025-02-08,CUST-00726,55.0,Female,Delhi,North,Home & Kitchen,Cookware Set,1,3253.07,10.0,UPI,Delivered,2927.76
ORD-100697,2025-10-23,CUST-00728,39.0,Female,Hyderabad,South,Electronics,Headphones,1,2695.52,15.0,Net Banking,Delivered,2291.19
ORD-101643,2025-06-25,CUST-00800,63.0,Male,Kolkata,East,Home & Kitchen,Air Fryer,1,8018.7,25.0,UPI,Delivered,6014.02
ORD-100245,2025-10-08,CUST-00283,65.0,Female,Kolkata,East,Electronics,Smartwatch,1,5007.91,30.0,UPI,Shipped,3505.54
ORD-101553,2025-04-01,CUST-00426,35.0,Male,Hyderabad,South,Fashion,Jacket,1,2929.07,20.0,UPI,Delivered,2343.26
ORD-100477,2025-02-06,CUST-01035,49.0,Male,Hyderabad,South,Fashion,Jacket,1,2706.42,5.0,UPI,Delivered,2571.1
ORD-101201,2025-01-24,CUST-00851,61.0,Female,Mumbai,West,Fashion,Jacket,1,2763.31,5.0,Net Banking,Delivered,2625.14
ORD-102031,2025-05-19,CUST-00911,39.0,Male,Hyderabad,South,Fashion,Jacket,1,2759.58,5.0,UPI,Delivered,2621.6
ORD-101308,2025-11-18,CUST-00923,43.0,Male,Hyderabad,South,Fashion,Dress,1,1342.14,0.0,UPI,Delivered,1342.14
ORD-101188,2025-06-16,CUST-00006,55.0,Female,Mumbai,West,Fashion,Jeans,2,1520.91,30.0,UPI,Delivered,2129.27
ORD-101323,2025-11-17,CUST-00890,20.0,Male,Hyderabad,South,Electronics,Tablet,1,17593.75,0.0,UPI,Delivered,17593.75
ORD-100251,2025-10-07,CUST-00681,43.0,Female,Delhi,North,Beauty,Skincare Kit,2,1570.36,25.0,Debit Card,Delivered,2355.54
ORD-100414,2025-05-14,CUST-00283,18.0,Female,Ahmedabad,West,Electronics,Smartwatch,1,5179.53,5.0,UPI,Delivered,4920.55
ORD-101724,2025-09-02,CUST-00066,54.0,Male,Bengaluru,South,Beauty,Skincare Kit,1,1543.86,5.0,UPI,Delivered,1466.67
ORD-101675,2025-07-01,CUST-00435,36.0,Female,Kolkata,East,Electronics,Laptop,2,49619.29,25.0,UPI,Delivered,74428.93
ORD-100311,2025-02-19,CUST-00078,58.0,Female,Delhi,North,Fashion,Sneakers,1,2200.45,15.0,Cash on Delivery,Delivered,1870.38
ORD-100894,2025-06-13,CUST-00830,52.0,Female,Guwahati,East,Electronics,Tablet,1,18862.41,10.0,Cash on Delivery,Delivered,16976.17
ORD-102496,2025-07-26,CUST-00025,55.0,Female,Jaipur,North,Electronics,Headphones,1,2600.74,15.0,UPI,Delivered,2210.63
ORD-100016,2025-11-11,CUST-00217,25.0,Male,Mumbai,West,Beauty,Makeup Set,3,965.58,10.0,UPI,Cancelled,2607.07
ORD-100722,2025-01-16,CUST-01168,26.0,Male,Chennai,South,Electronics,Laptop,1,50571.3,0.0,UPI,Delivered,50571.3
ORD-102202,2025-04-25,CUST-00657,20.0,Female,Hyderabad,South,Fashion,Sneakers,1,2254.4,10.0,UPI,Delivered,2028.96
ORD-100982,2025-07-23,CUST-00068,22.0,Male,Jaipur,North,Sports,Cricket Bat,1,2372.34,5.0,Net Banking,Shipped,2253.72
ORD-102116,2025-07-02,CUST-01014,43.0,Male,Bengaluru,South,Fashion,Dress,3,1197.93,25.0,Cash on Delivery,Delivered,2695.34
ORD-102000,2025-01-03,CUST-00872,42.0,Male,Kolkata,East,Electronics,Smartphone,1,17201.17,5.0,UPI,Delivered,16341.11
ORD-100364,2025-04-10,CUST-01135,58.0,Male,Jaipur,North,Electronics,Smartwatch,1,4870.76,0.0,Debit Card,Delivered,4870.76
ORD-101592,2025-02-27,CUST-01088,57.0,Male,Pune,West,Fashion,Jacket,1,2865.6,0.0,Cash on Delivery,Delivered,2865.6
ORD-100183,2025-09-27,CUST-00651,31.0,Male,Guwahati,East,Electronics,Laptop,1,49951.67,0.0,Debit Card,Delivered,49951.67
ORD-100986,2025-05-03,CUST-00014,28.0,Female,Jaipur,North,Home & Kitchen,Table Lamp,1,938.62,15.0,UPI,Delivered,797.83
ORD-101411,2025-08-03,CUST-00675,54.0,Male,Pune,West,Sports,Badminton Racket,1,1347.21,10.0,Credit Card,Delivered,1212.49
ORD-102011,2025-10-14,CUST-00591,44.0,Female,Mumbai,West,Electronics,Tablet,1,18180.08,10.0,Net Banking,Delivered,16362.07
ORD-101187,2025-09-18,CUST-00595,29.0,Male,Delhi,North,Sports,Yoga Mat,1,841.29,0.0,UPI,Delivered,841.29
ORD-101122,2025-10-18,CUST-01033,39.0,Female,Jaipur,North,Fashion,T-Shirt,1,559.98,10.0,Debit Card,Delivered,503.98
ORD-100188,2025-02-14,CUST-00877,42.0,Female,Ahmedabad,West,Electronics,Smartwatch,1,5002.25,0.0,Credit Card,Cancelled,5002.25
ORD-100620,2025-03-23,CUST-00149,23.0,Female,Pune,West,Electronics,Smartphone,1,16003.62,0.0,Debit Card,Delivered,16003.62
ORD-101309,2025-01-10,CUST-00835,24.0,Male,Bengaluru,South,Home & Kitchen,Air Fryer,1,8502.55,15.0,UPI,Delivered,7227.17
ORD-100615,2025-02-13,CUST-01152,50.0,Male,Guwahati,East,Beauty,Perfume,1,1821.02,0.0,Credit Card,Shipped,1821.02
ORD-101524,2025-08-19,CUST-00174,33.0,Male,Mumbai,West,Fashion,Sneakers,1,2284.91,25.0,Net Banking,Delivered,1713.68
ORD-100995,2025-02-11,CUST-00640,39.0,Female,Chennai,South,Beauty,Hair Dryer,1,1919.54,15.0,Net Banking,Delivered,1631.61
ORD-100935,2025-02-06,CUST-00847,63.0,Male,Bengaluru,South,Home & Kitchen,Cookware Set,1,3769.87,15.0,Cash on Delivery,Delivered,3204.39
ORD-100372,2025-10-08,CUST-00573,22.0,Female,Hyderabad,South,Fashion,Sneakers,2,2313.45,15.0,UPI,Delivered,3932.86
ORD-101362,2025-06-20,CUST-00347,19.0,Female,Jaipur,North,Beauty,Makeup Set,1,976.94,10.0,Net Banking,Delivered,879.25
ORD-100594,2025-05-07,CUST-00369,51.0,Male,Mumbai,West,Sports,Cricket Bat,1,2504.17,0.0,UPI,Returned,2504.17
ORD-100727,2025-12-27,CUST-00144,34.0,Male,Guwahati,East,Home & Kitchen,Bedsheet Set,1,1284.2,0.0,Cash on Delivery,Delivered,1284.2
ORD-101869,2025-12-20,CUST-00804,53.0,Female,Hyderabad,South,Electronics,Smartphone,1,16158.68,0.0,Debit Card,Delivered,16158.68
ORD-100688,2025-11-10,CUST-01125,19.0,Female,Guwahati,East,Beauty,Makeup Set,1,938.31,10.0,UPI,Shipped,844.48
ORD-102500,2025-10-27,CUST-00068,50.0,Male,Pune,West,Electronics,Headphones,1,2533.99,5.0,UPI,Delivered,2407.29
ORD-100137,2025-09-24,CUST-00444,42.0,Female,Chennai,South,Fashion,Sneakers,1,2468.42,5.0,Credit Card,Delivered,2345.0
ORD-100629,2025-06-28,CUST-00056,49.0,Male,Chennai,South,Home & Kitchen,Mixer Grinder,1,4463.99,15.0,Net Banking,Delivered,3794.39
ORD-100335,2025-11-23,CUST-00874,41.0,Male,Hyderabad,South,Fashion,Dress,1,1206.17,15.0,UPI,Delivered,1025.24
ORD-101504,2025-05-26,CUST-01019,34.0,Female,Pune,West,Electronics,Tablet,2,18694.47,0.0,Wallet,Delivered,37388.94
ORD-101881,2025-10-17,CUST-01042,42.0,Female,Patna,East,Fashion,Dress,1,1264.78,30.0,UPI,Delivered,885.35
ORD-101110,2025-11-22,CUST-00581,33.0,Male,Chennai,South,Home & Kitchen,Mixer Grinder,2,4312.58,15.0,UPI,Delivered,7331.39
ORD-101226,2025-07-17,CUST-01038,36.0,Female,Patna,East,Home & Kitchen,Bedsheet Set,2,1170.2,0.0,UPI,Delivered,2340.4
ORD-101812,2025-11-25,CUST-00742,65.0,Female,Delhi,North,Home & Kitchen,Cookware Set,1,3564.98,10.0,Debit Card,Cancelled,3208.48
ORD-100711,2025-08-04,CUST-00818,39.0,Female,Mumbai,West,Home & Kitchen,Air Fryer,1,7766.56,10.0,Debit Card,Returned,6989.9
ORD-101040,2025-02-25,CUST-00354,54.0,Female,Kolkata,East,Electronics,Headphones,2,2504.79,10.0,UPI,Delivered,4508.62
ORD-101331,2025-01-06,CUST-00520,60.0,Female,Patna,East,Beauty,Hair Dryer,1,1840.79,15.0,Credit Card,Delivered,1564.67
ORD-101469,2025-02-07,CUST-00101,60.0,Female,Jaipur,North,Electronics,Headphones,1,2493.48,10.0,Cash on Delivery,Delivered,2244.13
ORD-102310,2025-06-16,CUST-00994,54.0,Female,Pune,West,Sports,Dumbbell Set,1,2035.38,5.0,Cash on Delivery,Cancelled,1933.61
ORD-101113,2025-02-05,CUST-00666,28.0,Male,Guwahati,East,Sports,Badminton Racket,1,1342.14,30.0,Cash on Delivery,Delivered,939.5
ORD-100466,2025-08-26,CUST-00957,44.0,Male,Delhi,North,Beauty,Makeup Set,1,1018.6,5.0,Credit Card,Delivered,967.67
ORD-101383,2025-10-18,CUST-00281,29.0,Female,Kolkata,East,Electronics,Tablet,1,20092.18,5.0,Cash on Delivery,Delivered,19087.57
ORD-102484,2025-12-27,CUST-00084,53.0,Female,Bengaluru,South,Electronics,Tablet,2,19568.47,5.0,Cash on Delivery,Delivered,37180.09
ORD-101880,2025-10-11,CUST-00551,46.0,Male,Ahmedabad,West,Electronics,Smartwatch,1,5024.18,15.0,Net Banking,Delivered,4270.55
ORD-101105,2025-01-11,CUST-00537,43.0,Female,Patna,East,Fashion,Jacket,1,2817.76,0.0,Net Banking,Delivered,2817.76
ORD-101692,2025-03-08,CUST-01038,46.0,Female,Bengaluru,South,Home & Kitchen,Mixer Grinder,1,4496.97,15.0,Wallet,Cancelled,3822.42
ORD-102026,2025-05-26,CUST-00944,35.0,Male,Delhi,North,Beauty,Skincare Kit,4,1562.51,25.0,Credit Card,Delivered,4687.53
ORD-101998,2025-06-07,CUST-00543,26.0,Male,Bengaluru,South,Electronics,Tablet,1,18506.46,0.0,Cash on Delivery,Delivered,18506.46
ORD-102103,2025-10-03,CUST-01112,54.0,Female,Lucknow,North,Home & Kitchen,Bedsheet Set,1,1182.7,5.0,UPI,Delivered,1123.57
ORD-101667,2025-08-12,CUST-00762,40.0,Male,Mumbai,West,Electronics,Smartphone,1,16719.27,5.0,Wallet,Delivered,15883.31
ORD-101193,2025-01-02,CUST-00553,43.0,Male,Guwahati,East,Electronics,Headphones,1,2677.88,10.0,Debit Card,Delivered,2410.09
ORD-102110,2025-07-07,CUST-00199,63.0,Female,Jaipur,North,Home & Kitchen,Cookware Set,1,3693.37,10.0,Credit Card,Delivered,3324.03
ORD-100817,2025-11-01,CUST-01172,53.0,Male,Chennai,South,Home & Kitchen,Mixer Grinder,1,4346.84,15.0,Cash on Delivery,Delivered,3694.81
ORD-101068,2025-05-23,CUST-01191,31.0,Male,Hyderabad,South,Home & Kitchen,Cookware Set,1,3775.06,5.0,UPI,Shipped,3586.31
ORD-100275,2025-10-08,CUST-00136,45.0,Male,Jaipur,North,Sports,Yoga Mat,1,765.08,5.0,Cash on Delivery,Delivered,726.83
ORD-101727,2025-05-02,CUST-00923,60.0,Male,Jaipur,North,Fashion,Dress,1,1304.98,15.0,Cash on Delivery,Delivered,1109.23
ORD-100866,2025-11-27,CUST-01151,22.0,Female,Mumbai,West,Fashion,Jeans,1,1598.85,15.0,UPI,Delivered,1359.02
ORD-100102,2025-09-12,CUST-00269,49.0,Male,Ahmedabad,West,Sports,Yoga Mat,1,752.72,20.0,UPI,Shipped,602.18
ORD-101565,2025-11-06,CUST-01161,63.0,Male,Delhi,North,Beauty,Perfume,2,1968.43,20.0,Cash on Delivery,Delivered,3149.49
ORD-100108,2025-04-11,CUST-00074,37.0,Female,Patna,East,Electronics,Smartwatch,1,4667.85,0.0,UPI,Delivered,4667.85
ORD-101540,2025-11-05,CUST-00963,58.0,Male,Pune,West,Electronics,Laptop,1,53951.88,10.0,Cash on Delivery,Delivered,48556.69
ORD-101507,2025-07-05,CUST-00530,33.0,Male,Delhi,North,Sports,Dumbbell Set,1,2069.77,15.0,UPI,Shipped,1759.3
ORD-101986,2025-08-14,CUST-00940,53.0,Female,Chennai,South,Beauty,Skincare Kit,3,1553.4,40.0,Credit Card,Delivered,2796.12
ORD-101245,2025-03-10,CUST-00664,28.0,Male,Mumbai,West,Fashion,Jacket,1,2716.39,0.0,Debit Card,Delivered,2716.39
ORD-101392,2025-10-06,CUST-00365,46.0,Female,Lucknow,North,Electronics,Laptop,1,52131.69,20.0,Debit Card,Delivered,41705.35
ORD-101741,2025-12-20,CUST-00115,25.0,Male,Patna,East,Electronics,Smartphone,1,16968.48,15.0,Cash on Delivery,Delivered,14423.21
ORD-101870,2025-12-10,CUST-00740,49.0,Female,Hyderabad,South,Beauty,Hair Dryer,4,1894.01,0.0,Credit Card,Delivered,7576.04
ORD-102425,2025-07-10,CUST-01074,49.0,Female,Patna,East,Electronics,Smartphone,1,15581.81,10.0,Credit Card,Shipped,14023.63
ORD-100713,2025-10-03,CUST-00481,30.0,Male,Pune,West,Home & Kitchen,Bedsheet Set,1,1240.97,15.0,UPI,Shipped,1054.82
ORD-100073,2025-02-09,CUST-00992,33.0,Female,Pune,West,Electronics,Smartwatch,1,4731.44,15.0,Debit Card,Delivered,4021.72
ORD-101826,2025-04-28,CUST-00149,65.0,Female,Delhi,North,Home & Kitchen,Air Fryer,1,8276.41,15.0,Debit Card,Delivered,7034.95
ORD-102415,2025-08-05,CUST-00744,31.0,Female,Patna,East,Fashion,Dress,2,1343.19,30.0,UPI,Delivered,1880.47
ORD-100482,2025-11-13,CUST-00888,44.0,Female,Patna,East,Home & Kitchen,Table Lamp,1,969.68,0.0,UPI,Delivered,969.68
ORD-101691,2025-05-10,CUST-00733,35.0,Female,Lucknow,North,Fashion,Dress,1,1209.87,0.0,UPI,Delivered,1209.87
ORD-102001,2025-05-14,CUST-01090,60.0,Male,Delhi,North,Fashion,Jeans,1,1527.13,15.0,Net Banking,Delivered,1298.06
ORD-101172,2025-05-20,CUST-00915,51.0,Female,Ahmedabad,West,Beauty,Hair Dryer,2,1747.87,0.0,Net Banking,Delivered,3495.74
ORD-102049,2025-03-02,CUST-00112,31.0,Female,Patna,East,Beauty,Skincare Kit,2,1382.73,20.0,Credit Card,Delivered,2212.37
ORD-101458,2025-09-28,CUST-00830,29.0,Male,Ahmedabad,West,Fashion,T-Shirt,2,561.63,5.0,UPI,Delivered,1067.1
ORD-100406,2025-03-10,CUST-00800,26.0,Male,Delhi,North,Home & Kitchen,Mixer Grinder,2,4244.6,10.0,UPI,Cancelled,7640.28
ORD-100758,2025-10-16,CUST-00359,57.0,Male,Lucknow,North,Fashion,Jeans,1,1398.33,10.0,UPI,Delivered,1258.5
ORD-101386,2025-09-26,CUST-00573,60.0,Female,Kolkata,East,Home & Kitchen,Mixer Grinder,1,4370.44,20.0,UPI,Cancelled,3496.35
ORD-101645,2025-03-27,CUST-01088,37.0,Male,Guwahati,East,Electronics,Laptop,1,51897.62,20.0,Debit Card,Delivered,41518.1
ORD-102294,2025-11-07,CUST-00601,44.0,Female,Pune,West,Sports,Football,1,1163.28,0.0,Net Banking,Delivered,1163.28
ORD-101794,2025-04-11,CUST-00720,33.0,Female,Chennai,South,Fashion,Jacket,1,2585.93,15.0,Credit Card,Delivered,2198.04
ORD-100744,2025-02-16,CUST-01069,42.0,Male,Chennai,South,Beauty,Hair Dryer,1,1810.37,5.0,UPI,Delivered,1719.85
ORD-100807,2025-06-03,CUST-00974,32.0,Female,Chennai,South,Fashion,Sneakers,1,2436.85,0.0,Cash on Delivery,Delivered,2436.85
ORD-102320,2025-11-12,CUST-00758,30.0,Male,Kolkata,East,Fashion,Jacket,1,2662.28,5.0,Cash on Delivery,Returned,2529.17
ORD-101919,2025-09-26,CUST-00474,39.0,Male,Bengaluru,South,Electronics,Tablet,1,17995.43,15.0,UPI,Cancelled,15296.12
ORD-101923,2025-06-26,CUST-00053,64.0,Female,Jaipur,North,Beauty,Perfume,1,1855.23,15.0,UPI,Delivered,1576.95
ORD-101457,2025-10-01,CUST-00685,65.0,Female,Ahmedabad,West,Home & Kitchen,Mixer Grinder,1,4463.79,30.0,Debit Card,Cancelled,3124.65
ORD-100149,2025-06-06,CUST-00292,62.0,Male,Guwahati,East,Fashion,Jacket,1,2884.27,40.0,UPI,Delivered,1730.56
ORD-101317,2025-11-13,CUST-00412,50.0,Male,Bengaluru,South,Electronics,Smartwatch,2,5138.75,25.0,UPI,Delivered,7708.12
ORD-101460,2025-10-22,CUST-00621,54.0,Male,Ahmedabad,West,Fashion,Jacket,1,2764.8,30.0,Net Banking,Delivered,1935.36
ORD-100693,2025-06-19,CUST-00389,53.0,Male,Patna,East,Fashion,Dress,1,1337.42,15.0,Cash on Delivery,Delivered,1136.81
ORD-100819,2025-09-28,CUST-01045,44.0,Female,Lucknow,North,Beauty,Skincare Kit,1,1386.21,,Debit Card,Delivered,1386.21
ORD-102123,2025-10-21,CUST-00406,24.0,Male,Guwahati,East,Electronics,Smartwatch,1,5367.55,0.0,UPI,Delivered,5367.55
ORD-101466,2025-03-12,CUST-00220,47.0,Female,Ahmedabad,West,Sports,Badminton Racket,2,1353.31,30.0,UPI,Delivered,1894.63
ORD-101740,2025-06-20,CUST-00774,20.0,Female,Kolkata,East,Beauty,Makeup Set,1,958.89,20.0,Cash on Delivery,Delivered,767.11
ORD-100702,2025-06-22,CUST-00511,27.0,Female,Mumbai,West,Electronics,Laptop,1,53328.45,20.0,Cash on Delivery,Delivered,42662.76
ORD-102223,2025-07-05,CUST-00025,57.0,Male,Bengaluru,South,Home & Kitchen,Table Lamp,2,959.04,20.0,Wallet,Cancelled,1534.46
ORD-100922,2025-07-03,CUST-01077,18.0,Female,Hyderabad,South,Beauty,Perfume,1,1970.56,15.0,UPI,Delivered,1674.98
ORD-100906,2025-10-14,CUST-00744,18.0,Male,Bengaluru,South,Electronics,Smartphone,1,15895.72,10.0,UPI,Returned,14306.15
ORD-100455,2025-04-17,CUST-00767,25.0,Male,Bengaluru,South,Electronics,Tablet,1,19349.28,0.0,Debit Card,Delivered,19349.28
ORD-101509,2025-07-23,CUST-01187,26.0,Female,Kolkata,East,Beauty,Hair Dryer,1,1719.65,10.0,UPI,Delivered,1547.69
ORD-101819,2025-02-19,CUST-00077,46.0,Female,Ahmedabad,West,Home & Kitchen,Mixer Grinder,1,4123.55,10.0,UPI,Delivered,3711.2
ORD-101955,2025-04-05,CUST-00554,55.0,Male,Pune,West,Home & Kitchen,Table Lamp,1,902.22,5.0,UPI,Delivered,857.11
ORD-100168,2025-10-13,CUST-00235,33.0,Female,Delhi,North,Home & Kitchen,Air Fryer,1,7556.54,30.0,UPI,Delivered,5289.58
ORD-100731,2025-06-17,CUST-00257,58.0,Male,Mumbai,West,Fashion,Dress,1,1375.09,10.0,Credit Card,Delivered,1237.58
ORD-101602,2025-04-16,CUST-00173,21.0,Male,Pune,West,Home & Kitchen,Mixer Grinder,1,4586.86,0.0,Net Banking,Delivered,4586.86
ORD-100027,2025-06-02,CUST-00961,61.0,Female,Jaipur,North,Fashion,Dress,2,1205.88,25.0,UPI,Delivered,1808.82
ORD-102430,2025-12-23,CUST-00133,64.0,Male,Bengaluru,South,Electronics,Headphones,1,2448.62,5.0,Credit Card,Delivered,2326.19
ORD-101547,2025-07-23,CUST-00609,19.0,Female,Mumbai,West,Home & Kitchen,Bedsheet Set,1,1134.72,,Debit Card,Delivered,794.3
ORD-100998,2025-08-27,CUST-00849,,Male,Hyderabad,South,Fashion,T-Shirt,2,638.57,10.0,Credit Card,Delivered,1149.43
ORD-101177,2025-05-10,CUST-00687,40.0,Male,Pune,West,Beauty,Makeup Set,1,990.35,15.0,Cash on Delivery,Delivered,841.8
ORD-101041,2025-04-09,CUST-00557,44.0,Female,Delhi,North,Electronics,Smartwatch,1,4619.6,20.0,UPI,Delivered,3695.68
ORD-101646,2025-04-04,CUST-00695,27.0,Female,Patna,East,Fashion,T-Shirt,1,587.82,15.0,UPI,Delivered,499.65
ORD-101456,2025-10-27,CUST-00059,43.0,Male,Hyderabad,South,Electronics,Tablet,1,18550.74,10.0,Debit Card,Delivered,16695.67
ORD-101914,2025-10-05,CUST-00404,56.0,Female,Bengaluru,South,Beauty,Hair Dryer,1,1699.28,0.0,Credit Card,Delivered,1699.28
ORD-100042,2025-10-25,CUST-01048,45.0,Male,Jaipur,North,Electronics,Laptop,1,57059.86,10.0,Cash on Delivery,Delivered,51353.87
ORD-101267,2025-05-12,CUST-00527,37.0,Female,Chennai,South,Home & Kitchen,Mixer Grinder,2,4335.84,10.0,Credit Card,Delivered,7804.51
ORD-101651,2025-02-21,CUST-00424,37.0,Female,Pune,West,Electronics,Smartwatch,1,4841.13,15.0,Debit Card,Returned,4114.96
ORD-101731,2025-10-19,CUST-00435,54.0,Female,Patna,East,Home & Kitchen,Mixer Grinder,4,4404.56,5.0,UPI,Delivered,16737.33
ORD-101399,2025-11-10,CUST-00418,28.0,Female,Mumbai,West,Electronics,Smartphone,2,16845.24,0.0,Credit Card,Delivered,33690.48
ORD-101279,2025-02-04,CUST-00556,54.0,Female,Lucknow,North,Electronics,Tablet,2,18639.4,10.0,Credit Card,Cancelled,33550.92
ORD-100610,2025-04-16,CUST-00701,47.0,Male,Ahmedabad,West,Home & Kitchen,Bedsheet Set,1,1191.04,10.0,UPI,Delivered,1071.94
ORD-101133,2025-10-20,CUST-00918,34.0,Male,Guwahati,East,Fashion,Dress,1,1278.57,20.0,UPI,Delivered,1022.86
ORD-102029,2025-09-27,CUST-00098,50.0,Male,Ahmedabad,West,Home & Kitchen,Bedsheet Set,1,1254.33,10.0,UPI,Delivered,1128.9
ORD-100442,2025-10-21,CUST-00970,42.0,Female,Jaipur,North,Electronics,Tablet,2,18886.67,15.0,UPI,Delivered,32107.34
ORD-101376,2025-11-16,CUST-00739,44.0,Female,Lucknow,North,Electronics,Tablet,1,19868.78,0.0,Cash on Delivery,Delivered,19868.78
ORD-101603,2025-09-23,CUST-01036,57.0,Male,Kolkata,East,Sports,Cricket Bat,1,2655.91,30.0,Cash on Delivery,Delivered,1859.14
ORD-100494,2025-12-01,CUST-00974,49.0,Male,Ahmedabad,West,Home & Kitchen,Table Lamp,2,960.54,15.0,UPI,Delivered,1632.92
ORD-101908,2025-07-18,CUST-00021,53.0,Male,Ahmedabad,West,Beauty,Makeup Set,1,1057.33,10.0,UPI,Delivered,951.6
ORD-100237,2025-06-03,CUST-00123,24.0,Female,Ahmedabad,West,Sports,Dumbbell Set,1,2052.54,10.0,Cash on Delivery,Delivered,1847.29
ORD-100552,2025-03-12,CUST-00401,62.0,Male,Mumbai,West,Fashion,Dress,2,1296.24,0.0,UPI,Delivered,2592.48
ORD-100521,2025-01-22,CUST-00374,32.0,Male,Guwahati,East,Electronics,Smartwatch,2,5304.19,15.0,UPI,Shipped,9017.12
ORD-101689,2025-07-23,CUST-01138,22.0,Female,Chennai,South,Beauty,Perfume,1,1953.58,10.0,Credit Card,Delivered,1758.22
ORD-101233,2025-12-02,CUST-00769,21.0,Female,Jaipur,North,Sports,Badminton Racket,1,1509.32,25.0,Debit Card,Delivered,1131.99
ORD-101139,2025-03-03,CUST-00530,,Female,Hyderabad,South,Fashion,Dress,2,1244.9,15.0,UPI,Delivered,2116.33
ORD-100721,2025-06-19,CUST-00260,51.0,Male,Hyderabad,South,Beauty,Makeup Set,2,950.05,0.0,Credit Card,Delivered,1900.1
ORD-101934,2025-07-06,CUST-01066,58.0,Male,Patna,East,Fashion,Dress,1,1390.52,5.0,UPI,Cancelled,1320.99
ORD-102220,2025-09-25,CUST-00162,47.0,Female,Patna,East,Fashion,Dress,1,1359.69,10.0,Wallet,Delivered,1223.72
ORD-100059,2025-11-22,CUST-01143,42.0,Female,Patna,East,Home & Kitchen,Mixer Grinder,1,4116.4,15.0,Cash on Delivery,Delivered,3498.94
ORD-100632,2025-08-14,CUST-01181,46.0,Female,Pune,West,Home & Kitchen,Table Lamp,2,931.15,15.0,Debit Card,Shipped,1582.95
ORD-101182,2025-06-12,CUST-00283,36.0,Female,Patna,East,Electronics,Smartphone,1,16990.16,5.0,Cash on Delivery,Delivered,16140.65
ORD-101855,2025-12-27,CUST-00070,29.0,Male,Ahmedabad,West,Electronics,Laptop,1,53303.28,0.0,Credit Card,Delivered,53303.28
ORD-100593,2025-10-06,CUST-00290,39.0,Male,Bengaluru,South,Electronics,Smartphone,1,16386.16,0.0,UPI,Cancelled,16386.16
ORD-102188,2025-07-01,CUST-00050,44.0,Male,Delhi,North,Sports,Yoga Mat,1,768.37,0.0,Debit Card,Delivered,768.37
ORD-100940,2025-06-25,CUST-00046,32.0,Female,Hyderabad,South,Beauty,Hair Dryer,1,1709.41,30.0,Credit Card,Cancelled,1196.59
ORD-102421,2025-12-12,CUST-00975,60.0,Male,Patna,East,Beauty,Hair Dryer,1,1690.65,0.0,UPI,Delivered,1690.65
ORD-101250,2025-08-18,CUST-00930,26.0,Female,Chennai,South,Home & Kitchen,Bedsheet Set,1,1209.2,25.0,Cash on Delivery,Delivered,906.9
ORD-100905,2025-01-09,CUST-00994,41.0,Female,Lucknow,North,Beauty,Hair Dryer,1,1813.07,0.0,Wallet,Delivered,1813.07
ORD-101973,2025-11-23,CUST-00119,54.0,Female,Kolkata,East,Fashion,Sneakers,1,2199.88,10.0,Credit Card,Delivered,1979.89
ORD-102410,2025-10-16,CUST-00427,47.0,Female,Bengaluru,South,Fashion,T-Shirt,1,612.7,25.0,Debit Card,Delivered,459.53
ORD-101566,2025-05-15,CUST-00073,52.0,Male,Delhi,North,Beauty,Makeup Set,1,1042.71,5.0,UPI,Delivered,990.57
ORD-102248,2025-08-14,CUST-00971,27.0,Female,Kolkata,East,Electronics,Smartwatch,1,4793.57,10.0,UPI,Delivered,4314.21
ORD-101883,2025-09-16,CUST-00613,38.0,Male,Guwahati,East,Home & Kitchen,Cookware Set,1,3283.26,30.0,Debit Card,Shipped,2298.28
ORD-101938,2025-12-09,CUST-00295,34.0,Male,Guwahati,East,Fashion,Dress,2,1374.65,0.0,Cash on Delivery,Delivered,2749.3
ORD-100707,2025-06-21,CUST-01055,38.0,Male,Kolkata,East,Sports,Badminton Racket,1,1307.81,0.0,Wallet,Delivered,1307.81
ORD-101023,2025-09-15,CUST-00108,55.0,Male,Bengaluru,South,Beauty,Skincare Kit,1,1496.76,5.0,Credit Card,Delivered,1421.92
ORD-100746,2025-09-15,CUST-01088,32.0,Male,Bengaluru,South,Electronics,Headphones,1,2307.87,40.0,UPI,Delivered,1384.72
ORD-101856,2025-08-26,CUST-00663,29.0,Female,Kolkata,East,Home & Kitchen,Table Lamp,1,829.1,0.0,Credit Card,Cancelled,829.1
ORD-101450,2025-06-05,CUST-00586,29.0,Female,Mumbai,West,Home & Kitchen,Cookware Set,1,3349.87,0.0,UPI,Delivered,3349.87
ORD-100514,2025-09-11,CUST-00881,46.0,Male,Hyderabad,South,Electronics,Smartwatch,1,4946.69,0.0,Net Banking,Delivered,4946.69
ORD-100082,2025-04-27,CUST-00069,40.0,Male,Patna,East,Electronics,Headphones,2,2410.28,0.0,UPI,Delivered,4820.56
ORD-102227,2025-08-24,CUST-00019,53.0,Male,Jaipur,North,Sports,Dumbbell Set,1,1869.79,10.0,UPI,Delivered,1682.81
ORD-100915,2025-03-24,CUST-00545,21.0,Female,Pune,West,Electronics,Tablet,1,20432.98,25.0,Credit Card,Delivered,15324.74
ORD-102313,2025-10-09,CUST-00116,27.0,Female,Ahmedabad,West,Home & Kitchen,Cookware Set,1,3393.6,0.0,Credit Card,Delivered,3393.6
ORD-102311,2025-11-13,CUST-00039,49.0,Male,Patna,East,Beauty,Skincare Kit,2,1554.2,10.0,Credit Card,Delivered,2797.56
ORD-100151,2025-04-08,CUST-00307,19.0,Male,Jaipur,North,Electronics,Laptop,2,52159.52,0.0,Cash on Delivery,Delivered,104319.04
ORD-100775,2025-08-12,CUST-00590,37.0,Male,Jaipur,North,Sports,Yoga Mat,1,748.59,15.0,UPI,Cancelled,636.3
ORD-100330,2025-09-27,CUST-01098,48.0,Male,Bengaluru,South,Electronics,Smartwatch,2,5133.73,10.0,Net Banking,Delivered,9240.71
ORD-100007,2025-05-16,CUST-01027,31.0,Male,Bengaluru,South,Electronics,Laptop,1,52214.47,25.0,UPI,Delivered,39160.85
ORD-100944,2025-10-07,CUST-00972,19.0,Female,Hyderabad,South,Beauty,Hair Dryer,1,1805.26,0.0,Debit Card,Delivered,1805.26
ORD-102214,2025-03-28,CUST-00102,47.0,Female,Chennai,South,Fashion,Jeans,2,1417.34,5.0,Cash on Delivery,Delivered,2692.95
ORD-100735,2025-07-28,CUST-00778,45.0,Male,Lucknow,North,Electronics,Tablet,3,20485.69,0.0,Credit Card,Delivered,61457.07
ORD-100910,2025-10-14,CUST-00336,26.0,Male,Lucknow,North,Home & Kitchen,Bedsheet Set,1,1161.36,0.0,UPI,Returned,1161.36
ORD-100469,2025-04-26,CUST-00633,46.0,Male,Jaipur,North,Home & Kitchen,Cookware Set,1,3340.75,0.0,UPI,Delivered,3340.75
ORD-100182,2025-05-19,CUST-00381,58.0,Male,Bengaluru,South,Electronics,Headphones,2,2413.08,5.0,Cash on Delivery,Delivered,4584.85
ORD-100165,2025-10-19,CUST-00926,29.0,Female,Bengaluru,South,Electronics,Smartwatch,1,4668.44,0.0,Credit Card,Delivered,4668.44
ORD-100452,2025-07-05,CUST-00689,48.0,Male,Lucknow,North,Electronics,Laptop,1,51891.62,5.0,UPI,Delivered,49297.04
ORD-100491,2025-06-16,CUST-00116,19.0,Female,Bengaluru,South,Sports,Cricket Bat,1,2463.67,5.0,UPI,Delivered,2340.49
ORD-101420,2025-03-16,CUST-00197,28.0,Male,Hyderabad,South,Fashion,T-Shirt,1,609.61,20.0,Wallet,Delivered,487.69
ORD-101144,2025-08-07,CUST-00113,46.0,Female,Bengaluru,South,Fashion,Jacket,3,2699.84,10.0,UPI,Delivered,7289.57
ORD-102384,2025-08-12,CUST-00278,39.0,Male,Bengaluru,South,Electronics,Headphones,2,2669.44,30.0,Debit Card,Delivered,3737.22
ORD-101112,2025-10-15,CUST-00177,42.0,Female,Delhi,North,Home & Kitchen,Air Fryer,1,7375.68,10.0,Cash on Delivery,Delivered,6638.11
ORD-102498,2025-07-02,CUST-00405,24.0,Male,Jaipur,North,Home & Kitchen,Mixer Grinder,1,4456.84,0.0,Credit Card,Delivered,4456.84
ORD-101335,2025-02-27,CUST-00562,52.0,Male,Kolkata,East,Fashion,Sneakers,1,2349.2,25.0,Cash on Delivery,Cancelled,1761.9
ORD-101511,2025-05-11,CUST-00158,55.0,Female,Chennai,South,Electronics,Smartwatch,1,5257.34,15.0,Cash on Delivery,Delivered,4468.74
ORD-101739,2025-05-19,CUST-01171,31.0,Male,Lucknow,North,Fashion,Jacket,4,2582.28,0.0,Cash on Delivery,Delivered,10329.12
ORD-101785,2025-01-01,CUST-00297,25.0,Female,Ahmedabad,West,Home & Kitchen,Bedsheet Set,1,1252.94,15.0,Wallet,Delivered,1065.0
ORD-101540,2025-11-05,CUST-00963,58.0,Male,Pune,West,Electronics,Laptop,1,53951.88,10.0,Cash on Delivery,Delivered,48556.69
ORD-101876,2025-02-01,CUST-00799,31.0,Female,Kolkata,East,Sports,Football,2,1070.78,10.0,UPI,Shipped,1927.4
ORD-101814,2025-01-10,CUST-00140,41.0,Female,Kolkata,East,Home & Kitchen,Bedsheet Set,1,1167.45,25.0,Cash on Delivery,Delivered,875.59
ORD-101818,2025-08-19,CUST-00154,43.0,Female,Hyderabad,South,Fashion,T-Shirt,1,614.98,0.0,Cash on Delivery,Delivered,614.98
ORD-100328,2025-12-25,CUST-00601,24.0,Male,Mumbai,West,Fashion,Jacket,1,2799.54,0.0,Net Banking,Delivered,2799.54
ORD-100443,2025-10-08,CUST-00636,29.0,Female,Jaipur,North,Home & Kitchen,Table Lamp,1,861.29,10.0,Debit Card,Delivered,775.16
ORD-101616,2025-06-10,CUST-01048,56.0,Male,Mumbai,West,Home & Kitchen,Table Lamp,1,957.69,10.0,Debit Card,Delivered,861.92
ORD-101405,2025-05-26,CUST-00305,23.0,Male,Bengaluru,South,Fashion,Jacket,2,2694.05,5.0,Debit Card,Shipped,5118.69
ORD-100833,2025-12-15,CUST-01046,59.0,Female,Guwahati,East,Fashion,T-Shirt,1,561.39,0.0,UPI,Delivered,561.39
ORD-101926,2025-02-26,CUST-00224,43.0,Male,Delhi,North,Beauty,Hair Dryer,2,1823.2,0.0,Cash on Delivery,Delivered,3646.4
ORD-101918,2025-12-08,CUST-00134,63.0,Male,Guwahati,East,Fashion,Jacket,3,2815.03,15.0,Credit Card,Delivered,7178.33
ORD-101408,2025-02-23,CUST-00372,23.0,Female,Jaipur,North,Fashion,Jeans,1,1519.77,0.0,UPI,Delivered,1519.77
ORD-100087,2025-11-20,CUST-00090,60.0,Female,Pune,West,Beauty,Hair Dryer,1,1726.58,0.0,UPI,Cancelled,1726.58
ORD-102452,2025-06-10,CUST-00845,57.0,Female,Chennai,South,Home & Kitchen,Air Fryer,1,7867.84,0.0,UPI,Delivered,7867.84
ORD-100778,2025-10-16,CUST-00421,50.0,Female,Chennai,South,Home & Kitchen,Mixer Grinder,1,4504.78,15.0,Cash on Delivery,Delivered,3829.06
ORD-102024,2025-09-23,CUST-01081,54.0,Female,Chennai,South,Beauty,Perfume,1,1759.57,0.0,Credit Card,Returned,1759.57
ORD-100055,2025-04-01,CUST-00619,52.0,Female,Chennai,South,Home & Kitchen,Bedsheet Set,4,1222.09,10.0,Cash on Delivery,Shipped,4399.52
ORD-101902,2025-07-21,CUST-00640,46.0,Male,Pune,West,Beauty,Makeup Set,1,1053.47,0.0,UPI,Delivered,1053.47
ORD-101288,2025-10-24,CUST-01088,44.0,Female,Bengaluru,South,Sports,Cricket Bat,1,2638.03,15.0,UPI,Delivered,2242.33
ORD-101712,2025-11-18,CUST-00984,60.0,Female,Lucknow,North,Fashion,Dress,1,1317.29,10.0,Debit Card,Delivered,1185.56
ORD-102382,2025-07-26,CUST-00640,58.0,Male,Patna,East,Electronics,Smartphone,1,17192.94,5.0,Cash on Delivery,Delivered,16333.29
ORD-101246,2025-03-10,CUST-00950,23.0,Female,Lucknow,North,Fashion,Sneakers,1,2435.31,5.0,UPI,Delivered,2313.54
ORD-100114,2025-05-02,CUST-00062,23.0,Female,Chennai,South,Electronics,Tablet,1,20179.57,25.0,UPI,Delivered,15134.68
ORD-102353,2025-11-08,CUST-00767,39.0,Male,Mumbai,West,Fashion,Jeans,4,1403.59,15.0,Cash on Delivery,Delivered,4772.21
ORD-100988,2025-09-20,CUST-00260,19.0,Male,Pune,West,Fashion,Sneakers,2,2225.44,0.0,Credit Card,Delivered,4450.88
ORD-101911,2025-11-17,CUST-00253,31.0,Female,Mumbai,West,Beauty,Makeup Set,2,967.04,10.0,Cash on Delivery,Delivered,1740.67
ORD-101595,2025-10-05,CUST-00751,34.0,Female,Lucknow,North,Home & Kitchen,Air Fryer,1,8337.18,30.0,UPI,Delivered,5836.03
ORD-101010,2025-11-13,CUST-00946,38.0,Male,Kolkata,East,Electronics,Tablet,1,20116.23,0.0,Cash on Delivery,Delivered,20116.23
ORD-101199,2025-12-07,CUST-00912,22.0,Male,Ahmedabad,West,Fashion,T-Shirt,1,568.66,10.0,UPI,Delivered,511.79
ORD-100590,2025-10-10,CUST-00551,18.0,Female,Guwahati,East,Fashion,Dress,1,1397.52,25.0,UPI,Delivered,1048.14
ORD-100769,2025-10-04,CUST-00359,60.0,Female,Jaipur,North,Sports,Dumbbell Set,1,2150.64,0.0,UPI,Cancelled,2150.64
ORD-100018,2025-10-03,CUST-00441,46.0,Female,Ahmedabad,West,Electronics,Smartphone,1,15033.32,20.0,UPI,Delivered,12026.66
ORD-101043,2025-04-19,CUST-00823,34.0,Male,Kolkata,East,Beauty,Skincare Kit,1,1464.95,20.0,Cash on Delivery,Delivered,1171.96
ORD-102058,2025-07-14,CUST-00766,34.0,Male,Hyderabad,South,Electronics,Smartwatch,2,4832.01,5.0,Credit Card,Delivered,9180.82
ORD-100286,2025-11-22,CUST-00326,57.0,Female,Patna,East,Electronics,Smartphone,1,15495.58,0.0,Wallet,Delivered,15495.58
ORD-100429,2025-05-05,CUST-00506,46.0,Male,Lucknow,North,Beauty,Perfume,1,2020.89,10.0,UPI,Delivered,1818.8
ORD-101948,2025-06-23,CUST-00980,22.0,Female,Ahmedabad,West,Sports,Yoga Mat,1,763.47,20.0,UPI,Delivered,610.78
ORD-101380,2025-06-19,CUST-00132,44.0,Male,Pune,West,Home & Kitchen,Air Fryer,2,7430.18,25.0,UPI,Delivered,11145.27
ORD-100670,2025-07-19,CUST-00528,61.0,Female,Guwahati,East,Beauty,Hair Dryer,2,1708.1,0.0,UPI,Delivered,3416.2
ORD-100032,2025-10-27,CUST-00625,47.0,Male,Patna,East,Home & Kitchen,Bedsheet Set,2,1284.57,5.0,Credit Card,Delivered,2440.68
ORD-101342,2025-06-08,CUST-01078,36.0,Female,Ahmedabad,West,Beauty,Perfume,2,1830.85,25.0,UPI,Delivered,2746.27
ORD-100723,2025-07-20,CUST-00833,47.0,Female,Mumbai,West,Home & Kitchen,Cookware Set,2,3450.79,5.0,Net Banking,Delivered,6556.5
ORD-100952,2025-01-19,CUST-00951,29.0,Female,Mumbai,West,Home & Kitchen,Air Fryer,2,7850.4,0.0,Credit Card,Delivered,15700.8
ORD-101790,2025-03-09,CUST-01008,24.0,Male,Hyderabad,South,Beauty,Perfume,1,1872.67,0.0,Credit Card,Delivered,1872.67
ORD-100215,2025-10-12,CUST-00118,60.0,Female,Hyderabad,South,Fashion,T-Shirt,4,565.47,20.0,UPI,Delivered,1809.5
ORD-101815,2025-12-21,CUST-00886,63.0,Male,Lucknow,North,Electronics,Laptop,1,56109.35,15.0,UPI,Returned,47692.95
ORD-101165,2025-03-18,CUST-01041,30.0,Male,Ahmedabad,West,Sports,Yoga Mat,2,772.53,15.0,Debit Card,Delivered,1313.3
ORD-100327,2025-07-11,CUST-00571,65.0,Female,Mumbai,West,Beauty,Perfume,2,1846.76,20.0,UPI,Delivered,2954.82
ORD-100561,2025-08-20,CUST-00011,51.0,Female,Hyderabad,South,Fashion,T-Shirt,2,613.6,15.0,Credit Card,Delivered,1043.12
ORD-101087,2025-06-04,CUST-00908,49.0,Female,Bengaluru,South,Fashion,Sneakers,2,2278.1,0.0,Wallet,Delivered,4556.2
ORD-102022,2025-11-12,CUST-00719,39.0,Female,Hyderabad,South,Home & Kitchen,Mixer Grinder,1,4411.19,0.0,Credit Card,Delivered,4411.19
ORD-100342,2025-07-15,CUST-00182,65.0,Male,Bengaluru,South,Home & Kitchen,Air Fryer,1,7693.96,5.0,Net Banking,Delivered,7309.26
ORD-100148,2025-12-16,CUST-00188,35.0,Male,Lucknow,North,Electronics,Laptop,1,55617.8,0.0,UPI,Delivered,55617.8
ORD-101867,2025-01-24,CUST-00943,39.0,Male,Ahmedabad,West,Fashion,T-Shirt,1,579.47,5.0,UPI,Delivered,550.5
ORD-101108,2025-05-25,CUST-00170,18.0,Male,Mumbai,West,Fashion,Jeans,2,1602.22,15.0,Debit Card,Delivered,2723.77
ORD-100849,2025-08-02,CUST-00965,44.0,Female,Delhi,North,Home & Kitchen,Bedsheet Set,1,1220.65,15.0,Cash on Delivery,Delivered,1037.55
ORD-100967,2025-01-07,CUST-00530,21.0,Female,Chennai,South,Beauty,Hair Dryer,1,1740.87,40.0,Debit Card,Delivered,1044.52
ORD-101073,2025-03-19,CUST-01062,37.0,Female,Kolkata,East,Home & Kitchen,Table Lamp,1,876.04,0.0,UPI,Delivered,876.04
ORD-100156,2025-02-28,CUST-00936,32.0,Female,Guwahati,East,Fashion,Jacket,1,2927.89,5.0,Wallet,Shipped,2781.5
ORD-101690,2025-04-10,CUST-00746,22.0,Male,Lucknow,North,Beauty,Skincare Kit,4,1479.93,5.0,UPI,Delivered,5623.73
ORD-101628,2025-10-05,CUST-00131,48.0,Female,Bengaluru,South,Fashion,Dress,1,1396.35,0.0,Cash on Delivery,Delivered,1396.35
ORD-101003,2025-10-28,CUST-00515,30.0,Female,Kolkata,East,Electronics,Smartwatch,1,5260.07,10.0,Net Banking,Delivered,4734.06
ORD-101871,2025-02-14,CUST-00921,36.0,Male,Patna,East,Fashion,Jacket,1,2587.22,5.0,Debit Card,Delivered,2457.86
ORD-102104,2025-07-20,CUST-00413,39.0,Male,Kolkata,East,Fashion,T-Shirt,1,564.6,0.0,Debit Card,Delivered,564.6
ORD-101875,2025-04-10,CUST-00542,50.0,Female,Ahmedabad,West,Fashion,Jeans,2,1497.82,5.0,Credit Card,Delivered,2845.86
ORD-102221,2025-12-26,CUST-00335,56.0,Male,Kolkata,East,Fashion,Sneakers,1,2353.95,0.0,Credit Card,Cancelled,2353.95
ORD-102471,2025-02-21,CUST-00140,37.0,Male,Lucknow,North,Beauty,Skincare Kit,1,1465.99,0.0,UPI,Delivered,1465.99
ORD-101204,2025-10-19,CUST-01162,65.0,Male,Jaipur,North,Electronics,Smartwatch,1,4787.83,0.0,UPI,Delivered,4787.83
ORD-101657,2025-03-19,CUST-00222,56.0,Male,Lucknow,North,Fashion,Sneakers,1,2401.97,0.0,Net Banking,Delivered,2401.97
ORD-102357,2025-04-16,CUST-00060,20.0,Female,Lucknow,North,Beauty,Makeup Set,1,986.23,15.0,Wallet,Delivered,838.3
ORD-102035,2025-09-08,CUST-00563,52.0,Female,Guwahati,East,Fashion,T-Shirt,1,610.05,5.0,UPI,Delivered,579.55
ORD-101503,2025-01-23,CUST-00829,25.0,Female,Hyderabad,South,Fashion,Jeans,1,1400.59,0.0,UPI,Delivered,1400.59
ORD-101813,2025-02-03,CUST-00453,50.0,Male,Ahmedabad,West,Home & Kitchen,Table Lamp,1,841.18,5.0,UPI,Returned,799.12
ORD-102222,2025-06-05,CUST-00526,37.0,Male,Delhi,North,Electronics,Smartwatch,2,4992.15,0.0,Debit Card,Delivered,9984.3
ORD-102461,2025-10-23,CUST-00592,23.0,Male,Ahmedabad,West,Fashion,Jeans,2,1462.63,20.0,Cash on Delivery,Delivered,2340.21
ORD-100939,2025-06-28,CUST-00468,27.0,Male,Hyderabad,South,Beauty,Makeup Set,1,1011.85,0.0,UPI,Delivered,1011.85
ORD-102289,2025-04-10,CUST-00704,19.0,Male,Pune,West,Electronics,Headphones,1,2692.17,0.0,Credit Card,Delivered,2692.17
ORD-100347,2025-09-19,CUST-00373,36.0,Male,Patna,East,Sports,Yoga Mat,1,752.67,10.0,UPI,Delivered,677.4
ORD-102096,2025-03-26,CUST-00554,37.0,Female,Patna,East,Fashion,Sneakers,1,2254.52,40.0,Cash on Delivery,Shipped,1352.71
ORD-102487,2025-07-26,CUST-00305,42.0,Female,Ahmedabad,West,Sports,Badminton Racket,1,1320.82,0.0,Credit Card,Delivered,1320.82
ORD-101442,2025-10-08,CUST-00008,35.0,Female,Ahmedabad,West,Fashion,Sneakers,2,2394.44,0.0,Debit Card,Returned,4788.88
ORD-100386,2025-06-05,CUST-00635,52.0,Male,Hyderabad,South,Beauty,Perfume,1,1984.99,20.0,Credit Card,Delivered,1587.99
ORD-101656,2025-11-10,CUST-00554,60.0,Female,Delhi,North,Sports,Dumbbell Set,1,1889.87,20.0,UPI,Delivered,1511.9
ORD-101661,2025-10-20,CUST-00320,50.0,Male,Bengaluru,South,Home & Kitchen,Bedsheet Set,1,1240.54,5.0,Credit Card,Delivered,1178.51
ORD-100244,2025-08-14,CUST-00328,25.0,Female,Bengaluru,South,Fashion,T-Shirt,2,622.54,5.0,Cash on Delivery,Delivered,1182.83
ORD-102091,2025-04-15,CUST-00111,52.0,Female,Delhi,North,Beauty,Hair Dryer,2,1768.31,0.0,Cash on Delivery,Delivered,3536.62
ORD-100937,2025-06-21,CUST-00527,47.0,Male,Ahmedabad,West,Home & Kitchen,Table Lamp,1,909.5,15.0,Credit Card,Shipped,773.07
ORD-102158,2025-04-02,CUST-00955,63.0,Male,Mumbai,West,Electronics,Tablet,1,19906.14,10.0,UPI,Delivered,17915.53
ORD-100313,2025-04-28,CUST-00914,27.0,Male,Hyderabad,South,Electronics,Smartphone,1,15544.22,0.0,Credit Card,Delivered,15544.22
ORD-102451,2025-04-27,CUST-00228,57.0,Female,Delhi,North,Beauty,Perfume,1,1947.24,20.0,Credit Card,Shipped,1557.79
ORD-101548,2025-09-14,CUST-00015,61.0,Male,Chennai,South,Fashion,Jeans,1,1390.01,20.0,UPI,Delivered,1112.01
ORD-101333,2025-09-13,CUST-00434,40.0,Female,Jaipur,North,Electronics,Smartphone,4,15569.55,5.0,UPI,Delivered,59164.29
ORD-100969,2025-04-08,CUST-00163,54.0,Male,Bengaluru,South,Home & Kitchen,Mixer Grinder,2,4053.91,5.0,UPI,Delivered,7702.43
ORD-100661,2025-11-25,CUST-00818,35.0,Female,Delhi,North,Fashion,Jeans,1,1392.17,5.0,Debit Card,Shipped,1322.56
ORD-100936,2025-11-06,CUST-00981,20.0,Female,Bengaluru,South,Beauty,Perfume,1,1839.82,20.0,Cash on Delivery,Delivered,1471.86
ORD-100371,2025-09-12,CUST-01119,39.0,Male,Lucknow,North,Fashion,Dress,1,1279.59,15.0,Credit Card,Delivered,1087.65
ORD-100567,2025-05-14,CUST-00116,21.0,Male,Bengaluru,South,Fashion,Sneakers,2,2295.3,20.0,UPI,Delivered,3672.48
ORD-101984,2025-07-19,CUST-00311,26.0,Male,Lucknow,North,Beauty,Skincare Kit,2,1424.12,40.0,UPI,Delivered,1708.94
ORD-100825,2025-08-06,CUST-00156,50.0,Female,Chennai,South,Fashion,Jeans,1,1462.32,0.0,UPI,Delivered,1462.32
ORD-100983,2025-01-17,CUST-00522,46.0,Male,Chennai,South,Fashion,Sneakers,1,2222.9,0.0,Net Banking,Delivered,2222.9
ORD-102006,2025-12-04,CUST-01149,53.0,Male,Kolkata,East,Beauty,Makeup Set,2,973.32,5.0,UPI,Delivered,1849.31
ORD-101495,2025-10-05,CUST-00454,57.0,Male,Ahmedabad,West,Fashion,Jeans,1,1469.95,5.0,Net Banking,Delivered,1396.45
ORD-102160,2025-12-20,CUST-00876,30.0,Female,Guwahati,East,Electronics,Headphones,1,2564.26,25.0,Credit Card,Delivered,1923.2
ORD-100814,2025-10-22,CUST-00572,33.0,Female,Delhi,North,Home & Kitchen,Table Lamp,1,891.61,0.0,UPI,Delivered,891.61
ORD-100779,2025-11-09,CUST-01101,39.0,Female,Lucknow,North,Fashion,Sneakers,2,2205.94,10.0,UPI,Shipped,3970.69
ORD-101321,2025-05-09,CUST-00773,25.0,Male,Patna,East,Electronics,Headphones,3,2550.08,30.0,Net Banking,Delivered,5355.17
ORD-101545,2025-07-17,CUST-00037,50.0,Male,Bengaluru,South,Electronics,Tablet,1,19676.75,10.0,UPI,Delivered,17709.08
ORD-101053,2025-11-10,CUST-01158,54.0,Male,Delhi,North,Beauty,Makeup Set,1,954.09,15.0,Credit Card,Delivered,810.98
ORD-101840,2025-02-12,CUST-00748,59.0,Female,Chennai,South,Beauty,Hair Dryer,1,1725.91,15.0,Credit Card,Returned,1467.02
ORD-101014,2025-02-01,CUST-00412,29.0,Female,Jaipur,North,Home & Kitchen,Bedsheet Set,1,1124.03,15.0,UPI,Delivered,955.43
ORD-101402,2025-10-21,CUST-01184,49.0,Male,Lucknow,North,Home & Kitchen,Bedsheet Set,1,1185.46,20.0,UPI,Delivered,948.37
ORD-102312,2025-07-21,CUST-00906,35.0,Male,Jaipur,North,Fashion,Jacket,1,2861.79,5.0,UPI,Delivered,2718.7
ORD-102100,2025-10-07,CUST-00137,47.0,Male,Delhi,North,Fashion,Jacket,1,2633.86,25.0,Cash on Delivery,Delivered,1975.39
ORD-101779,2025-01-23,CUST-00551,26.0,Female,Patna,East,Electronics,Smartwatch,1,4974.2,0.0,Credit Card,Returned,4974.2
ORD-100127,2025-05-20,CUST-01125,25.0,Female,Delhi,North,Sports,Yoga Mat,2,842.14,0.0,UPI,Delivered,1684.28
ORD-100888,2025-02-15,CUST-01169,30.0,Female,Guwahati,East,Electronics,Headphones,1,2593.63,5.0,Credit Card,Delivered,2463.95
ORD-102053,2025-05-04,CUST-00481,59.0,Female,Chennai,South,Beauty,Skincare Kit,1,1575.89,0.0,Cash on Delivery,Delivered,1575.89
ORD-101348,2025-07-27,CUST-00968,58.0,Male,Delhi,North,Fashion,Dress,1,1274.07,25.0,Credit Card,Delivered,955.55
ORD-101008,2025-04-15,CUST-00208,53.0,Female,Chennai,South,Home & Kitchen,Cookware Set,1,3327.4,15.0,UPI,Returned,2828.29
ORD-100356,2025-11-19,CUST-00662,37.0,Male,Hyderabad,South,Beauty,Hair Dryer,2,1802.25,10.0,Cash on Delivery,Delivered,3244.05
ORD-101004,2025-11-15,CUST-00045,53.0,Male,Hyderabad,South,Sports,Yoga Mat,1,805.76,20.0,Wallet,Delivered,644.61
ORD-100683,2025-07-06,CUST-00842,44.0,Male,Kolkata,East,Fashion,Jacket,3,2954.97,15.0,Credit Card,Delivered,7535.17
ORD-100828,2025-08-11,CUST-00409,27.0,Male,Mumbai,West,Sports,Yoga Mat,1,796.49,15.0,Debit Card,Delivered,677.02
ORD-101515,2025-10-03,CUST-00821,42.0,Female,Lucknow,North,Fashion,Sneakers,1,2275.8,0.0,Wallet,Delivered,2275.8
ORD-100985,2025-09-08,CUST-00230,50.0,Male,Hyderabad,South,Home & Kitchen,Mixer Grinder,1,4253.2,20.0,UPI,Delivered,3402.56
ORD-101234,2025-09-11,CUST-00450,64.0,Female,Bengaluru,South,Home & Kitchen,Mixer Grinder,1,4221.06,25.0,UPI,Delivered,3165.8
ORD-102133,2025-10-02,CUST-00892,65.0,Male,Mumbai,West,Electronics,Smartphone,1,16552.71,0.0,Net Banking,Delivered,16552.71
ORD-100141,2025-04-23,CUST-00221,31.0,Male,Lucknow,North,Fashion,T-Shirt,1,588.66,,Cash on Delivery,Delivered,588.66
ORD-100218,2025-10-02,CUST-01166,30.0,Male,Chennai,South,Electronics,Tablet,2,18571.0,0.0,Credit Card,Returned,37142.0
ORD-102060,2025-10-05,CUST-00402,42.0,Female,Kolkata,East,Fashion,Jeans,1,1577.19,20.0,UPI,Delivered,1261.75
ORD-102139,2025-08-13,CUST-00369,36.0,Female,Hyderabad,South,Home & Kitchen,Mixer Grinder,1,4312.2,30.0,Credit Card,Shipped,3018.54
ORD-102230,2025-02-25,CUST-00002,37.0,Female,Guwahati,East,Fashion,T-Shirt,2,623.54,10.0,UPI,Delivered,1122.37
ORD-101726,2025-03-06,CUST-00318,57.0,Male,Jaipur,North,Beauty,Makeup Set,1,985.73,10.0,UPI,Delivered,887.16
ORD-101477,2025-07-24,CUST-00907,34.0,Female,Ahmedabad,West,Electronics,Tablet,1,20156.09,25.0,UPI,Delivered,15117.07
ORD-100023,2025-07-07,CUST-01156,59.0,Male,Guwahati,East,Home & Kitchen,Table Lamp,1,886.42,5.0,Credit Card,Delivered,842.1
ORD-100712,2025-05-17,CUST-00191,64.0,Female,Ahmedabad,West,Electronics,Headphones,1,2615.06,0.0,Cash on Delivery,Delivered,2615.06
ORD-101158,2025-07-19,CUST-00794,33.0,Female,Ahmedabad,West,Home & Kitchen,Mixer Grinder,1,4122.71,25.0,Cash on Delivery,Returned,3092.03
ORD-102059,2025-11-11,CUST-00198,30.0,Male,Pune,West,Beauty,Skincare Kit,1,1608.58,10.0,Wallet,Delivered,1447.72
ORD-100872,2025-04-02,CUST-00903,52.0,Male,Patna,East,Beauty,Makeup Set,2,971.2,10.0,Cash on Delivery,Delivered,1748.16
ORD-101866,2025-03-08,CUST-00984,40.0,Female,Ahmedabad,West,Sports,Dumbbell Set,1,2136.01,0.0,Credit Card,Delivered,2136.01
ORD-100011,2025-03-13,CUST-00371,48.0,Female,Hyderabad,South,Fashion,Dress,1,1373.12,20.0,Debit Card,Delivered,1098.5
ORD-101766,2025-07-20,CUST-00072,41.0,Male,Pune,West,Electronics,Smartwatch,2,5291.9,20.0,Net Banking,Cancelled,8467.04
ORD-102368,2025-05-10,CUST-00884,20.0,Female,Jaipur,North,Sports,Football,1,1157.45,25.0,Credit Card,Delivered,868.09
ORD-101721,2025-02-27,CUST-00168,35.0,Female,Lucknow,North,Sports,Football,1,1045.45,30.0,Credit Card,Delivered,731.81
ORD-101316,2025-02-19,CUST-00169,37.0,Female,Mumbai,West,Electronics,Smartwatch,2,4860.11,0.0,UPI,Delivered,9720.22
ORD-100755,2025-06-20,CUST-00691,40.0,Female,Mumbai,West,Home & Kitchen,Cookware Set,1,3411.94,15.0,UPI,Delivered,2900.15
ORD-100627,2025-04-12,CUST-00123,23.0,Female,Chennai,South,Home & Kitchen,Bedsheet Set,1,1164.81,0.0,UPI,Delivered,1164.81
ORD-101754,2025-04-09,CUST-00506,46.0,Male,Kolkata,East,Beauty,Perfume,1,1830.76,0.0,UPI,Delivered,1830.76
ORD-101488,2025-07-10,CUST-01195,38.0,Male,Lucknow,North,Sports,Dumbbell Set,1,2122.33,10.0,UPI,Delivered,1910.1
ORD-100130,2025-10-28,CUST-00682,55.0,Male,Bengaluru,South,Fashion,Sneakers,1,2248.09,5.0,UPI,Delivered,2135.69
ORD-100844,2025-08-18,CUST-00537,40.0,Male,Guwahati,East,Electronics,Smartwatch,1,4849.84,25.0,Net Banking,Returned,3637.38
ORD-100324,2025-05-15,CUST-00092,61.0,Male,Bengaluru,South,Beauty,Makeup Set,2,1018.61,10.0,Debit Card,Delivered,1833.5
ORD-101719,2025-08-28,CUST-01009,28.0,Male,Mumbai,West,Home & Kitchen,Air Fryer,1,8447.93,5.0,Cash on Delivery,Delivered,8025.53
ORD-102207,2025-08-12,CUST-00611,52.0,Female,Hyderabad,South,Fashion,Jeans,3,1436.04,0.0,Credit Card,Delivered,4308.12
ORD-101285,2025-12-18,CUST-00654,45.0,Female,Chennai,South,Fashion,T-Shirt,2,578.9,25.0,Wallet,Delivered,868.35
ORD-102433,2025-06-17,CUST-01046,62.0,Female,Patna,East,Electronics,Tablet,1,20255.03,,UPI,Delivered,16204.02
ORD-100015,2025-09-04,CUST-00284,19.0,Female,Chennai,South,Electronics,Laptop,1,55267.7,0.0,Net Banking,Delivered,55267.7
ORD-100948,2025-01-03,CUST-00558,23.0,Female,Lucknow,North,Home & Kitchen,Table Lamp,1,888.04,5.0,Credit Card,Delivered,843.64
ORD-100216,2025-04-20,CUST-01038,35.0,Male,Pune,West,Fashion,T-Shirt,1,595.38,5.0,UPI,Delivered,565.61
ORD-102281,2025-01-10,CUST-00490,30.0,Male,Patna,East,Home & Kitchen,Mixer Grinder,1,4496.9,0.0,Wallet,Delivered,4496.9
ORD-101964,2025-07-15,CUST-00082,59.0,Male,Chennai,South,Fashion,Jeans,1,1516.21,25.0,UPI,Delivered,1137.16
ORD-101183,2025-07-23,CUST-01144,47.0,Female,Hyderabad,South,Fashion,Dress,1,1283.51,20.0,UPI,Delivered,1026.81
ORD-101676,2025-12-03,CUST-01040,59.0,Female,Hyderabad,South,Sports,Dumbbell Set,1,2042.12,10.0,Credit Card,Delivered,1837.91
ORD-101585,2025-12-25,CUST-00797,33.0,Male,Delhi,North,Fashion,T-Shirt,1,581.36,0.0,UPI,Delivered,581.36
ORD-100865,2025-09-17,CUST-00022,56.0,Male,Lucknow,North,Fashion,Jacket,1,2607.88,10.0,Credit Card,Delivered,2347.09
ORD-100517,2025-08-05,CUST-00999,18.0,Male,Pune,West,Home & Kitchen,Mixer Grinder,2,4211.65,0.0,Credit Card,Delivered,8423.3
ORD-100598,2025-09-15,CUST-00239,39.0,Female,Kolkata,East,Beauty,Perfume,1,1943.11,15.0,Credit Card,Delivered,1651.64
ORD-100196,2025-02-27,CUST-00964,46.0,Female,Patna,East,Sports,Dumbbell Set,1,2048.97,0.0,Cash on Delivery,Delivered,2048.97
ORD-101278,2025-06-27,CUST-01190,42.0,Male,Mumbai,West,Electronics,Smartwatch,2,5359.62,20.0,UPI,Delivered,8575.39
ORD-100289,2025-08-03,CUST-00886,35.0,Male,Kolkata,East,Sports,Football,1,1184.21,15.0,UPI,Shipped,1006.58
ORD-100951,2025-11-14,CUST-00918,48.0,Female,Lucknow,North,Beauty,Perfume,1,1984.15,10.0,UPI,Delivered,1785.74
ORD-102362,2025-03-08,CUST-01105,56.0,Female,Jaipur,North,Fashion,Jacket,1,2997.7,10.0,Wallet,Shipped,2697.93
ORD-101851,2025-07-24,CUST-00874,57.0,Male,Delhi,North,Fashion,Dress,1,1213.93,0.0,Wallet,Delivered,1213.93
ORD-102393,2025-01-09,CUST-00645,32.0,Male,Kolkata,East,Fashion,Sneakers,2,2200.45,0.0,UPI,Returned,4400.9
ORD-101121,2025-06-13,CUST-00885,44.0,Male,Pune,West,Electronics,Smartwatch,1,4743.55,10.0,UPI,Delivered,4269.2
ORD-102180,2025-12-07,CUST-00325,24.0,Female,Chennai,South,Fashion,Sneakers,1,2428.97,0.0,Net Banking,Delivered,2428.97
ORD-100550,2025-07-12,CUST-00381,30.0,Male,Patna,East,Electronics,Smartwatch,4,5021.95,5.0,UPI,Delivered,19083.41
ORD-100157,2025-08-10,CUST-00570,20.0,Male,Patna,East,Home & Kitchen,Table Lamp,1,858.75,15.0,Credit Card,Delivered,729.94
ORD-100420,2025-11-28,CUST-00668,39.0,Male,Kolkata,East,Fashion,T-Shirt,1,582.05,5.0,UPI,Delivered,552.95
ORD-100923,2025-02-10,CUST-00942,61.0,Male,Ahmedabad,West,Fashion,Jeans,1,1392.55,10.0,Debit Card,Delivered,1253.3
ORD-101666,2025-01-20,CUST-00457,35.0,Female,Pune,West,Sports,Football,1,1166.63,10.0,Cash on Delivery,Delivered,1049.97
ORD-100478,2025-02-06,CUST-01197,46.0,Male,Bengaluru,South,Beauty,Skincare Kit,1,1440.99,20.0,Cash on Delivery,Shipped,1152.79
ORD-101630,2025-04-10,CUST-00081,48.0,Female,Ahmedabad,West,Sports,Football,1,1180.26,10.0,UPI,Shipped,1062.23
ORD-101674,2025-03-02,CUST-00745,65.0,Male,Pune,West,Home & Kitchen,Table Lamp,1,841.73,15.0,Cash on Delivery,Delivered,715.47
ORD-101472,2025-07-21,CUST-00187,31.0,Male,Delhi,North,Electronics,Tablet,1,19290.11,20.0,Net Banking,Delivered,15432.09
ORD-100554,2025-02-03,CUST-00062,47.0,Female,Bengaluru,South,Beauty,Hair Dryer,1,1755.43,15.0,UPI,Delivered,1492.12
ORD-101203,2025-03-19,CUST-00870,44.0,Female,Pune,West,Home & Kitchen,Cookware Set,1,3525.78,0.0,Debit Card,Delivered,3525.78
ORD-100391,2025-01-03,CUST-00359,51.0,Male,Chennai,South,Electronics,Smartwatch,2,4921.39,10.0,Credit Card,Delivered,8858.5
ORD-100579,2025-07-15,CUST-00282,27.0,Female,Chennai,South,Fashion,T-Shirt,1,563.45,25.0,UPI,Delivered,422.59
ORD-102493,2025-06-27,CUST-00797,40.0,Male,Guwahati,East,Sports,Badminton Racket,1,1373.25,0.0,UPI,Delivered,1373.25
ORD-101668,2025-10-20,CUST-00959,49.0,Female,Pune,West,Fashion,T-Shirt,1,569.43,10.0,Debit Card,Delivered,512.49
ORD-102278,2025-11-10,CUST-00195,31.0,Female,Mumbai,West,Home & Kitchen,Air Fryer,3,8000.41,0.0,UPI,Cancelled,24001.23
ORD-100821,2025-12-09,CUST-00757,21.0,Male,Bengaluru,South,Sports,Dumbbell Set,1,2006.68,20.0,Cash on Delivery,Delivered,1605.34
ORD-102403,2025-04-15,CUST-00503,62.0,Male,Hyderabad,South,Fashion,Jacket,1,2731.03,5.0,Credit Card,Delivered,2594.48
ORD-101007,2025-06-26,CUST-00510,33.0,Male,Pune,West,Fashion,Jacket,3,2627.61,25.0,UPI,Cancelled,5912.12
ORD-101249,2025-11-01,CUST-00451,35.0,Female,Bengaluru,South,Home & Kitchen,Mixer Grinder,1,4476.46,20.0,Cash on Delivery,Delivered,3581.17
ORD-101660,2025-04-09,CUST-01156,32.0,Female,Hyderabad,South,Electronics,Smartphone,1,16943.31,5.0,Credit Card,Delivered,16096.14
ORD-100665,2025-07-15,CUST-00868,47.0,Male,Patna,East,Electronics,Tablet,1,18678.51,5.0,UPI,Delivered,17744.58
ORD-102226,2025-08-16,CUST-00122,35.0,Male,Patna,East,Home & Kitchen,Air Fryer,1,8539.16,5.0,UPI,Delivered,8112.2
ORD-100143,2025-11-25,CUST-00542,45.0,Female,Bengaluru,South,Beauty,Perfume,1,1751.88,10.0,Credit Card,Delivered,1576.69
ORD-102186,2025-01-06,CUST-00455,64.0,Male,Guwahati,East,Beauty,Skincare Kit,1,1465.43,5.0,Debit Card,Delivered,1392.16
ORD-101852,2025-11-10,CUST-00810,49.0,Male,Mumbai,West,Electronics,Headphones,2,2347.62,0.0,Wallet,Delivered,4695.24
ORD-100422,2025-05-13,CUST-00657,27.0,Male,Chennai,South,Electronics,Smartwatch,1,4871.32,15.0,UPI,Delivered,4140.62
ORD-100800,2025-11-23,CUST-00396,24.0,Male,Mumbai,West,Beauty,Skincare Kit,1,1513.27,10.0,Credit Card,Delivered,1361.94
ORD-100616,2025-11-19,CUST-00065,42.0,Male,Patna,East,Fashion,Sneakers,1,2243.27,10.0,Credit Card,Returned,2018.94
ORD-101319,2025-11-14,CUST-00544,21.0,Female,Ahmedabad,West,Electronics,Headphones,1,2656.15,15.0,Debit Card,Delivered,2257.73
ORD-100296,2025-05-16,CUST-00810,19.0,Female,Guwahati,East,Beauty,Hair Dryer,1,1934.68,10.0,,Delivered,1741.21
ORD-100402,2025-10-02,CUST-00346,32.0,Male,Mumbai,West,Electronics,Smartwatch,2,5026.77,0.0,UPI,Delivered,10053.54
ORD-100089,2025-03-16,CUST-01166,37.0,Female,Delhi,North,Electronics,Tablet,1,20266.15,5.0,Credit Card,Delivered,19252.84
ORD-102056,2025-03-16,CUST-00148,54.0,Female,Hyderabad,South,Sports,Football,1,1123.55,0.0,Credit Card,Shipped,1123.55
ORD-102472,2025-10-19,CUST-00359,27.0,Female,Jaipur,North,Sports,Cricket Bat,2,2582.45,10.0,UPI,Delivered,4648.41
ORD-100132,2025-03-02,CUST-00609,56.0,Female,Lucknow,North,Electronics,Smartphone,1,17054.8,10.0,Debit Card,Delivered,15349.32
ORD-101710,2025-03-11,CUST-00929,58.0,Female,Jaipur,North,Electronics,Laptop,1,52322.17,10.0,Cash on Delivery,Delivered,47089.95
ORD-102459,2025-09-07,CUST-00317,51.0,Female,Mumbai,West,Sports,Football,1,1092.93,15.0,UPI,Delivered,928.99
ORD-102168,2025-08-22,CUST-00931,31.0,Male,Patna,East,Electronics,Tablet,1,19050.11,25.0,UPI,Delivered,14287.58
ORD-101403,2025-01-16,CUST-01134,49.0,Female,Pune,West,Fashion,Jacket,2,2898.34,0.0,Cash on Delivery,Delivered,5796.68
ORD-102064,2025-10-01,CUST-00275,27.0,Female,Hyderabad,South,Fashion,Jacket,1,2659.44,25.0,UPI,Delivered,1994.58
ORD-102179,2025-04-18,CUST-00280,45.0,Female,Bengaluru,South,Electronics,Laptop,1,55674.09,10.0,Debit Card,Delivered,50106.68
ORD-102428,2025-05-16,CUST-00925,40.0,Female,Delhi,North,Beauty,Skincare Kit,1,1564.24,5.0,Debit Card,Returned,1486.03
ORD-100725,2025-11-05,CUST-00857,18.0,Female,Guwahati,East,Fashion,Sneakers,1,2130.83,15.0,UPI,Delivered,1811.21
ORD-101315,2025-03-21,CUST-00481,30.0,Female,Mumbai,West,Electronics,Smartphone,1,15656.42,15.0,Credit Card,Delivered,13307.96
ORD-101793,2025-04-18,CUST-00897,56.0,Male,Mumbai,West,Electronics,Smartwatch,2,5330.13,30.0,UPI,Delivered,7462.18
ORD-100270,2025-10-26,CUST-00191,45.0,Male,Jaipur,North,Sports,Badminton Racket,1,1344.64,10.0,UPI,Delivered,1210.18
ORD-101806,2025-10-06,CUST-00664,59.0,Male,Guwahati,East,Home & Kitchen,Air Fryer,1,7430.84,10.0,Cash on Delivery,Returned,6687.76
ORD-102079,2025-05-22,CUST-00602,48.0,Female,Ahmedabad,West,Sports,Cricket Bat,2,2310.82,5.0,Credit Card,Delivered,4390.56
ORD-101373,2025-10-06,CUST-00291,36.0,Female,Ahmedabad,West,Fashion,T-Shirt,1,609.29,20.0,UPI,Delivered,487.43
ORD-100918,2025-03-24,CUST-00902,19.0,Female,Kolkata,East,Fashion,Jacket,1,2642.24,15.0,Cash on Delivery,Delivered,2245.9
ORD-102302,2025-05-19,CUST-00976,55.0,Female,Chennai,South,Electronics,Smartphone,1,15095.45,0.0,Net Banking,Delivered,15095.45
ORD-101320,2025-12-26,CUST-00766,22.0,Female,Chennai,South,Sports,Cricket Bat,1,2519.98,15.0,Credit Card,Delivered,2141.98
ORD-102150,2025-01-24,CUST-00992,26.0,Male,Ahmedabad,West,Sports,Badminton Racket,1,1398.89,10.0,UPI,Returned,1259.0
ORD-102485,2025-07-28,CUST-00346,63.0,Female,Chennai,South,Electronics,Smartwatch,1,5056.7,10.0,Credit Card,Delivered,4551.03
ORD-101617,2025-05-17,CUST-00840,28.0,Male,Mumbai,West,Electronics,Headphones,1,2656.01,5.0,Wallet,Delivered,2523.21
ORD-101478,2025-06-03,CUST-00824,47.0,Male,Lucknow,North,Beauty,Makeup Set,1,992.66,0.0,UPI,Delivered,992.66
ORD-100376,2025-07-05,CUST-00172,42.0,Male,Patna,East,Fashion,Sneakers,2,2384.02,15.0,Credit Card,Delivered,4052.83
ORD-100334,2025-04-20,CUST-00888,32.0,Male,Lucknow,North,Fashion,Jeans,1,1470.22,10.0,UPI,Delivered,1323.2
ORD-102218,2025-01-19,CUST-00662,30.0,Male,Mumbai,West,Electronics,Laptop,1,49085.8,40.0,Credit Card,Delivered,29451.48
ORD-102360,2025-07-07,CUST-00904,20.0,Male,Patna,East,Beauty,Hair Dryer,1,1742.03,40.0,Debit Card,Delivered,1045.22
ORD-101119,2025-03-06,CUST-00016,58.0,Female,Bengaluru,South,Electronics,Smartwatch,2,4957.99,15.0,UPI,Delivered,8428.58
ORD-101443,2025-12-12,CUST-00591,63.0,Male,Jaipur,North,Home & Kitchen,Cookware Set,1,3246.92,5.0,Net Banking,Delivered,3084.57
ORD-100911,2025-07-21,CUST-00636,52.0,Male,Jaipur,North,Electronics,Smartphone,2,14983.17,15.0,Cash on Delivery,Delivered,25471.39
ORD-100777,2025-12-04,CUST-00633,42.0,Female,Mumbai,West,Electronics,Smartphone,1,14738.19,5.0,Wallet,Delivered,14001.28
ORD-102232,2025-07-14,CUST-00683,20.0,Male,Hyderabad,South,Fashion,Sneakers,1,2167.68,5.0,Cash on Delivery,Shipped,2059.3
ORD-100329,2025-04-06,CUST-00424,25.0,Male,Mumbai,West,Home & Kitchen,Mixer Grinder,1,4567.44,15.0,Debit Card,Delivered,3882.32
ORD-101343,2025-04-16,CUST-01119,52.0,Male,Patna,East,Electronics,Tablet,1,18978.59,0.0,UPI,Delivered,18978.59
ORD-100321,2025-11-15,CUST-01161,41.0,Male,Pune,West,Electronics,Headphones,1,2471.94,0.0,UPI,Delivered,2471.94
ORD-102037,2025-10-21,CUST-00204,54.0,Female,Mumbai,West,Fashion,Jacket,1,2811.55,15.0,Debit Card,Delivered,2389.82
ORD-100013,2025-05-17,CUST-00806,41.0,Female,Delhi,North,Home & Kitchen,Mixer Grinder,3,4286.83,20.0,UPI,Delivered,10288.39
ORD-100898,2025-03-23,CUST-00181,57.0,Female,Delhi,North,Sports,Badminton Racket,2,1434.06,0.0,UPI,Delivered,2868.12
ORD-100172,2025-06-18,CUST-00068,28.0,Female,Pune,West,Home & Kitchen,Table Lamp,1,845.38,0.0,Cash on Delivery,Delivered,845.38
ORD-100261,2025-07-12,CUST-00270,19.0,Female,Jaipur,North,Fashion,Sneakers,1,2160.64,10.0,Credit Card,Cancelled,1944.58
ORD-101890,2025-09-22,CUST-00194,64.0,Male,Ahmedabad,West,Fashion,T-Shirt,1,610.43,10.0,UPI,Delivered,549.39
ORD-100690,2025-04-11,CUST-00888,47.0,Male,Jaipur,North,Beauty,Hair Dryer,2,1814.68,5.0,UPI,Returned,3447.89
ORD-100902,2025-11-18,CUST-00591,27.0,Female,Mumbai,West,Electronics,Tablet,1,19194.35,10.0,UPI,Shipped,17274.92
ORD-100259,2025-01-11,CUST-00705,21.0,Female,Bengaluru,South,Beauty,Perfume,1,1821.63,0.0,Credit Card,Delivered,1821.63
ORD-100845,2025-02-14,CUST-00102,21.0,Male,Hyderabad,South,Beauty,Skincare Kit,1,1398.15,10.0,Cash on Delivery,Delivered,1258.34
ORD-102314,2025-08-11,CUST-00482,39.0,Male,Guwahati,East,Home & Kitchen,Air Fryer,1,7716.02,10.0,UPI,Delivered,6944.42
ORD-100139,2025-03-05,CUST-00946,40.0,Male,Hyderabad,South,Electronics,Laptop,2,55199.01,15.0,UPI,Delivered,93838.32
ORD-100320,2025-12-08,CUST-00085,44.0,Female,Ahmedabad,West,Home & Kitchen,Cookware Set,3,3733.52,20.0,Credit Card,Delivered,8960.45
ORD-100654,2025-01-10,CUST-00831,44.0,Male,Mumbai,West,Fashion,Dress,1,1228.95,15.0,Credit Card,Delivered,1044.61
ORD-101922,2025-05-13,CUST-00026,39.0,Female,Patna,East,Home & Kitchen,Table Lamp,1,848.6,25.0,UPI,Cancelled,636.45
ORD-101841,2025-03-23,CUST-00738,38.0,Male,Chennai,South,Electronics,Tablet,1,17640.36,0.0,Credit Card,Delivered,17640.36
ORD-100559,2025-07-06,CUST-00878,33.0,Female,Jaipur,North,Electronics,Smartwatch,1,5111.11,15.0,Debit Card,Delivered,4344.44
ORD-100140,2025-05-08,CUST-00131,57.0,Male,Hyderabad,South,Electronics,Smartwatch,1,4655.01,10.0,Cash on Delivery,Delivered,4189.51
ORD-100113,2025-09-06,CUST-00217,33.0,Male,Jaipur,North,Electronics,Tablet,1,18764.12,0.0,UPI,Shipped,18764.12
ORD-100532,2025-04-10,CUST-00817,65.0,Female,Bengaluru,South,Fashion,T-Shirt,2,641.3,0.0,UPI,Delivered,1282.6
ORD-100225,2025-10-07,CUST-00444,42.0,Male,Chennai,South,Beauty,Perfume,1,1849.96,10.0,Cash on Delivery,Delivered,1664.96
ORD-100724,2025-11-02,CUST-00339,51.0,Female,Pune,West,Home & Kitchen,Mixer Grinder,1,4027.17,30.0,UPI,Delivered,2819.02
ORD-102331,2025-11-05,CUST-01030,43.0,Female,Patna,East,Fashion,Sneakers,1,2437.98,10.0,Credit Card,Delivered,2194.18
ORD-102148,2025-08-25,CUST-00340,18.0,Male,Lucknow,North,Home & Kitchen,Mixer Grinder,1,4145.51,10.0,UPI,Shipped,3730.96
ORD-101434,2025-06-15,CUST-01081,50.0,Male,Delhi,North,Electronics,Headphones,2,2488.27,15.0,Wallet,Delivered,4230.06
ORD-100326,2025-11-11,CUST-00479,61.0,Female,Kolkata,East,Electronics,Smartwatch,1,5211.55,20.0,UPI,Delivered,4169.24
ORD-101324,2025-09-23,CUST-00833,65.0,Female,Delhi,North,Home & Kitchen,Air Fryer,2,7546.18,5.0,Credit Card,Cancelled,14337.74
ORD-101966,2025-01-08,CUST-00656,62.0,Male,Chennai,South,Fashion,T-Shirt,1,625.5,0.0,UPI,Cancelled,625.5
ORD-101459,2025-02-15,CUST-00289,33.0,Female,Bengaluru,South,Sports,Dumbbell Set,1,1925.7,20.0,Debit Card,Delivered,1540.56
ORD-102336,2025-12-11,CUST-00165,30.0,Male,Bengaluru,South,Beauty,Perfume,3,1887.49,5.0,UPI,Shipped,5379.35
ORD-102260,2025-11-06,CUST-00233,46.0,Male,Jaipur,North,Fashion,Dress,1,1385.95,20.0,Debit Card,Delivered,1108.76
ORD-100715,2025-10-08,CUST-01077,41.0,Female,Lucknow,North,Electronics,Laptop,2,55034.93,15.0,UPI,Delivered,93559.38
ORD-100847,2025-12-24,CUST-00262,63.0,Female,Chennai,South,Fashion,Dress,1,1311.51,5.0,Credit Card,Delivered,1245.93
ORD-100194,2025-06-06,CUST-00720,65.0,Female,Pune,West,Fashion,Dress,1,1213.73,0.0,UPI,Delivered,1213.73
ORD-101952,2025-05-23,CUST-00871,36.0,Female,Jaipur,North,Sports,Yoga Mat,1,833.92,20.0,Cash on Delivery,Delivered,667.14
ORD-100574,2025-10-05,CUST-00050,63.0,Male,Kolkata,East,Electronics,Smartphone,2,15613.48,15.0,UPI,Delivered,26542.92
ORD-100947,2025-09-22,CUST-00729,64.0,Male,Mumbai,West,Home & Kitchen,Bedsheet Set,1,1107.51,0.0,Credit Card,Delivered,1107.51
ORD-100504,2025-11-10,CUST-00018,46.0,Female,Mumbai,West,Home & Kitchen,Bedsheet Set,1,1173.94,0.0,Wallet,Delivered,1173.94
ORD-101834,2025-07-22,CUST-00100,49.0,Male,Delhi,North,Beauty,Perfume,1,1918.33,5.0,Debit Card,Cancelled,1822.41
ORD-102078,2025-11-19,CUST-01151,23.0,Female,Pune,West,Fashion,Sneakers,1,2277.02,5.0,UPI,Delivered,2163.17
ORD-100646,2025-07-08,CUST-00957,30.0,Male,Lucknow,North,Fashion,T-Shirt,1,583.61,5.0,Credit Card,Delivered,554.43
ORD-100004,2025-07-11,CUST-00756,51.0,Male,Jaipur,North,Electronics,Headphones,1,2389.81,15.0,Credit Card,Delivered,2031.34
ORD-101874,2025-07-26,CUST-00152,31.0,Male,Bengaluru,South,Home & Kitchen,Table Lamp,1,836.57,30.0,Debit Card,Shipped,585.6
ORD-100468,2025-04-02,CUST-00094,61.0,Male,Chennai,South,Beauty,Hair Dryer,1,1746.89,25.0,UPI,Delivered,1310.17
ORD-101346,2025-07-19,CUST-00819,47.0,Female,Patna,East,Electronics,Smartphone,1,14867.56,15.0,UPI,Delivered,12637.43
ORD-100006,2025-07-22,CUST-00690,48.0,Female,Jaipur,North,Fashion,T-Shirt,1,615.14,10.0,Credit Card,Delivered,553.63
ORD-101247,2025-07-02,CUST-00324,25.0,Female,Jaipur,North,Sports,Dumbbell Set,1,2031.13,30.0,UPI,Delivered,1421.79
ORD-100920,2025-06-11,CUST-00347,39.0,Male,Mumbai,West,Electronics,Tablet,2,17511.02,10.0,Net Banking,Delivered,31519.84
ORD-100548,2025-10-24,CUST-00947,25.0,Male,Ahmedabad,West,Sports,Dumbbell Set,2,1881.6,25.0,Cash on Delivery,Shipped,2822.4
ORD-100229,2025-09-15,CUST-00026,28.0,Female,Bengaluru,South,Fashion,Jacket,1,2618.41,0.0,Cash on Delivery,Delivered,2618.41
ORD-101064,2025-05-08,CUST-00941,27.0,Male,Kolkata,East,Beauty,Makeup Set,1,1050.11,20.0,UPI,Delivered,840.09
ORD-100543,2025-05-14,CUST-00467,20.0,Female,Lucknow,North,Home & Kitchen,Mixer Grinder,2,4152.13,15.0,Cash on Delivery,Delivered,7058.62
ORD-100243,2025-04-12,CUST-00681,39.0,Male,Patna,East,Fashion,Sneakers,2,2140.87,10.0,Credit Card,Delivered,3853.57
ORD-100899,2025-05-05,CUST-00680,55.0,Male,Jaipur,North,Electronics,Smartwatch,1,4875.72,0.0,Cash on Delivery,Delivered,4875.72
ORD-101780,2025-12-25,CUST-00168,20.0,Male,Guwahati,East,Beauty,Makeup Set,1,1057.71,0.0,Cash on Delivery,Delivered,1057.71
ORD-101161,2025-08-23,CUST-00479,24.0,Female,Kolkata,East,Fashion,Dress,1,1221.73,0.0,UPI,Delivered,1221.73
ORD-101859,2025-01-11,CUST-00127,28.0,Female,Patna,East,Beauty,Hair Dryer,1,1812.31,0.0,UPI,Delivered,1812.31
ORD-101714,2025-05-04,CUST-00199,48.0,Female,Guwahati,East,Fashion,Sneakers,2,2465.84,0.0,UPI,Delivered,4931.68
ORD-101836,2025-02-24,CUST-00583,43.0,Female,Kolkata,East,Fashion,Dress,1,1265.73,15.0,Debit Card,Delivered,1075.87
ORD-100843,2025-11-20,CUST-00871,54.0,Female,Kolkata,East,Electronics,Smartphone,1,16902.34,25.0,Cash on Delivery,Delivered,12676.76
ORD-101374,2025-06-01,CUST-01093,65.0,Female,Bengaluru,South,Home & Kitchen,Mixer Grinder,1,4274.48,20.0,UPI,Delivered,3419.58
ORD-102119,2025-12-14,CUST-00252,45.0,Female,Ahmedabad,West,Fashion,Sneakers,1,2153.9,0.0,Cash on Delivery,Delivered,2153.9
ORD-102009,2025-10-06,CUST-00548,64.0,Female,Ahmedabad,West,Home & Kitchen,Cookware Set,2,3444.26,20.0,Credit Card,Delivered,5510.82
ORD-101527,2025-01-10,CUST-01080,45.0,Female,Lucknow,North,Home & Kitchen,Mixer Grinder,1,4339.68,10.0,Credit Card,Delivered,3905.71
ORD-101606,2025-08-21,CUST-00374,28.0,Male,Mumbai,West,Fashion,T-Shirt,1,584.95,0.0,UPI,Delivered,584.95
ORD-100277,2025-01-18,CUST-00253,64.0,Male,Chennai,South,Electronics,Headphones,1,2668.64,20.0,Credit Card,Delivered,2134.91
ORD-100662,2025-01-26,CUST-00193,52.0,Male,Kolkata,East,Electronics,Tablet,2,18671.96,15.0,Credit Card,Delivered,31742.33
ORD-101965,2025-10-13,CUST-00630,26.0,Male,Ahmedabad,West,Home & Kitchen,Air Fryer,1,7972.16,0.0,UPI,Delivered,7972.16
ORD-102128,2025-06-18,CUST-00930,52.0,Male,Pune,West,Fashion,Jacket,2,2582.83,30.0,UPI,Delivered,3615.96
ORD-102369,2025-07-17,CUST-00962,28.0,Female,Bengaluru,South,Fashion,Jacket,1,2611.25,10.0,UPI,Delivered,2350.12
ORD-102273,2025-01-12,CUST-00629,65.0,Female,Delhi,North,Electronics,Smartwatch,1,5042.88,0.0,Debit Card,Cancelled,5042.88
ORD-100315,2025-10-28,CUST-00464,31.0,Female,Guwahati,East,Sports,Cricket Bat,1,2615.69,10.0,Cash on Delivery,Delivered,2354.12
ORD-101467,2025-05-25,CUST-01113,52.0,Female,Bengaluru,South,Fashion,Jacket,1,2962.0,5.0,UPI,Delivered,2813.9
ORD-101344,2025-11-09,CUST-00827,45.0,Female,Patna,East,Electronics,Laptop,1,56534.13,0.0,Credit Card,Delivered,56534.13
ORD-101872,2025-02-14,CUST-00131,38.0,Male,Kolkata,East,Electronics,Headphones,1,2360.97,10.0,UPI,Delivered,2124.87
ORD-100692,2025-07-28,CUST-00513,54.0,Female,Guwahati,East,Fashion,Sneakers,4,2401.48,0.0,UPI,Shipped,9605.92
ORD-101542,2025-12-24,CUST-00564,61.0,Female,Chennai,South,Beauty,Perfume,1,1797.17,10.0,Cash on Delivery,Delivered,1617.45
ORD-100613,2025-10-24,CUST-00162,35.0,Male,Ahmedabad,West,Electronics,Smartwatch,1,5076.45,20.0,UPI,Delivered,4061.16
ORD-100425,2025-06-17,CUST-01029,31.0,Female,Pune,West,Beauty,Makeup Set,2,962.83,0.0,UPI,Delivered,1925.66
ORD-101578,2025-03-13,CUST-01085,46.0,Female,Mumbai,West,Electronics,Headphones,1,2512.81,0.0,Credit Card,Returned,2512.81
ORD-100595,2025-03-13,CUST-00861,42.0,Male,Chennai,South,Electronics,Tablet,1,19737.28,25.0,UPI,Cancelled,14802.96
ORD-102488,2025-03-22,CUST-00022,58.0,Female,Kolkata,East,Electronics,Tablet,1,20310.38,25.0,Credit Card,Delivered,15232.78
ORD-101977,2025-02-01,CUST-00155,62.0,Female,Ahmedabad,West,Electronics,Headphones,1,2585.21,0.0,Cash on Delivery,Delivered,2585.21
ORD-100623,2025-05-21,CUST-01002,35.0,Female,Delhi,North,Home & Kitchen,Air Fryer,1,7893.46,0.0,Wallet,Returned,7893.46
ORD-101831,2025-10-11,CUST-00915,41.0,Male,Mumbai,West,Beauty,Skincare Kit,1,1432.87,0.0,UPI,Delivered,1432.87
ORD-101494,2025-10-14,CUST-00509,57.0,Female,Mumbai,West,Electronics,Tablet,1,17862.18,0.0,Cash on Delivery,Delivered,17862.18
ORD-102092,2025-04-01,CUST-00845,28.0,Male,Jaipur,North,Electronics,Headphones,2,2621.18,5.0,Debit Card,Shipped,4980.24
ORD-100228,2025-11-06,CUST-00719,63.0,Female,Delhi,North,Fashion,T-Shirt,1,642.18,20.0,UPI,Delivered,513.74
ORD-102217,2025-10-04,CUST-00347,28.0,Male,Pune,West,Electronics,Headphones,1,2331.16,10.0,Credit Card,Delivered,2098.04
ORD-101170,2025-08-16,CUST-00513,25.0,Male,Lucknow,North,Beauty,Makeup Set,1,1017.19,25.0,UPI,Delivered,762.89
ORD-100109,2025-09-04,CUST-00568,49.0,Male,Pune,West,Fashion,Dress,2,1397.85,25.0,UPI,Delivered,2096.77
ORD-101799,2025-03-03,CUST-00993,61.0,Female,Kolkata,East,Beauty,Perfume,1,1827.11,0.0,UPI,Delivered,1827.11
ORD-100067,2025-01-07,CUST-01078,51.0,Male,Hyderabad,South,Fashion,Jeans,1,1391.3,0.0,UPI,Delivered,1391.3
ORD-101418,2025-02-09,CUST-00945,19.0,Male,Hyderabad,South,Beauty,Skincare Kit,1,1509.29,10.0,Debit Card,Delivered,1358.36
ORD-102266,2025-09-16,CUST-00096,59.0,Female,Pune,West,Electronics,Headphones,1,2301.85,0.0,Credit Card,Delivered,2301.85
ORD-100025,2025-03-26,CUST-00516,46.0,Female,Jaipur,North,Electronics,Headphones,1,2307.54,0.0,UPI,Delivered,2307.54
ORD-101236,2025-07-28,CUST-00685,56.0,Male,Chennai,South,Beauty,Makeup Set,1,925.81,15.0,Debit Card,Delivered,786.94
ORD-102080,2025-12-22,CUST-00536,65.0,Male,Guwahati,East,Fashion,T-Shirt,2,583.47,20.0,UPI,Delivered,933.55
ORD-100145,2025-12-17,CUST-00919,37.0,Female,Hyderabad,South,Fashion,Dress,1,1230.37,0.0,UPI,Cancelled,1230.37
ORD-100537,2025-11-04,CUST-00322,60.0,Female,Delhi,North,Fashion,Dress,2,1200.76,0.0,Cash on Delivery,Delivered,2401.52
ORD-100812,2025-01-21,CUST-01048,47.0,Male,Bengaluru,South,Fashion,Jacket,1,2910.39,30.0,UPI,Delivered,2037.27
ORD-101761,2025-12-24,CUST-00994,48.0,Female,Lucknow,North,Home & Kitchen,Air Fryer,1,8467.76,0.0,Net Banking,Shipped,8467.76
ORD-101498,2025-05-28,CUST-00466,57.0,Male,Pune,West,Electronics,Tablet,2,18130.52,30.0,Credit Card,Delivered,25382.73
ORD-100086,2025-12-06,CUST-00074,39.0,Male,Guwahati,East,Electronics,Laptop,1,50993.67,20.0,UPI,Delivered,40794.94
ORD-101255,2025-09-07,CUST-00032,44.0,Female,Pune,West,Electronics,Smartwatch,1,5083.73,5.0,Cash on Delivery,Delivered,4829.54
ORD-102077,2025-03-26,CUST-00897,50.0,Female,Hyderabad,South,Electronics,Laptop,1,56205.21,15.0,Debit Card,Delivered,47774.43
ORD-102291,2025-01-04,CUST-00824,24.0,Male,Patna,East,Electronics,Laptop,2,53332.97,5.0,Cash on Delivery,Delivered,101332.64
ORD-101848,2025-07-17,CUST-00220,23.0,Female,Mumbai,West,Electronics,Tablet,2,19850.03,10.0,Net Banking,Delivered,35730.05
ORD-101695,2025-10-25,CUST-00830,32.0,Female,Patna,East,Beauty,Perfume,1,2048.91,0.0,UPI,Delivered,2048.91
ORD-100485,2025-03-05,CUST-00537,25.0,Male,Ahmedabad,West,Home & Kitchen,Mixer Grinder,1,4191.56,20.0,Cash on Delivery,Delivered,3353.25
ORD-101655,2025-06-09,CUST-01169,22.0,Male,Delhi,North,Electronics,Headphones,2,2340.1,20.0,UPI,Delivered,3744.16
ORD-102371,2025-09-25,CUST-00855,21.0,Male,Hyderabad,South,Electronics,Tablet,2,18591.0,5.0,UPI,Delivered,35322.9
ORD-102398,2025-01-14,CUST-00346,39.0,Female,Hyderabad,South,Electronics,Smartwatch,1,5162.32,25.0,Cash on Delivery,Delivered,3871.74
ORD-100739,2025-10-12,CUST-00935,51.0,Female,Hyderabad,South,Fashion,Dress,1,1235.69,30.0,UPI,Delivered,864.98
ORD-101837,2025-01-12,CUST-01151,55.0,Female,Kolkata,East,Fashion,Dress,1,1224.33,25.0,Cash on Delivery,Delivered,918.25
ORD-102286,2025-10-15,CUST-00497,47.0,Male,Patna,East,Home & Kitchen,Table Lamp,2,883.53,5.0,Cash on Delivery,Delivered,1678.71
ORD-102474,2025-11-09,CUST-01175,39.0,Female,Jaipur,North,Electronics,Tablet,1,19906.06,10.0,UPI,Delivered,17915.45
ORD-101768,2025-04-18,CUST-01181,30.0,Male,Delhi,North,Electronics,Tablet,1,18501.93,10.0,UPI,Delivered,16651.74
ORD-100363,2025-04-17,CUST-00652,38.0,Male,Delhi,North,Fashion,Jeans,1,1491.03,40.0,Wallet,Returned,894.62
ORD-100750,2025-01-11,CUST-00600,36.0,Male,Ahmedabad,West,Sports,Cricket Bat,1,2676.48,0.0,UPI,Delivered,2676.48
ORD-101808,2025-02-18,CUST-01051,32.0,Female,Jaipur,North,Home & Kitchen,Air Fryer,1,7399.52,10.0,UPI,Delivered,6659.57
ORD-101647,2025-07-04,CUST-00293,,Male,Guwahati,East,Home & Kitchen,Air Fryer,1,8565.79,15.0,UPI,Delivered,7280.92
ORD-101027,2025-12-27,CUST-00626,58.0,Female,Lucknow,North,Fashion,T-Shirt,2,585.71,0.0,Credit Card,Delivered,1171.42
ORD-101031,2025-12-18,CUST-01194,28.0,Female,Pune,West,Fashion,Dress,1,1202.45,0.0,Credit Card,Delivered,1202.45
ORD-101895,2025-10-03,CUST-00090,49.0,Male,Hyderabad,South,Beauty,Skincare Kit,2,1607.96,10.0,UPI,Delivered,2894.33
ORD-101336,2025-04-26,CUST-01037,55.0,Female,Patna,East,Home & Kitchen,Cookware Set,2,3732.2,0.0,Debit Card,Delivered,7464.4
ORD-102125,2025-11-21,CUST-00538,39.0,Female,Bengaluru,South,Sports,Football,2,1018.65,0.0,Credit Card,Delivered,2037.3
ORD-102284,2025-04-19,CUST-01124,60.0,Female,Pune,West,Electronics,Tablet,1,18301.1,0.0,UPI,Delivered,18301.1
ORD-100666,2025-11-05,CUST-00982,53.0,Male,Bengaluru,South,Sports,Cricket Bat,1,2318.07,,UPI,Cancelled,2318.07
ORD-100365,2025-03-16,CUST-00661,20.0,Female,Jaipur,North,Fashion,Jacket,1,2849.26,5.0,UPI,Cancelled,2706.8
ORD-102210,2025-09-21,CUST-00104,60.0,Female,Pune,West,Electronics,Smartwatch,1,4671.21,5.0,UPI,Shipped,4437.65
ORD-101240,2025-03-13,CUST-00363,59.0,Male,Ahmedabad,West,Beauty,Perfume,1,1975.47,0.0,UPI,Delivered,1975.47
ORD-100078,2025-03-20,CUST-01056,53.0,Female,Lucknow,North,Sports,Yoga Mat,1,844.89,25.0,UPI,Delivered,633.67
ORD-100028,2025-10-23,CUST-00941,36.0,Female,Patna,East,Home & Kitchen,Air Fryer,1,8045.16,10.0,Cash on Delivery,Delivered,7240.64
ORD-100474,2025-03-13,CUST-00170,64.0,Female,Delhi,North,Electronics,Tablet,2,17700.87,0.0,Credit Card,Delivered,35401.74
ORD-100526,2025-10-02,CUST-00623,29.0,Female,Kolkata,East,Fashion,Jeans,1,1617.85,40.0,Credit Card,Shipped,970.71
ORD-100726,2025-11-26,CUST-00724,54.0,Male,Guwahati,East,Sports,Dumbbell Set,1,1966.49,25.0,Net Banking,Returned,1474.87
ORD-100056,2025-11-22,CUST-00185,31.0,Female,Kolkata,East,Electronics,Headphones,1,2520.23,15.0,Wallet,Returned,2142.2
ORD-100639,2025-08-01,CUST-00096,30.0,Female,Ahmedabad,West,Sports,Dumbbell Set,1,1993.47,0.0,Credit Card,Delivered,1993.47
ORD-100303,2025-10-20,CUST-00580,31.0,Male,Guwahati,East,Home & Kitchen,Mixer Grinder,1,4538.9,10.0,UPI,Cancelled,4085.01
ORD-100719,2025-05-27,CUST-01145,57.0,Male,Chennai,South,Fashion,Jacket,2,2871.86,30.0,UPI,Delivered,4020.6
ORD-101898,2025-04-01,CUST-00855,61.0,Female,Pune,West,Sports,Football,1,1098.25,0.0,Credit Card,Delivered,1098.25
ORD-100625,2025-05-15,CUST-00149,34.0,Male,Delhi,North,Fashion,Jacket,1,2827.43,15.0,Credit Card,Delivered,2403.32
ORD-100008,2025-08-19,CUST-00926,52.0,Male,Chennai,South,Beauty,Makeup Set,1,1049.19,0.0,UPI,Delivered,1049.19
ORD-101281,2025-02-14,CUST-00352,27.0,Male,Pune,West,Fashion,Jacket,1,2724.16,0.0,UPI,Delivered,2724.16
ORD-100804,2025-06-16,CUST-00427,25.0,Female,Chennai,South,Electronics,Headphones,1,2368.73,15.0,UPI,Delivered,2013.42
ORD-101050,2025-11-23,CUST-00480,31.0,Female,Bengaluru,South,Electronics,Laptop,2,51830.32,15.0,Credit Card,Delivered,88111.54
ORD-100337,2025-01-09,CUST-00097,25.0,Male,Bengaluru,South,Electronics,Smartphone,2,15343.84,10.0,Debit Card,Delivered,27618.91
ORD-101597,2025-11-25,CUST-00546,35.0,Male,Chennai,South,Electronics,Laptop,1,55619.5,25.0,Credit Card,Delivered,41714.62
ORD-100048,2025-01-21,CUST-00603,64.0,Female,Guwahati,East,Beauty,Hair Dryer,1,1699.3,15.0,UPI,Delivered,1444.4
ORD-102164,2025-05-01,CUST-00428,46.0,Male,Hyderabad,South,Home & Kitchen,Table Lamp,1,849.71,5.0,Debit Card,Delivered,807.22
ORD-100107,2025-08-24,CUST-00647,54.0,Male,Jaipur,North,Beauty,Skincare Kit,1,1556.03,5.0,Cash on Delivery,Delivered,1478.23
ORD-100350,2025-10-08,CUST-00619,29.0,Male,Chennai,South,Home & Kitchen,Bedsheet Set,1,1287.07,10.0,Debit Card,Delivered,1158.36
ORD-101080,2025-01-07,CUST-00218,20.0,Female,Kolkata,East,Home & Kitchen,Bedsheet Set,1,1201.07,5.0,Cash on Delivery,Delivered,1141.02
ORD-100239,2025-11-24,CUST-00415,,Male,Ahmedabad,West,Beauty,Makeup Set,1,1068.02,10.0,Credit Card,Delivered,961.22
ORD-100214,2025-10-09,CUST-00882,29.0,Female,Guwahati,East,Electronics,Tablet,2,17749.41,0.0,UPI,Delivered,35498.82
ORD-101145,2025-05-18,CUST-00962,35.0,Female,Bengaluru,South,Electronics,Headphones,1,2607.22,15.0,Cash on Delivery,Delivered,2216.14
ORD-101950,2025-01-14,CUST-00935,55.0,Male,Delhi,North,Home & Kitchen,Table Lamp,2,932.64,25.0,UPI,Delivered,1398.96
ORD-101787,2025-05-25,CUST-00796,50.0,Female,Delhi,North,Fashion,Dress,1,1253.55,10.0,Net Banking,Delivered,1128.19
ORD-100794,2025-07-22,CUST-00710,36.0,Male,Ahmedabad,West,Sports,Badminton Racket,1,1315.25,5.0,UPI,Delivered,1249.49
ORD-101097,2025-11-11,CUST-00246,38.0,Male,Hyderabad,South,Fashion,Sneakers,1,2386.33,15.0,Cash on Delivery,Delivered,2028.38
ORD-101843,2025-11-08,CUST-00654,52.0,Male,Ahmedabad,West,Home & Kitchen,Cookware Set,1,3653.19,0.0,UPI,Delivered,3653.19
ORD-101765,2025-11-16,CUST-00003,42.0,Male,Lucknow,North,Beauty,Makeup Set,1,1057.46,20.0,UPI,Delivered,845.97
ORD-102234,2025-09-24,CUST-00802,63.0,Male,Chennai,South,Electronics,Tablet,1,18089.78,20.0,Debit Card,Delivered,14471.82
ORD-100346,2025-09-19,CUST-00328,18.0,Male,Pune,West,Beauty,Hair Dryer,1,1659.56,0.0,UPI,Delivered,1659.56
ORD-100524,2025-02-22,CUST-00413,53.0,Female,Jaipur,North,Home & Kitchen,Mixer Grinder,1,4119.95,0.0,UPI,Shipped,4119.95
ORD-100233,2025-12-19,CUST-00739,50.0,Female,Kolkata,East,Electronics,Headphones,1,2403.99,10.0,UPI,Delivered,2163.59
ORD-100645,2025-10-18,CUST-00596,54.0,Female,Mumbai,West,Home & Kitchen,Mixer Grinder,1,4180.78,10.0,Credit Card,Delivered,3762.7
ORD-101944,2025-06-05,CUST-00820,30.0,Male,Ahmedabad,West,Home & Kitchen,Mixer Grinder,1,4266.0,25.0,Debit Card,Delivered,3199.5
ORD-102182,2025-11-19,CUST-00223,55.0,Female,Ahmedabad,West,Fashion,Jacket,1,2734.38,20.0,UPI,Delivered,2187.5
ORD-101429,2025-01-09,CUST-00132,57.0,Male,Pune,West,Sports,Cricket Bat,1,2584.01,15.0,UPI,Delivered,2196.41
ORD-100534,2025-09-21,CUST-00693,23.0,Male,Patna,East,Fashion,Jeans,1,1409.85,0.0,Debit Card,Delivered,1409.85
ORD-102416,2025-02-07,CUST-00781,34.0,Female,Mumbai,West,Sports,Cricket Bat,1,2442.52,0.0,UPI,Delivered,2442.52
ORD-100604,2025-10-17,CUST-00713,27.0,Male,Jaipur,North,Electronics,Headphones,1,2616.51,5.0,UPI,Delivered,2485.68
ORD-101490,2025-12-10,CUST-00149,49.0,Male,Guwahati,East,Fashion,Dress,1,1290.63,5.0,UPI,Delivered,1226.1
ORD-101884,2025-10-20,CUST-00012,28.0,Male,Pune,West,Electronics,Laptop,2,57163.37,0.0,UPI,Delivered,114326.74
ORD-101427,2025-05-27,CUST-00735,54.0,Female,Ahmedabad,West,Electronics,Laptop,1,50113.2,10.0,Cash on Delivery,Shipped,45101.88
ORD-101075,2025-10-14,CUST-00477,49.0,Female,Lucknow,North,Home & Kitchen,Mixer Grinder,1,4266.92,20.0,UPI,Delivered,3413.54
ORD-102032,2025-01-26,CUST-00811,25.0,Female,Lucknow,North,Beauty,Skincare Kit,2,1551.83,25.0,Cash on Delivery,Delivered,2327.74
ORD-100061,2025-11-08,CUST-00931,37.0,Male,Jaipur,North,Electronics,Smartwatch,1,5173.08,20.0,Wallet,Delivered,4138.46
ORD-101967,2025-11-12,CUST-00220,25.0,Male,Jaipur,North,Fashion,Sneakers,1,2163.32,20.0,Credit Card,Delivered,1730.66
ORD-100093,2025-12-14,CUST-00896,53.0,Female,Lucknow,North,Fashion,Sneakers,1,2426.28,0.0,Credit Card,Shipped,2426.28
ORD-100667,2025-06-28,CUST-01118,61.0,Female,Bengaluru,South,Electronics,Smartwatch,1,5307.45,5.0,Debit Card,Delivered,5042.08
ORD-101746,2025-02-14,CUST-00903,36.0,Female,Kolkata,East,Home & Kitchen,Cookware Set,1,3637.77,10.0,UPI,Delivered,3273.99
ORD-102258,2025-03-08,CUST-00872,18.0,Female,Mumbai,West,Sports,Badminton Racket,1,1469.04,0.0,UPI,Delivered,1469.04
ORD-100281,2025-02-07,CUST-00960,62.0,Female,Patna,East,Home & Kitchen,Mixer Grinder,2,4172.63,0.0,Credit Card,Delivered,8345.26
ORD-101720,2025-02-15,CUST-00875,19.0,Male,Ahmedabad,West,Fashion,Jacket,2,2915.7,0.0,UPI,Delivered,5831.4
ORD-101751,2025-04-13,CUST-00674,28.0,Male,Pune,West,Fashion,Jacket,1,2577.05,5.0,Credit Card,Cancelled,2448.2
ORD-100360,2025-06-09,CUST-00802,23.0,Male,Ahmedabad,West,Sports,Football,1,1023.2,10.0,Wallet,Cancelled,920.88
ORD-102134,2025-06-21,CUST-00803,65.0,Female,Bengaluru,South,Beauty,Makeup Set,2,1039.59,10.0,UPI,Delivered,1871.26
ORD-101544,2025-12-03,CUST-00291,25.0,Male,Delhi,North,Electronics,Tablet,1,20232.83,30.0,Cash on Delivery,Delivered,14162.98
ORD-101398,2025-05-16,CUST-01186,63.0,Male,Guwahati,East,Electronics,Smartphone,1,17129.01,5.0,Debit Card,Delivered,16272.56
ORD-101829,2025-01-20,CUST-00539,21.0,Male,Pune,West,Sports,Badminton Racket,1,1378.09,15.0,UPI,Delivered,1171.38
ORD-100848,2025-10-10,CUST-00560,42.0,Male,Kolkata,East,Electronics,Smartphone,1,15066.3,15.0,Credit Card,Delivered,12806.35
ORD-101207,2025-06-18,CUST-01040,63.0,Female,Patna,East,Fashion,Dress,1,1324.52,25.0,UPI,Delivered,993.39
ORD-102212,2025-10-16,CUST-00809,,Female,Mumbai,West,Electronics,Tablet,1,17941.14,20.0,Credit Card,Delivered,14352.91
ORD-100761,2025-11-05,CUST-00374,23.0,Male,Pune,West,Fashion,Sneakers,1,2476.08,0.0,Cash on Delivery,Delivered,2476.08
ORD-100111,2025-11-22,CUST-01014,21.0,Male,Pune,West,Fashion,T-Shirt,1,601.1,5.0,Credit Card,Delivered,571.04
ORD-100043,2025-05-27,CUST-01097,40.0,Male,Kolkata,East,Fashion,Sneakers,1,2461.07,0.0,Credit Card,Delivered,2461.07
ORD-100126,2025-09-03,CUST-00575,64.0,Male,Chennai,South,Beauty,Makeup Set,1,987.98,0.0,Credit Card,Returned,987.98
ORD-100205,2025-03-11,CUST-00348,46.0,Female,Chennai,South,Electronics,Laptop,1,51679.1,10.0,Cash on Delivery,Delivered,46511.19
ORD-101474,2025-08-21,CUST-00619,28.0,Male,Ahmedabad,West,Fashion,Sneakers,1,2348.76,0.0,Debit Card,Delivered,2348.76
ORD-100053,2025-10-14,CUST-01018,43.0,Male,Hyderabad,South,Beauty,Perfume,2,1925.47,25.0,UPI,Delivered,2888.2
ORD-100546,2025-08-11,CUST-00612,20.0,Male,Guwahati,East,Beauty,Skincare Kit,2,1488.32,0.0,Credit Card,Delivered,2976.64
ORD-100069,2025-11-22,CUST-00297,62.0,Male,Mumbai,West,Electronics,Laptop,1,52819.27,15.0,UPI,Delivered,44896.38
ORD-101784,2025-05-10,CUST-00784,57.0,Male,Guwahati,East,Electronics,Smartwatch,1,4794.26,15.0,Debit Card,Delivered,4075.12
ORD-101978,2025-09-23,CUST-00292,61.0,Male,Ahmedabad,West,Fashion,Dress,1,1380.55,0.0,Debit Card,Shipped,1380.55
ORD-102209,2025-02-25,CUST-00574,57.0,Male,Jaipur,North,Fashion,Sneakers,1,2228.78,10.0,Credit Card,Delivered,2005.9
ORD-101935,2025-11-12,CUST-00952,23.0,Female,Mumbai,West,Electronics,Tablet,1,19998.82,10.0,Credit Card,Cancelled,17998.94
ORD-101425,2025-10-06,CUST-00335,43.0,Male,Ahmedabad,West,Home & Kitchen,Bedsheet Set,1,1166.99,20.0,UPI,Delivered,933.59
ORD-100184,2025-06-13,CUST-00496,18.0,Male,Mumbai,West,Fashion,Jeans,1,1526.43,5.0,Debit Card,Delivered,1450.11
ORD-100138,2025-03-13,CUST-00676,23.0,Female,Jaipur,North,Home & Kitchen,Mixer Grinder,1,4386.24,15.0,Net Banking,Delivered,3728.3
ORD-100900,2025-08-26,CUST-00500,51.0,Female,Delhi,North,Fashion,T-Shirt,2,603.21,20.0,Debit Card,Delivered,965.14
ORD-100797,2025-03-08,CUST-00892,38.0,Female,Lucknow,North,Fashion,Jeans,1,1403.45,5.0,Debit Card,Delivered,1333.28
ORD-100133,2025-12-25,CUST-00149,43.0,Male,Jaipur,North,Fashion,T-Shirt,1,593.04,30.0,UPI,Delivered,415.13
ORD-100081,2025-08-12,CUST-00370,50.0,Male,Bengaluru,South,Sports,Dumbbell Set,1,1959.73,5.0,UPI,Delivered,1861.74
ORD-101587,2025-04-10,CUST-00385,62.0,Female,Pune,West,Fashion,Jeans,1,1383.13,30.0,UPI,Delivered,968.19
ORD-102169,2025-04-13,CUST-00660,40.0,Female,Bengaluru,South,Electronics,Tablet,1,18798.75,0.0,UPI,Delivered,18798.75
ORD-100759,2025-10-12,CUST-00892,24.0,Male,Hyderabad,South,Electronics,Laptop,1,51758.88,20.0,Credit Card,Delivered,41407.1
ORD-100542,2025-07-13,CUST-01033,18.0,Male,Bengaluru,South,Electronics,Headphones,1,2517.41,0.0,Debit Card,Delivered,2517.41
ORD-101020,2025-09-04,CUST-00559,43.0,Female,Mumbai,West,Beauty,Hair Dryer,1,1699.97,,Net Banking,Delivered,1699.97
ORD-101792,2025-09-20,CUST-00189,35.0,Male,Pune,West,Electronics,Tablet,1,19647.95,20.0,UPI,Delivered,15718.36
ORD-100984,2025-02-20,CUST-00212,26.0,Male,Kolkata,East,Electronics,Smartwatch,1,4811.04,5.0,Wallet,Delivered,4570.49
ORD-102243,2025-01-14,CUST-00434,58.0,Female,Delhi,North,Home & Kitchen,Air Fryer,1,7950.73,10.0,UPI,Delivered,7155.66
ORD-100166,2025-10-16,CUST-01199,53.0,Male,Bengaluru,South,Fashion,Sneakers,1,2456.42,10.0,Credit Card,Delivered,2210.78
ORD-100249,2025-11-12,CUST-00069,43.0,Female,Mumbai,West,Electronics,Smartwatch,1,4866.3,5.0,Credit Card,Delivered,4622.98
ORD-101332,2025-09-21,CUST-00412,46.0,Male,Jaipur,North,Home & Kitchen,Mixer Grinder,2,4151.67,20.0,Net Banking,Delivered,6642.67
ORD-100447,2025-02-25,CUST-00078,57.0,Female,Lucknow,North,Home & Kitchen,Bedsheet Set,1,1192.4,5.0,Net Banking,Delivered,1132.78
ORD-101802,2025-09-28,CUST-00126,62.0,Male,Kolkata,East,Electronics,Smartphone,1,15451.58,5.0,Cash on Delivery,Cancelled,14679.0
ORD-100859,2025-03-15,CUST-00816,43.0,Male,Ahmedabad,West,Fashion,T-Shirt,1,579.72,15.0,UPI,Delivered,492.76
ORD-101359,2025-03-22,CUST-00542,41.0,Female,Guwahati,East,Fashion,T-Shirt,1,568.17,20.0,Credit Card,Delivered,454.54
ORD-101888,2025-04-16,CUST-00607,58.0,Male,Jaipur,North,Electronics,Headphones,2,2399.16,25.0,UPI,Returned,3598.74
ORD-100098,2025-01-20,CUST-01028,44.0,Male,Guwahati,East,Fashion,Jacket,1,2773.9,30.0,Cash on Delivery,Delivered,1941.73
ORD-102219,2025-10-22,CUST-00365,22.0,Female,Delhi,North,Sports,Badminton Racket,1,1446.49,5.0,UPI,Delivered,1374.17
ORD-100806,2025-11-06,CUST-00030,21.0,Male,Mumbai,West,Sports,Badminton Racket,1,1334.96,5.0,Cash on Delivery,Delivered,1268.21
ORD-100738,2025-08-24,CUST-00271,45.0,Male,Mumbai,West,Home & Kitchen,Bedsheet Set,1,1284.67,15.0,UPI,Cancelled,1091.97
ORD-101958,2025-10-24,CUST-00325,34.0,Male,Ahmedabad,West,Home & Kitchen,Cookware Set,1,3578.36,5.0,Credit Card,Delivered,3399.44
ORD-101912,2025-02-28,CUST-00802,65.0,Female,Hyderabad,South,Home & Kitchen,Bedsheet Set,1,1246.93,10.0,Cash on Delivery,Delivered,1122.24
ORD-102027,2025-01-22,CUST-00074,41.0,Female,Guwahati,East,Electronics,Headphones,1,2587.38,0.0,UPI,Delivered,2587.38
ORD-100103,2025-03-24,CUST-00039,42.0,Male,Hyderabad,South,Fashion,Sneakers,1,2367.48,15.0,Wallet,Returned,2012.36
ORD-100435,2025-02-01,CUST-00264,46.0,Female,Delhi,North,Fashion,Sneakers,1,2356.2,5.0,Wallet,Shipped,2238.39
ORD-100075,2025-11-04,CUST-00413,49.0,Female,Hyderabad,South,Beauty,Perfume,1,1830.09,0.0,Credit Card,Delivered,1830.09
ORD-100578,2025-07-21,CUST-00419,33.0,Female,Patna,East,Home & Kitchen,Table Lamp,2,936.86,10.0,UPI,Delivered,1686.35
ORD-101873,2025-12-16,CUST-00517,62.0,Male,Hyderabad,South,Fashion,Jacket,2,2791.47,20.0,Credit Card,Delivered,4466.35
ORD-101957,2025-10-22,CUST-00921,49.0,Male,Guwahati,East,Electronics,Smartphone,2,17146.43,10.0,Wallet,Delivered,30863.57
ORD-101231,2025-02-22,CUST-01063,61.0,Male,Guwahati,East,Electronics,Tablet,1,18870.39,15.0,Net Banking,Delivered,16039.83
ORD-100919,2025-04-04,CUST-00207,63.0,Female,Patna,East,Sports,Football,2,1152.92,15.0,UPI,Delivered,1959.96
ORD-101327,2025-04-21,CUST-00095,49.0,Male,Bengaluru,South,Home & Kitchen,Cookware Set,2,3768.9,20.0,Net Banking,Delivered,6030.24
ORD-102327,2025-11-01,CUST-01066,23.0,Female,Jaipur,North,Fashion,Sneakers,2,2312.57,10.0,Credit Card,Delivered,4162.63
ORD-102298,2025-10-20,CUST-01110,57.0,Female,Ahmedabad,West,Home & Kitchen,Air Fryer,1,8361.18,10.0,UPI,Delivered,7525.06
ORD-102257,2025-06-14,CUST-00503,38.0,Male,Ahmedabad,West,Fashion,Dress,1,1248.24,20.0,UPI,Cancelled,998.59
ORD-100763,2025-05-04,CUST-00138,38.0,Male,Pune,West,Electronics,Laptop,3,53691.43,10.0,Credit Card,Delivered,144966.86
ORD-102127,2025-05-20,CUST-01099,43.0,Male,Guwahati,East,Fashion,Dress,1,1225.09,20.0,UPI,Delivered,980.07
ORD-100990,2025-02-22,CUST-00171,36.0,Male,Patna,East,Beauty,Makeup Set,2,1062.14,0.0,Credit Card,Delivered,2124.28
ORD-100389,2025-10-23,CUST-01128,59.0,Male,Bengaluru,South,Sports,Dumbbell Set,2,2114.94,0.0,UPI,Delivered,4229.88
ORD-100236,2025-05-13,CUST-00982,32.0,Female,Bengaluru,South,Electronics,Laptop,1,55259.34,25.0,Debit Card,Delivered,41444.5
ORD-102181,2025-09-08,CUST-00914,54.0,Female,Ahmedabad,West,Fashion,Sneakers,2,2238.3,20.0,UPI,Delivered,3581.28
ORD-100268,2025-04-03,CUST-00151,33.0,Female,Ahmedabad,West,Electronics,Smartphone,1,16805.03,0.0,UPI,Delivered,16805.03
ORD-101330,2025-09-05,CUST-00191,52.0,Male,Ahmedabad,West,Fashion,T-Shirt,1,645.6,0.0,Cash on Delivery,Delivered,645.6
ORD-102157,2025-11-05,CUST-00467,27.0,Female,Bengaluru,South,Electronics,Smartwatch,1,5366.94,5.0,,Cancelled,5098.59
ORD-100118,2025-07-10,CUST-00639,22.0,Male,Bengaluru,South,Fashion,Jeans,1,1512.05,5.0,UPI,Delivered,1436.45
ORD-100438,2025-07-17,CUST-00266,29.0,Male,Hyderabad,South,Fashion,T-Shirt,1,599.74,30.0,Credit Card,Delivered,419.82
ORD-100674,2025-08-15,CUST-00873,22.0,Female,Ahmedabad,West,Electronics,Smartphone,1,16227.23,0.0,Cash on Delivery,Delivered,16227.23
ORD-100250,2025-02-17,CUST-00925,41.0,Male,Lucknow,North,Beauty,Hair Dryer,2,1758.87,20.0,UPI,Delivered,2814.19
ORD-102466,2025-04-09,CUST-00526,30.0,Male,Kolkata,East,Beauty,Hair Dryer,1,1745.19,15.0,Debit Card,Delivered,1483.41
ORD-101575,2025-11-15,CUST-00865,22.0,Male,Lucknow,North,Home & Kitchen,Cookware Set,1,3760.91,0.0,Debit Card,Returned,3760.91
ORD-100090,2025-12-06,CUST-01119,34.0,Female,Kolkata,East,Beauty,Makeup Set,1,943.52,25.0,UPI,Delivered,707.64
ORD-100095,2025-09-12,CUST-00880,49.0,Male,Pune,West,Fashion,Jacket,1,2631.42,0.0,Debit Card,Delivered,2631.42
ORD-102391,2025-04-12,CUST-00261,19.0,Male,Mumbai,West,Electronics,Laptop,2,54817.1,25.0,UPI,Delivered,82225.65
ORD-100034,2025-09-03,CUST-00955,35.0,Male,Patna,East,Fashion,Dress,1,1264.42,25.0,,Delivered,948.32
ORD-102190,2025-08-15,CUST-00611,27.0,Male,Hyderabad,South,Sports,Dumbbell Set,1,1949.42,15.0,UPI,Delivered,1657.01
ORD-102146,2025-07-06,CUST-00519,46.0,Male,Guwahati,East,Fashion,T-Shirt,1,641.54,15.0,Credit Card,Delivered,545.31
ORD-102296,2025-10-24,CUST-00294,33.0,Male,Delhi,North,Sports,Cricket Bat,3,2685.5,15.0,Net Banking,Delivered,6848.02
ORD-100449,2025-04-21,CUST-01053,52.0,Female,Chennai,South,Home & Kitchen,Table Lamp,2,863.17,15.0,UPI,Delivered,1467.39
ORD-101470,2025-03-27,CUST-00630,30.0,Female,Chennai,South,Electronics,Headphones,1,2333.31,0.0,Credit Card,Delivered,2333.31
ORD-101796,2025-09-18,CUST-01146,37.0,Female,Mumbai,West,Fashion,T-Shirt,2,554.12,15.0,UPI,Shipped,942.0
ORD-100717,2025-10-19,CUST-00788,35.0,Male,Ahmedabad,West,Sports,Dumbbell Set,1,1848.49,5.0,Debit Card,Delivered,1756.07
ORD-101968,2025-11-21,CUST-00765,58.0,Male,Patna,East,Fashion,Jacket,1,2837.36,10.0,UPI,Delivered,2553.62
ORD-102187,2025-01-28,CUST-00324,29.0,Male,Mumbai,West,Fashion,Dress,1,1401.81,10.0,UPI,Returned,1261.63
ORD-100001,2025-07-22,CUST-01008,39.0,Male,Kolkata,East,Beauty,Skincare Kit,1,1613.07,20.0,Cash on Delivery,Delivered,1290.46
ORD-100457,2025-07-15,CUST-00392,47.0,Male,Bengaluru,South,Home & Kitchen,Table Lamp,2,947.9,25.0,Debit Card,Delivered,1421.85
ORD-101102,2025-10-13,CUST-00738,36.0,Female,Chennai,South,Electronics,Tablet,1,18640.04,15.0,UPI,Delivered,15844.03
ORD-101109,2025-02-05,CUST-00817,30.0,Female,Jaipur,North,Home & Kitchen,Mixer Grinder,1,4218.23,0.0,UPI,Delivered,4218.23
ORD-101909,2025-02-15,CUST-00535,55.0,Female,Guwahati,East,Electronics,Tablet,1,19945.45,5.0,Debit Card,Shipped,18948.18
ORD-100083,2025-07-02,CUST-00362,60.0,Female,Chennai,South,Sports,Yoga Mat,1,749.23,5.0,UPI,Delivered,711.77
ORD-101482,2025-04-08,CUST-00835,27.0,Female,Bengaluru,South,Home & Kitchen,Bedsheet Set,1,1133.62,30.0,UPI,Delivered,793.53
ORD-102003,2025-12-26,CUST-00882,35.0,Female,Lucknow,North,Home & Kitchen,Air Fryer,1,7750.03,20.0,Credit Card,Delivered,6200.02
ORD-100677,2025-05-03,CUST-00885,49.0,Female,Guwahati,East,Electronics,Headphones,2,2626.53,15.0,UPI,Delivered,4465.1
ORD-101589,2025-03-22,CUST-00044,47.0,Female,Mumbai,West,Sports,Dumbbell Set,1,2037.02,10.0,Debit Card,Delivered,1833.32
ORD-102138,2025-07-09,CUST-00896,35.0,Male,Guwahati,East,Beauty,Skincare Kit,1,1488.58,0.0,UPI,Delivered,1488.58
ORD-101047,2025-01-14,CUST-00818,34.0,Female,Mumbai,West,Beauty,Hair Dryer,1,1942.21,10.0,UPI,Delivered,1747.99
ORD-101461,2025-03-15,CUST-00585,19.0,Male,Pune,West,Home & Kitchen,Bedsheet Set,1,1284.99,0.0,Cash on Delivery,Delivered,1284.99
ORD-100771,2025-10-13,CUST-00969,56.0,Male,Delhi,North,Fashion,Jacket,1,2678.86,20.0,Credit Card,Delivered,2143.09
ORD-101669,2025-05-04,CUST-01181,29.0,Male,Patna,East,Fashion,Sneakers,1,2280.45,5.0,UPI,Delivered,2166.43
ORD-102087,2025-08-12,CUST-00875,46.0,Female,Guwahati,East,Home & Kitchen,Cookware Set,2,3680.12,20.0,Cash on Delivery,Delivered,5888.19
ORD-101990,2025-10-21,CUST-00656,40.0,Female,Kolkata,East,Fashion,T-Shirt,2,584.35,0.0,Net Banking,Delivered,1168.7
ORD-100518,2025-10-06,CUST-00211,23.0,Female,Hyderabad,South,Beauty,Perfume,1,1909.46,25.0,Cash on Delivery,Delivered,1432.1
ORD-100823,2025-08-11,CUST-00464,45.0,Female,Delhi,North,Fashion,T-Shirt,1,590.25,40.0,UPI,Delivered,354.15
ORD-100405,2025-07-04,CUST-01079,49.0,Female,Bengaluru,South,Fashion,Sneakers,1,2122.53,20.0,Wallet,Delivered,1698.02
ORD-100385,2025-11-07,CUST-00477,55.0,Male,Lucknow,North,Home & Kitchen,Table Lamp,1,863.87,30.0,UPI,Delivered,604.71
ORD-102018,2025-04-13,CUST-00029,47.0,Male,Kolkata,East,Home & Kitchen,Mixer Grinder,1,3960.99,0.0,UPI,Shipped,3960.99
ORD-102250,2025-07-09,CUST-00843,42.0,Male,Patna,East,Electronics,Smartwatch,1,4767.9,20.0,UPI,Delivered,3814.32
ORD-100105,2025-05-12,CUST-00392,25.0,Female,Patna,East,Home & Kitchen,Air Fryer,1,8502.02,0.0,Cash on Delivery,Delivered,8502.02
ORD-101634,2025-06-26,CUST-00919,30.0,Female,Guwahati,East,Home & Kitchen,Table Lamp,1,871.65,0.0,Cash on Delivery,Delivered,871.65
ORD-102396,2025-07-25,CUST-00972,35.0,Male,Lucknow,North,Electronics,Smartwatch,1,4679.65,5.0,UPI,Shipped,4445.67
ORD-100689,2025-12-26,CUST-00787,19.0,Male,Ahmedabad,West,Home & Kitchen,Cookware Set,1,3420.22,0.0,Wallet,Shipped,3420.22
ORD-102033,2025-11-10,CUST-00037,60.0,Male,Mumbai,West,Beauty,Makeup Set,1,973.15,15.0,Credit Card,Delivered,827.18
ORD-100827,2025-11-08,CUST-00988,46.0,Male,Bengaluru,South,Fashion,Jacket,1,2817.59,0.0,UPI,Delivered,2817.59
ORD-101241,2025-10-04,CUST-01197,39.0,Female,Jaipur,North,Fashion,Sneakers,1,2407.37,15.0,Cash on Delivery,Delivered,2046.26
ORD-100063,2025-07-01,CUST-00417,61.0,Male,Pune,West,Home & Kitchen,Table Lamp,1,965.05,,Credit Card,Delivered,772.04
ORD-101306,2025-03-22,CUST-00522,30.0,Female,Jaipur,North,Sports,Cricket Bat,1,2362.64,0.0,Wallet,Delivered,2362.64
ORD-100853,2025-12-20,CUST-00430,38.0,Male,Lucknow,North,Fashion,Dress,4,1231.38,5.0,UPI,Delivered,4679.24
ORD-102306,2025-05-28,CUST-00921,40.0,Female,Chennai,South,Fashion,Dress,1,1343.98,10.0,UPI,Delivered,1209.58
ORD-100177,2025-08-14,CUST-00681,62.0,Male,Delhi,North,Electronics,Smartphone,1,15883.54,10.0,UPI,Delivered,14295.19
ORD-101263,2025-05-14,CUST-00668,60.0,Female,Hyderabad,South,Fashion,T-Shirt,4,637.33,15.0,UPI,Shipped,2166.92
ORD-100224,2025-09-23,CUST-00398,22.0,Female,Chennai,South,Fashion,T-Shirt,1,577.26,10.0,Cash on Delivery,Delivered,519.53
ORD-100146,2025-03-20,CUST-00505,,Male,Patna,East,Electronics,Laptop,1,56494.0,0.0,Debit Card,Delivered,56494.0
ORD-101089,2025-05-15,CUST-01178,40.0,Male,Lucknow,North,Beauty,Hair Dryer,2,1747.57,0.0,UPI,Delivered,3495.14
ORD-100374,2025-11-09,CUST-01069,54.0,Male,Kolkata,East,Electronics,Tablet,1,20261.53,10.0,UPI,Delivered,18235.38
ORD-101825,2025-09-13,CUST-00570,33.0,Male,Kolkata,East,Fashion,Sneakers,1,2130.74,0.0,Wallet,Delivered,2130.74
ORD-102121,2025-04-15,CUST-00996,60.0,Male,Chennai,South,Electronics,Smartphone,1,15718.98,40.0,UPI,Delivered,9431.39
ORD-101143,2025-12-21,CUST-00858,61.0,Female,Lucknow,North,Fashion,Sneakers,1,2244.5,40.0,Credit Card,Delivered,1346.7
ORD-102404,2025-12-25,CUST-00973,56.0,Male,Delhi,North,Fashion,T-Shirt,1,637.69,0.0,UPI,Delivered,637.69
ORD-102175,2025-12-07,CUST-00354,38.0,Male,Bengaluru,South,Electronics,Smartwatch,1,4995.9,0.0,Cash on Delivery,Delivered,4995.9
ORD-101275,2025-06-23,CUST-01071,36.0,Female,Mumbai,West,Fashion,Jacket,1,2942.57,15.0,UPI,Delivered,2501.18
ORD-101266,2025-01-18,CUST-00933,50.0,Male,Mumbai,West,Fashion,Sneakers,3,2392.97,10.0,Credit Card,Returned,6461.02
ORD-102245,2025-08-13,CUST-00536,21.0,Female,Lucknow,North,Beauty,Perfume,2,1964.72,15.0,UPI,Delivered,3340.02
ORD-102346,2025-05-22,CUST-00924,43.0,Male,Mumbai,West,Sports,Yoga Mat,1,859.68,15.0,Cash on Delivery,Shipped,730.73
ORD-100010,2025-11-27,CUST-00096,22.0,Female,Mumbai,West,Home & Kitchen,Bedsheet Set,3,1252.48,15.0,Credit Card,Delivered,3193.82
ORD-100450,2025-11-06,CUST-00961,49.0,Female,Chennai,South,Electronics,Laptop,4,53257.11,20.0,Credit Card,Delivered,170422.75
ORD-101839,2025-12-24,CUST-00586,56.0,Male,Patna,East,Electronics,Headphones,1,2646.57,25.0,Cash on Delivery,Delivered,1984.93
ORD-100709,2025-04-16,CUST-01067,60.0,Male,Hyderabad,South,Home & Kitchen,Cookware Set,1,3449.97,15.0,Debit Card,Delivered,2932.47
ORD-100256,2025-05-07,CUST-00533,19.0,Female,Lucknow,North,Home & Kitchen,Air Fryer,1,7416.63,25.0,Debit Card,Delivered,5562.47
ORD-100883,2025-04-28,CUST-00602,37.0,Female,Jaipur,North,Fashion,Jeans,2,1600.73,20.0,Credit Card,Delivered,2561.17
ORD-101618,2025-11-06,CUST-00265,63.0,Male,Guwahati,East,Electronics,Tablet,1,18389.84,0.0,Debit Card,Delivered,18389.84
ORD-100390,2025-01-20,CUST-00695,65.0,Female,Chennai,South,Fashion,T-Shirt,1,637.01,0.0,Net Banking,Delivered,637.01
ORD-102468,2025-02-05,CUST-00498,65.0,Female,Patna,East,Fashion,Dress,1,1357.07,10.0,Net Banking,Delivered,1221.36
ORD-102407,2025-07-22,CUST-00550,42.0,Female,Kolkata,East,Electronics,Tablet,1,20401.78,0.0,UPI,Delivered,20401.78
ORD-101582,2025-08-10,CUST-00256,58.0,Female,Hyderabad,South,Electronics,Laptop,2,48787.51,20.0,Cash on Delivery,Delivered,78060.02
ORD-100909,2025-05-10,CUST-00876,25.0,Male,Pune,West,Electronics,Headphones,1,2355.06,5.0,Credit Card,Delivered,2237.31
ORD-100925,2025-12-04,CUST-01159,27.0,Male,Patna,East,Sports,Dumbbell Set,2,1886.0,10.0,UPI,Shipped,3394.8
ORD-100752,2025-11-03,CUST-01034,41.0,Male,Chennai,South,Sports,Badminton Racket,3,1496.17,0.0,Debit Card,Delivered,4488.51
ORD-101916,2025-01-21,CUST-00025,21.0,Male,Lucknow,North,Electronics,Tablet,1,20186.36,0.0,Cash on Delivery,Delivered,20186.36
ORD-100461,2025-03-05,CUST-00290,42.0,Male,Jaipur,North,Fashion,Sneakers,2,2303.77,15.0,UPI,Delivered,3916.41
ORD-101748,2025-12-20,CUST-00164,20.0,Male,Lucknow,North,Fashion,Jacket,1,2730.19,15.0,UPI,Delivered,2320.66
ORD-101974,2025-03-15,CUST-00379,45.0,Male,Kolkata,East,Electronics,Smartphone,2,15172.71,20.0,Cash on Delivery,Delivered,24276.34
ORD-101225,2025-02-19,CUST-01126,24.0,Male,Kolkata,East,Electronics,Smartphone,1,15347.65,15.0,Debit Card,Delivered,13045.5
ORD-101169,2025-09-02,CUST-00277,21.0,Female,Ahmedabad,West,Home & Kitchen,Cookware Set,1,3356.94,30.0,Debit Card,Delivered,2349.86
ORD-100959,2025-12-15,CUST-00073,36.0,Female,Bengaluru,South,Sports,Yoga Mat,1,833.89,0.0,Cash on Delivery,Delivered,833.89
ORD-100502,2025-07-16,CUST-00761,39.0,Male,Jaipur,North,Fashion,Jeans,4,1421.3,0.0,UPI,Delivered,5685.2
ORD-101728,2025-09-13,CUST-00626,62.0,Female,Delhi,North,Home & Kitchen,Cookware Set,4,3746.84,5.0,Credit Card,Delivered,14237.99
ORD-100740,2025-09-13,CUST-00525,54.0,Male,Patna,East,Sports,Cricket Bat,2,2402.4,10.0,Credit Card,Delivered,4324.32
ORD-100041,2025-03-24,CUST-00085,47.0,Male,Lucknow,North,Home & Kitchen,Cookware Set,1,3616.51,40.0,Credit Card,Delivered,2169.91
ORD-100869,2025-03-15,CUST-00342,48.0,Female,Jaipur,North,Sports,Yoga Mat,1,748.26,0.0,UPI,Delivered,748.26
ORD-100732,2025-11-12,CUST-01082,36.0,Female,Ahmedabad,West,Fashion,Sneakers,1,2378.17,30.0,Credit Card,Delivered,1664.72
ORD-100540,2025-12-02,CUST-00764,49.0,Female,Mumbai,West,Electronics,Tablet,1,18292.34,10.0,UPI,Delivered,16463.11
ORD-101202,2025-07-10,CUST-00787,44.0,Female,Patna,East,Fashion,T-Shirt,1,640.83,10.0,Credit Card,Delivered,576.75
ORD-101340,2025-10-14,CUST-00932,34.0,Female,Jaipur,North,Electronics,Tablet,1,19527.4,5.0,Cash on Delivery,Delivered,18551.03
ORD-100698,2025-09-11,CUST-00324,30.0,Female,Ahmedabad,West,Fashion,Sneakers,1,2459.14,10.0,Credit Card,Delivered,2213.23
ORD-102025,2025-11-19,CUST-00360,26.0,Male,Mumbai,West,Home & Kitchen,Cookware Set,1,3445.45,0.0,UPI,Delivered,3445.45
ORD-102099,2025-03-14,CUST-00890,52.0,Female,Pune,West,Fashion,Sneakers,1,2145.38,0.0,UPI,Cancelled,2145.38
ORD-102088,2025-05-06,CUST-00678,42.0,Male,Hyderabad,South,Sports,Cricket Bat,1,2461.24,0.0,UPI,Delivered,2461.24
ORD-101372,2025-05-16,CUST-00542,33.0,Female,Mumbai,West,Beauty,Hair Dryer,2,1697.32,20.0,UPI,Delivered,2715.71
ORD-101146,2025-12-21,CUST-00008,27.0,Female,Chennai,South,Fashion,Sneakers,1,2386.48,25.0,Net Banking,Delivered,1789.86
ORD-101032,2025-05-06,CUST-00110,20.0,Male,Kolkata,East,Electronics,Laptop,1,54991.76,0.0,Credit Card,Cancelled,54991.76
ORD-100373,2025-03-24,CUST-00707,49.0,Female,Mumbai,West,Electronics,Laptop,1,54022.64,15.0,Net Banking,Delivered,45919.24
ORD-100668,2025-02-14,CUST-00022,34.0,Male,Hyderabad,South,Sports,Cricket Bat,1,2650.11,0.0,UPI,Delivered,2650.11
ORD-101432,2025-10-16,CUST-00473,20.0,Female,Delhi,North,Home & Kitchen,Bedsheet Set,1,1205.18,15.0,Credit Card,Delivered,1024.4
ORD-102195,2025-06-24,CUST-00484,29.0,Male,Patna,East,Electronics,Laptop,1,56195.07,20.0,Wallet,Delivered,44956.06
ORD-100358,2025-02-24,CUST-00539,34.0,Female,Hyderabad,South,Sports,Football,1,1100.79,0.0,Credit Card,Delivered,1100.79
ORD-100968,2025-08-25,CUST-01086,41.0,Female,Kolkata,East,Fashion,Jacket,2,2927.14,30.0,Debit Card,Delivered,4098.0
ORD-100784,2025-02-02,CUST-00156,27.0,Female,Hyderabad,South,Home & Kitchen,Air Fryer,1,7586.94,15.0,Net Banking,Delivered,6448.9
ORD-100736,2025-12-23,CUST-00529,20.0,Female,Bengaluru,South,Electronics,Headphones,1,2434.68,0.0,UPI,Returned,2434.68
ORD-101354,2025-10-03,CUST-00776,26.0,Female,Hyderabad,South,Home & Kitchen,Cookware Set,2,3695.71,10.0,Wallet,Delivered,6652.28
ORD-101036,2025-02-08,CUST-00984,59.0,Female,Lucknow,North,Home & Kitchen,Air Fryer,1,7790.27,10.0,Debit Card,Delivered,7011.24
ORD-100971,2025-10-06,CUST-00600,38.0,Male,Patna,East,Electronics,Smartphone,2,16189.13,10.0,Cash on Delivery,Delivered,29140.43
ORD-100471,2025-09-21,CUST-01166,43.0,Female,Delhi,North,Beauty,Makeup Set,1,926.83,0.0,UPI,Delivered,926.83
ORD-100656,2025-08-12,CUST-00651,57.0,Male,Lucknow,North,Electronics,Tablet,1,19042.35,20.0,Debit Card,Delivered,15233.88
ORD-102365,2025-03-18,CUST-00665,64.0,Male,Lucknow,North,Sports,Dumbbell Set,1,2091.92,20.0,UPI,Delivered,1673.54
ORD-101910,2025-05-08,CUST-00176,44.0,Female,Patna,East,Home & Kitchen,Table Lamp,2,933.54,0.0,UPI,Cancelled,1867.08
ORD-102342,2025-09-07,CUST-00196,48.0,Male,Kolkata,East,Fashion,Dress,2,1207.45,30.0,UPI,Returned,1690.43
ORD-101397,2025-05-01,CUST-00300,61.0,Female,Mumbai,West,Home & Kitchen,Air Fryer,2,7970.06,15.0,Net Banking,Delivered,13549.1
ORD-101537,2025-12-23,CUST-00397,27.0,Male,Bengaluru,South,Sports,Badminton Racket,1,1289.48,10.0,Cash on Delivery,Delivered,1160.53
ORD-102010,2025-11-04,CUST-01094,56.0,Female,Ahmedabad,West,Electronics,Smartphone,1,15145.5,20.0,Credit Card,Delivered,12116.4
ORD-102193,2025-02-23,CUST-00185,22.0,Male,Patna,East,Electronics,Tablet,1,19559.13,5.0,Cash on Delivery,Delivered,18581.17
ORD-101550,2025-07-21,CUST-00128,36.0,Male,Jaipur,North,Beauty,Hair Dryer,1,1855.97,40.0,UPI,Shipped,1113.58
ORD-101329,2025-12-21,CUST-00735,52.0,Male,Mumbai,West,Electronics,Laptop,1,51197.11,20.0,UPI,Delivered,40957.69
ORD-101257,2025-11-15,CUST-00949,50.0,Male,Patna,East,Electronics,Smartphone,4,17048.75,5.0,Cash on Delivery,Delivered,64785.25
ORD-102173,2025-06-14,CUST-00767,27.0,Male,Hyderabad,South,Home & Kitchen,Mixer Grinder,3,4574.35,5.0,UPI,Delivered,13036.9
ORD-101426,2025-10-05,CUST-00265,24.0,Male,Kolkata,East,Electronics,Headphones,1,2558.85,10.0,UPI,Delivered,2302.97
ORD-101465,2025-04-18,CUST-00484,62.0,Male,Kolkata,East,Electronics,Smartphone,2,17026.88,20.0,Credit Card,Delivered,27243.01
ORD-101556,2025-11-15,CUST-01061,31.0,Female,Bengaluru,South,Electronics,Tablet,1,19079.53,15.0,UPI,Delivered,16217.6
ORD-102167,2025-07-18,CUST-00055,40.0,Male,Delhi,North,Fashion,Dress,1,1283.53,0.0,UPI,Delivered,1283.53
ORD-101251,2025-07-18,CUST-00066,38.0,Male,Jaipur,North,Beauty,Makeup Set,1,1057.47,30.0,Credit Card,Delivered,740.23
ORD-101700,2025-04-02,CUST-00775,35.0,Male,Kolkata,East,Fashion,Jeans,1,1495.93,20.0,UPI,Delivered,1196.74
ORD-101253,2025-07-17,CUST-00309,65.0,Female,Pune,West,Beauty,Makeup Set,1,1053.79,0.0,Credit Card,Delivered,1053.79
ORD-102437,2025-01-06,CUST-00011,19.0,Male,Ahmedabad,West,Electronics,Smartphone,2,15538.89,0.0,Cash on Delivery,Delivered,31077.78
ORD-102330,2025-01-07,CUST-00198,19.0,Female,Lucknow,North,Home & Kitchen,Mixer Grinder,1,4334.88,0.0,UPI,Delivered,4334.88
ORD-101237,2025-11-10,CUST-00937,49.0,Male,Chennai,South,Fashion,Sneakers,1,2134.5,10.0,UPI,Delivered,1921.05
ORD-100886,2025-01-17,CUST-00895,56.0,Female,Chennai,South,Electronics,Laptop,1,53078.39,5.0,Credit Card,Delivered,50424.47
ORD-100080,2025-10-06,CUST-00418,47.0,Female,Ahmedabad,West,Electronics,Laptop,1,54849.42,25.0,UPI,Delivered,41137.07
ORD-101173,2025-02-08,CUST-00017,52.0,Female,Chennai,South,Home & Kitchen,Table Lamp,1,911.18,20.0,UPI,Delivered,728.94
ORD-100815,2025-06-14,CUST-00579,44.0,Male,Chennai,South,Home & Kitchen,Air Fryer,1,8150.63,0.0,UPI,Delivered,8150.63
ORD-101853,2025-07-07,CUST-00694,53.0,Male,Mumbai,West,Home & Kitchen,Table Lamp,2,939.44,10.0,Credit Card,Delivered,1690.99
ORD-101997,2025-08-17,CUST-00068,27.0,Female,Kolkata,East,Electronics,Laptop,1,56789.19,0.0,UPI,Delivered,56789.19
ORD-100672,2025-12-11,CUST-01094,30.0,Male,Jaipur,North,Electronics,Headphones,2,2518.76,0.0,UPI,Delivered,5037.52
ORD-102198,2025-03-21,CUST-01138,26.0,Female,Pune,West,Fashion,Sneakers,1,2321.07,0.0,UPI,Delivered,2321.07
ORD-102453,2025-09-28,CUST-00038,30.0,Male,Kolkata,East,Electronics,Tablet,2,19427.61,10.0,Credit Card,Delivered,34969.7
ORD-100058,2025-08-03,CUST-01118,50.0,Female,Ahmedabad,West,Beauty,Perfume,2,1758.31,5.0,,Delivered,3340.79
ORD-100134,2025-09-09,CUST-00987,23.0,Male,Bengaluru,South,Home & Kitchen,Cookware Set,1,3623.23,0.0,Net Banking,Delivered,3623.23
ORD-101141,2025-08-10,CUST-00806,36.0,Female,Hyderabad,South,Electronics,Headphones,1,2602.13,20.0,UPI,Delivered,2081.7
ORD-100934,2025-05-07,CUST-01012,46.0,Male,Bengaluru,South,Fashion,T-Shirt,1,626.84,0.0,Debit Card,Delivered,626.84
ORD-100929,2025-05-08,CUST-00622,18.0,Male,Bengaluru,South,Electronics,Headphones,1,2525.0,15.0,Credit Card,Delivered,2146.25
ORD-100824,2025-11-23,CUST-00591,40.0,Female,Chennai,South,Sports,Dumbbell Set,4,1849.72,20.0,Cash on Delivery,Shipped,5919.1
ORD-101433,2025-08-14,CUST-00336,65.0,Male,Mumbai,West,Fashion,Jacket,1,2603.52,15.0,UPI,Delivered,2212.99
ORD-101393,2025-10-11,CUST-00329,47.0,Male,Hyderabad,South,Fashion,Jacket,1,2602.19,10.0,UPI,Delivered,2341.97
ORD-101532,2025-05-12,CUST-00052,55.0,Female,Patna,East,Home & Kitchen,Table Lamp,1,863.72,0.0,UPI,Delivered,863.72
ORD-101215,2025-08-23,CUST-00490,64.0,Male,Jaipur,North,Electronics,Laptop,1,49528.15,0.0,UPI,Delivered,49528.15
ORD-100505,2025-05-16,CUST-00741,26.0,Female,Chennai,South,Sports,Football,1,1091.05,5.0,UPI,Delivered,1036.5
ORD-102482,2025-04-12,CUST-00273,39.0,Female,Hyderabad,South,Fashion,Jeans,1,1539.73,0.0,Credit Card,Delivered,1539.73
ORD-100348,2025-10-08,CUST-00344,30.0,Male,Patna,East,Beauty,Hair Dryer,1,1810.04,0.0,Debit Card,Delivered,1810.04
ORD-100387,2025-01-24,CUST-00812,21.0,Male,Patna,East,Electronics,Smartwatch,1,4718.92,0.0,Credit Card,Delivered,4718.92
ORD-101025,2025-02-02,CUST-00059,27.0,Male,Kolkata,East,Fashion,Jacket,1,2658.18,5.0,UPI,Cancelled,2525.27
ORD-101959,2025-01-02,CUST-00733,45.0,Male,Mumbai,West,Home & Kitchen,Cookware Set,1,3264.7,0.0,UPI,Cancelled,3264.7
ORD-101385,2025-05-16,CUST-00566,42.0,Male,Kolkata,East,Fashion,Jacket,1,2920.59,15.0,Net Banking,Delivered,2482.5
ORD-100895,2025-01-24,CUST-01196,48.0,Male,Bengaluru,South,Electronics,Headphones,2,2684.97,10.0,UPI,Delivered,4832.95
ORD-100829,2025-06-23,CUST-00170,45.0,Female,Pune,West,Sports,Cricket Bat,1,2488.81,10.0,Cash on Delivery,Delivered,2239.93
ORD-102446,2025-10-18,CUST-00149,20.0,Female,Patna,East,Electronics,Tablet,2,18733.47,10.0,UPI,Delivered,33720.25
ORD-100476,2025-02-13,CUST-00913,52.0,Female,Lucknow,North,Electronics,Laptop,1,55535.63,25.0,UPI,Delivered,41651.72
ORD-101684,2025-06-07,CUST-00176,62.0,Male,Kolkata,East,Home & Kitchen,Mixer Grinder,3,4405.13,5.0,UPI,Delivered,12554.62
ORD-102152,2025-10-21,CUST-00747,28.0,Male,Delhi,North,Fashion,Dress,1,1332.44,15.0,Credit Card,Delivered,1132.57
ORD-102339,2025-10-01,CUST-00738,,Female,Patna,East,Electronics,Headphones,1,2557.14,20.0,UPI,Delivered,2045.71
ORD-102137,2025-05-07,CUST-00294,55.0,Female,Kolkata,East,Fashion,Jacket,1,2825.57,0.0,UPI,Cancelled,2825.57
ORD-102101,2025-09-05,CUST-01119,20.0,Male,Patna,East,Beauty,Perfume,1,1902.82,0.0,UPI,Delivered,1902.82
ORD-100653,2025-09-21,CUST-01009,38.0,Female,Delhi,North,Fashion,T-Shirt,1,644.34,25.0,UPI,Delivered,483.25
ORD-100173,2025-01-16,CUST-00967,19.0,Female,Lucknow,North,Fashion,T-Shirt,1,577.44,0.0,UPI,Delivered,577.44
ORD-101475,2025-09-20,CUST-00240,57.0,Male,Bengaluru,South,Home & Kitchen,Air Fryer,1,8090.3,0.0,Credit Card,Delivered,8090.3
ORD-101150,2025-08-14,CUST-00060,27.0,Male,Mumbai,West,Fashion,Sneakers,1,2267.84,25.0,UPI,Delivered,1700.88
ORD-100039,2025-11-06,CUST-00346,58.0,Male,Delhi,North,Home & Kitchen,Table Lamp,1,834.51,15.0,Cash on Delivery,Delivered,709.33
ORD-101555,2025-10-25,CUST-00927,65.0,Male,Hyderabad,South,Fashion,Jeans,2,1611.28,5.0,Debit Card,Shipped,3061.43
ORD-102397,2025-05-22,CUST-01150,34.0,Male,Patna,East,Home & Kitchen,Mixer Grinder,1,4283.74,5.0,Credit Card,Delivered,4069.55
ORD-100714,2025-02-17,CUST-00223,45.0,Male,Hyderabad,South,Electronics,Smartphone,1,15269.44,15.0,Credit Card,Delivered,12979.02
ORD-100091,2025-10-18,CUST-00337,31.0,Male,Lucknow,North,Beauty,Makeup Set,2,989.09,15.0,UPI,Returned,1681.45
ORD-100167,2025-07-15,CUST-00173,22.0,Male,Bengaluru,South,Sports,Yoga Mat,1,858.09,10.0,UPI,Delivered,772.28
ORD-101206,2025-07-01,CUST-00801,27.0,Male,Delhi,North,Home & Kitchen,Cookware Set,2,3421.29,0.0,UPI,Delivered,6842.58
ORD-100876,2025-04-20,CUST-00398,48.0,Male,Ahmedabad,West,Fashion,Jeans,1,1568.32,30.0,UPI,Delivered,1097.82
ORD-100445,2025-11-25,CUST-00628,30.0,Female,Kolkata,East,Electronics,Smartphone,1,17278.19,0.0,UPI,Delivered,17278.19
ORD-102163,2025-12-06,CUST-00186,18.0,Female,Chennai,South,Home & Kitchen,Bedsheet Set,1,1288.38,0.0,UPI,Delivered,1288.38
ORD-102303,2025-01-20,CUST-00567,43.0,Female,Chennai,South,Beauty,Hair Dryer,1,1836.32,0.0,Debit Card,Shipped,1836.32
ORD-102445,2025-11-07,CUST-00589,51.0,Female,Patna,East,Fashion,Sneakers,1,2377.2,5.0,UPI,Delivered,2258.34
ORD-101094,2025-09-01,CUST-00515,54.0,Male,Guwahati,East,Home & Kitchen,Air Fryer,1,7800.25,10.0,UPI,Delivered,7020.23
ORD-101828,2025-02-09,CUST-01185,40.0,Female,Delhi,North,Fashion,Jeans,3,1454.63,30.0,Debit Card,Delivered,3054.72
ORD-101156,2025-04-24,CUST-00788,25.0,Male,Pune,West,Electronics,Tablet,1,19495.05,0.0,Debit Card,Delivered,19495.05
ORD-101325,2025-07-21,CUST-00219,29.0,Male,Jaipur,North,Home & Kitchen,Mixer Grinder,1,4632.36,30.0,UPI,Delivered,3242.65
ORD-100217,2025-08-25,CUST-00355,54.0,Female,Kolkata,East,Electronics,Headphones,2,2394.06,0.0,UPI,Delivered,4788.12
ORD-101351,2025-10-17,CUST-00799,40.0,Male,Mumbai,West,Home & Kitchen,Table Lamp,2,915.08,15.0,UPI,Delivered,1555.64
ORD-100511,2025-10-02,CUST-01176,21.0,Male,Chennai,South,Electronics,Tablet,1,18168.64,10.0,Cash on Delivery,Delivered,16351.78
ORD-101681,2025-06-18,CUST-00062,25.0,Male,Kolkata,East,Fashion,Sneakers,2,2243.59,25.0,UPI,Delivered,3365.39
ORD-100500,2025-05-21,CUST-00274,19.0,Male,Lucknow,North,Home & Kitchen,Table Lamp,1,950.84,5.0,Wallet,Delivered,903.3
ORD-102073,2025-07-04,CUST-00952,50.0,Male,Delhi,North,Electronics,Smartphone,3,16598.07,0.0,UPI,Delivered,49794.21
ORD-101857,2025-11-24,CUST-00297,49.0,Female,Ahmedabad,West,Electronics,Smartphone,1,16020.52,20.0,UPI,Delivered,12816.42
ORD-101389,2025-02-01,CUST-00193,56.0,Female,Patna,East,Fashion,Sneakers,1,2364.72,15.0,Net Banking,Delivered,2010.01
ORD-101520,2025-03-16,CUST-00196,48.0,Male,Bengaluru,South,Fashion,Dress,1,1218.08,0.0,Credit Card,Delivered,1218.08
ORD-101672,2025-05-03,CUST-00089,22.0,Male,Chennai,South,Home & Kitchen,Bedsheet Set,1,1285.54,5.0,Cash on Delivery,Delivered,1221.26
ORD-100339,2025-07-27,CUST-00730,29.0,Female,Hyderabad,South,Home & Kitchen,Bedsheet Set,2,1185.83,20.0,Cash on Delivery,Cancelled,1897.33
ORD-102389,2025-03-24,CUST-00855,36.0,Female,Bengaluru,South,Fashion,Jacket,1,2986.39,20.0,Net Banking,Delivered,2389.11
ORD-101189,2025-09-02,CUST-00869,55.0,Female,Jaipur,North,Home & Kitchen,Table Lamp,1,862.06,0.0,Cash on Delivery,Delivered,862.06
ORD-100029,2025-02-08,CUST-00220,50.0,Male,Bengaluru,South,Fashion,T-Shirt,1,586.3,5.0,UPI,Delivered,556.98
ORD-101541,2025-08-25,CUST-00167,26.0,Female,Ahmedabad,West,Electronics,Laptop,2,55921.2,25.0,UPI,Delivered,83881.8
ORD-101218,2025-07-24,CUST-00037,24.0,Male,Patna,East,Sports,Football,2,1147.06,0.0,UPI,Shipped,2294.12
ORD-102054,2025-01-23,CUST-00170,19.0,Female,Patna,East,Fashion,Sneakers,1,2247.48,10.0,UPI,Delivered,2022.73
ORD-100795,2025-04-22,CUST-00878,52.0,Female,Pune,West,Fashion,Jacket,2,2861.49,0.0,Debit Card,Delivered,5722.98
ORD-100946,2025-01-13,CUST-00020,,Male,Guwahati,East,Fashion,Jacket,2,2990.42,0.0,Credit Card,Delivered,5980.84
ORD-101417,2025-01-28,CUST-00036,48.0,Male,Bengaluru,South,Home & Kitchen,Mixer Grinder,1,4102.34,15.0,UPI,Delivered,3486.99
ORD-100170,2025-08-08,CUST-00455,43.0,Female,Ahmedabad,West,Sports,Cricket Bat,1,2554.59,25.0,Net Banking,Delivered,1915.94
ORD-102106,2025-01-25,CUST-00256,32.0,Male,Mumbai,West,Fashion,Jacket,1,2695.93,5.0,UPI,Delivered,2561.13
ORD-101677,2025-11-06,CUST-00026,20.0,Male,Jaipur,North,Electronics,Smartwatch,4,4769.78,0.0,Credit Card,Delivered,19079.12
ORD-101198,2025-07-09,CUST-00068,42.0,Male,Ahmedabad,West,Electronics,Smartwatch,1,5278.89,10.0,UPI,Delivered,4751.0
ORD-101543,2025-11-09,CUST-00502,64.0,Female,Kolkata,East,Home & Kitchen,Cookware Set,1,3439.41,0.0,Credit Card,Delivered,3439.41
ORD-101254,2025-11-01,CUST-00813,30.0,Female,Hyderabad,South,Home & Kitchen,Air Fryer,1,7550.18,15.0,,Shipped,6417.65
ORD-101277,2025-05-26,CUST-00418,31.0,Female,Mumbai,West,Beauty,Perfume,1,1998.69,15.0,Cash on Delivery,Delivered,1698.89
ORD-100913,2025-02-21,CUST-00247,41.0,Female,Ahmedabad,West,Sports,Dumbbell Set,2,2038.11,10.0,Credit Card,Delivered,3668.6
ORD-100492,2025-06-06,CUST-01078,30.0,Female,Hyderabad,South,Electronics,Smartphone,1,15626.94,0.0,UPI,Delivered,15626.94
ORD-100954,2025-04-19,CUST-00343,63.0,Male,Jaipur,North,Home & Kitchen,Cookware Set,1,3775.27,15.0,UPI,Delivered,3208.98
ORD-101098,2025-02-28,CUST-00713,38.0,Female,Kolkata,East,Home & Kitchen,Table Lamp,1,879.63,0.0,Credit Card,Returned,879.63
ORD-101033,2025-03-02,CUST-01173,40.0,Female,Jaipur,North,Fashion,Jacket,1,2988.32,0.0,UPI,Delivered,2988.32
ORD-100588,2025-07-21,CUST-00430,29.0,Female,Lucknow,North,Home & Kitchen,Table Lamp,1,929.94,5.0,Credit Card,Delivered,883.44
ORD-100751,2025-02-12,CUST-00012,45.0,Male,Guwahati,East,Home & Kitchen,Air Fryer,1,7615.68,20.0,UPI,Delivered,6092.54
ORD-100235,2025-09-16,CUST-00867,27.0,Male,Guwahati,East,Home & Kitchen,Table Lamp,1,960.3,0.0,Cash on Delivery,Delivered,960.3
ORD-100733,2025-10-26,CUST-00188,29.0,Female,Chennai,South,Sports,Cricket Bat,1,2420.88,15.0,Net Banking,Delivered,2057.75
ORD-101452,2025-09-16,CUST-00605,32.0,Female,Pune,West,Sports,Football,2,1109.37,0.0,UPI,Delivered,2218.74
ORD-101157,2025-10-15,CUST-01122,23.0,Female,Lucknow,North,Fashion,Sneakers,1,2150.07,0.0,Wallet,Delivered,2150.07
ORD-102151,2025-08-01,CUST-00306,46.0,Female,Chennai,South,Beauty,Hair Dryer,1,1674.17,15.0,UPI,Delivered,1423.04
ORD-101210,2025-09-19,CUST-00722,25.0,Male,Ahmedabad,West,Beauty,Makeup Set,2,1018.21,0.0,Net Banking,Delivered,2036.42
ORD-101066,2025-05-25,CUST-00501,20.0,Male,Hyderabad,South,Home & Kitchen,Cookware Set,4,3272.07,10.0,Credit Card,Delivered,11779.45
ORD-101063,2025-12-25,CUST-00053,53.0,Male,Guwahati,East,Beauty,Perfume,1,1828.72,10.0,Debit Card,Delivered,1645.85
ORD-101168,2025-07-09,CUST-00612,38.0,Female,Hyderabad,South,Sports,Badminton Racket,1,1495.2,0.0,UPI,Delivered,1495.2
ORD-101493,2025-12-19,CUST-00881,52.0,Female,Chennai,South,Fashion,Jacket,1,2879.96,10.0,UPI,Returned,2591.96
ORD-102476,2025-03-03,CUST-00997,34.0,Female,Lucknow,North,Electronics,Laptop,1,49333.2,5.0,Wallet,Delivered,46866.54
ORD-100885,2025-10-17,CUST-00471,26.0,Male,Mumbai,West,Electronics,Laptop,1,56719.48,5.0,UPI,Returned,53883.51
ORD-100144,2025-02-24,CUST-00154,37.0,Male,Patna,East,Electronics,Smartphone,2,17265.67,25.0,Net Banking,Delivered,25898.5
ORD-102465,2025-07-07,CUST-00343,52.0,Female,Jaipur,North,Home & Kitchen,Bedsheet Set,2,1183.44,25.0,Cash on Delivery,Delivered,1775.16
ORD-100851,2025-07-22,CUST-00945,21.0,Male,Kolkata,East,Fashion,Jacket,1,2714.17,40.0,Debit Card,Delivered,1628.5
ORD-100718,2025-10-07,CUST-00558,46.0,Male,Hyderabad,South,Home & Kitchen,Cookware Set,2,3276.82,0.0,UPI,Delivered,6553.64
ORD-102383,2025-02-18,CUST-00281,24.0,Female,Lucknow,North,Beauty,Hair Dryer,1,1843.9,10.0,Cash on Delivery,Delivered,1659.51
ORD-100265,2025-09-11,CUST-00183,50.0,Male,Delhi,North,Sports,Dumbbell Set,2,2020.69,15.0,UPI,Delivered,3435.17
ORD-100076,2025-08-01,CUST-00640,52.0,Female,Guwahati,East,Electronics,Tablet,1,19335.72,10.0,UPI,Delivered,17402.15
ORD-100396,2025-10-27,CUST-00592,60.0,Female,Hyderabad,South,Beauty,Hair Dryer,2,1707.73,0.0,Debit Card,Delivered,3415.46
ORD-102129,2025-11-18,CUST-01140,43.0,Male,Hyderabad,South,Beauty,Makeup Set,1,981.81,20.0,UPI,Delivered,785.45
ORD-102347,2025-07-24,CUST-00522,27.0,Male,Hyderabad,South,Fashion,Dress,1,1204.61,15.0,Cash on Delivery,Delivered,1023.92
ORD-100397,2025-05-27,CUST-00717,23.0,Male,Kolkata,East,Fashion,Jacket,1,2817.74,15.0,Wallet,Delivered,2395.08
ORD-101366,2025-06-26,CUST-01042,57.0,Female,Delhi,North,Beauty,Perfume,1,2006.88,25.0,Cash on Delivery,Delivered,1505.16
ORD-102417,2025-10-13,CUST-00802,57.0,Female,Patna,East,Home & Kitchen,Air Fryer,2,7997.25,0.0,UPI,Delivered,15994.5
ORD-101904,2025-07-27,CUST-00463,63.0,Female,Lucknow,North,Home & Kitchen,Table Lamp,3,910.59,5.0,Cash on Delivery,Delivered,2595.18
ORD-100596,2025-01-24,CUST-00964,25.0,Male,Kolkata,East,Fashion,T-Shirt,1,633.84,0.0,Cash on Delivery,Delivered,633.84
ORD-101297,2025-07-01,CUST-01106,47.0,Female,Guwahati,East,Fashion,Jacket,1,2848.87,0.0,UPI,Delivered,2848.87
ORD-101822,2025-10-15,CUST-00004,60.0,Male,Kolkata,East,Electronics,Smartwatch,1,4922.03,5.0,UPI,Delivered,4675.93
ORD-100873,2025-09-26,CUST-00902,27.0,Female,Bengaluru,South,Fashion,Jeans,1,1462.04,15.0,Credit Card,Delivered,1242.73
ORD-101549,2025-11-17,CUST-00075,25.0,Male,Delhi,North,Home & Kitchen,Bedsheet Set,1,1207.02,5.0,Cash on Delivery,Cancelled,1146.67
ORD-100037,2025-05-24,CUST-00054,60.0,Male,Bengaluru,South,Fashion,Jeans,1,1599.36,20.0,UPI,Returned,1279.49
ORD-102113,2025-06-27,CUST-01060,36.0,Female,Delhi,North,Beauty,Perfume,2,1966.88,25.0,Debit Card,Cancelled,2950.32
ORD-102135,2025-03-04,CUST-00969,31.0,Male,Lucknow,North,Electronics,Smartphone,1,16863.27,0.0,Net Banking,Returned,16863.27
ORD-100978,2025-06-24,CUST-00664,58.0,Male,Mumbai,West,Electronics,Smartphone,1,16462.48,0.0,Debit Card,Delivered,16462.48
ORD-101572,2025-12-27,CUST-01185,48.0,Male,Guwahati,East,Electronics,Smartphone,1,16156.07,15.0,UPI,Delivered,13732.66
ORD-101123,2025-11-03,CUST-01001,42.0,Male,Bengaluru,South,Beauty,Hair Dryer,1,1699.94,25.0,UPI,Shipped,1274.95
ORD-101893,2025-05-05,CUST-00712,23.0,Female,Ahmedabad,West,Home & Kitchen,Air Fryer,2,8541.09,15.0,Cash on Delivery,Delivered,14519.85
ORD-100676,2025-12-06,CUST-01056,18.0,Male,Chennai,South,Electronics,Laptop,2,55809.13,15.0,Debit Card,Delivered,94875.52
ORD-100729,2025-08-24,CUST-00214,52.0,Male,Kolkata,East,Sports,Dumbbell Set,1,1954.68,0.0,UPI,Delivered,1954.68
ORD-100413,2025-07-19,CUST-00225,19.0,Female,Jaipur,North,Fashion,T-Shirt,1,634.05,0.0,UPI,Delivered,634.05
ORD-101517,2025-06-23,CUST-01037,56.0,Female,Pune,West,Beauty,Makeup Set,1,1016.57,5.0,Debit Card,Delivered,965.74
ORD-101650,2025-09-09,CUST-00272,58.0,Female,Ahmedabad,West,Fashion,T-Shirt,1,626.85,5.0,Cash on Delivery,Delivered,595.51
ORD-100826,2025-11-04,CUST-01060,19.0,Male,Delhi,North,Home & Kitchen,Air Fryer,1,7956.4,5.0,UPI,Delivered,7558.58
ORD-100617,2025-08-12,CUST-00103,42.0,Male,Kolkata,East,Fashion,Sneakers,1,2256.38,15.0,UPI,Delivered,1917.92
ORD-100115,2025-11-04,CUST-00563,63.0,Female,Patna,East,Home & Kitchen,Cookware Set,1,3777.06,0.0,UPI,Delivered,3777.06
ORD-100418,2025-09-26,CUST-01043,38.0,Male,Lucknow,North,Beauty,Makeup Set,1,1035.73,0.0,UPI,Returned,1035.73
ORD-101626,2025-01-03,CUST-00815,36.0,Male,Jaipur,North,Sports,Dumbbell Set,1,1977.59,5.0,Credit Card,Delivered,1878.71
ORD-102463,2025-01-10,CUST-00956,47.0,Female,Chennai,South,Fashion,Sneakers,2,2130.41,0.0,Credit Card,Delivered,4260.82
ORD-100090,2025-12-06,CUST-01119,34.0,Female,Kolkata,East,Beauty,Makeup Set,1,943.52,25.0,UPI,Delivered,707.64
ORD-102083,2025-10-05,CUST-00302,35.0,Male,Hyderabad,South,Fashion,Sneakers,1,2260.89,5.0,UPI,Delivered,2147.85
ORD-100754,2025-02-15,CUST-00131,40.0,Male,Pune,West,Electronics,Smartphone,2,15613.38,0.0,Cash on Delivery,Cancelled,31226.76
ORD-101631,2025-06-12,CUST-00736,54.0,Female,Ahmedabad,West,Electronics,Smartphone,1,15984.32,0.0,Debit Card,Delivered,15984.32
ORD-100012,2025-02-19,CUST-00953,26.0,Female,Delhi,North,Fashion,Jacket,1,2722.81,0.0,UPI,Delivered,2722.81
ORD-100285,2025-03-06,CUST-00831,20.0,Female,Jaipur,North,Fashion,Jeans,1,1605.48,10.0,Net Banking,Delivered,1444.93
ORD-101067,2025-10-13,CUST-01078,61.0,Female,Lucknow,North,Home & Kitchen,Cookware Set,2,3430.23,30.0,UPI,Delivered,4802.32
ORD-101192,2025-06-05,CUST-00901,37.0,Male,Pune,West,Home & Kitchen,Cookware Set,1,3699.46,5.0,Cash on Delivery,Delivered,3514.49
ORD-101441,2025-08-15,CUST-00590,63.0,Male,Jaipur,North,Fashion,Jeans,2,1458.03,5.0,UPI,Returned,2770.26
ORD-102349,2025-10-26,CUST-01183,43.0,Male,Kolkata,East,Sports,Football,1,1056.02,15.0,Debit Card,Delivered,897.62
ORD-102348,2025-02-22,CUST-00709,20.0,Female,Kolkata,East,Fashion,Jeans,1,1523.29,25.0,UPI,Delivered,1142.47
ORD-102269,2025-02-27,CUST-00350,34.0,Female,Patna,East,Electronics,Smartwatch,1,5206.0,10.0,Credit Card,Delivered,4685.4
ORD-101569,2025-11-11,CUST-00576,33.0,Male,Guwahati,East,Home & Kitchen,Cookware Set,4,3332.48,15.0,Credit Card,Delivered,11330.43
ORD-102155,2025-08-20,CUST-01171,32.0,Male,Kolkata,East,Fashion,Jeans,1,1466.92,5.0,UPI,Delivered,1393.57
ORD-101688,2025-05-07,CUST-01191,48.0,Male,Pune,West,Home & Kitchen,Bedsheet Set,1,1162.44,0.0,Credit Card,Delivered,1162.44
ORD-100852,2025-09-13,CUST-00248,60.0,Male,Patna,East,Fashion,T-Shirt,1,618.37,20.0,Cash on Delivery,Delivered,494.7
ORD-100896,2025-11-16,CUST-00568,23.0,Male,Pune,West,Fashion,Jeans,1,1440.02,15.0,UPI,Delivered,1224.02
ORD-100497,2025-09-05,CUST-00384,56.0,Female,Delhi,North,Electronics,Smartphone,1,15002.44,0.0,Debit Card,Delivered,15002.44
ORD-101783,2025-08-28,CUST-00599,57.0,Male,Hyderabad,South,Electronics,Smartwatch,3,5339.49,0.0,UPI,Delivered,16018.47
ORD-100336,2025-05-03,CUST-00286,54.0,Male,Chennai,South,Sports,Football,1,1017.92,15.0,UPI,Delivered,865.23
ORD-100516,2025-04-20,CUST-00275,42.0,Female,Chennai,South,Beauty,Perfume,2,1934.0,,UPI,Delivered,2901.0
ORD-101349,2025-11-13,CUST-00324,33.0,Female,Hyderabad,South,Fashion,Jacket,2,2679.24,25.0,UPI,Delivered,4018.86
ORD-101016,2025-01-17,CUST-01074,45.0,Male,Kolkata,East,Beauty,Skincare Kit,2,1396.31,15.0,Cash on Delivery,Cancelled,2373.73
ORD-102355,2025-12-21,CUST-00488,40.0,Male,Guwahati,East,Fashion,Jacket,1,2789.15,10.0,UPI,Delivered,2510.24
ORD-101782,2025-05-28,CUST-00986,38.0,Female,Hyderabad,South,Electronics,Tablet,2,18867.71,0.0,Credit Card,Delivered,37735.42
ORD-101786,2025-10-23,CUST-00425,19.0,Female,Pune,West,Beauty,Skincare Kit,1,1442.36,10.0,UPI,Delivered,1298.12
ORD-102071,2025-02-09,CUST-00766,50.0,Male,Delhi,North,Electronics,Headphones,1,2448.28,15.0,Credit Card,Delivered,2081.04
ORD-100357,2025-08-15,CUST-00378,44.0,Female,Bengaluru,South,Home & Kitchen,Air Fryer,1,8468.5,5.0,Net Banking,Delivered,8045.07
ORD-102390,2025-11-04,CUST-00175,59.0,Male,Patna,East,Electronics,Smartphone,1,14945.52,0.0,Credit Card,Delivered,14945.52
ORD-101313,2025-11-23,CUST-01084,48.0,Male,Patna,East,Electronics,Tablet,1,19601.69,5.0,Debit Card,Delivered,18621.61
ORD-101636,2025-01-10,CUST-01093,24.0,Male,Kolkata,East,Electronics,Smartwatch,2,4600.96,0.0,Debit Card,Delivered,9201.92
ORD-100551,2025-08-13,CUST-00131,60.0,Female,Lucknow,North,Beauty,Makeup Set,1,925.19,0.0,Credit Card,Delivered,925.19
ORD-101228,2025-02-12,CUST-00176,24.0,Female,Patna,East,Home & Kitchen,Table Lamp,1,908.56,0.0,UPI,Delivered,908.56
ORD-102242,2025-02-23,CUST-00674,33.0,Female,Guwahati,East,Fashion,Sneakers,1,2438.4,20.0,UPI,Delivered,1950.72
ORD-100958,2025-02-19,CUST-00204,51.0,Female,Kolkata,East,Fashion,T-Shirt,1,584.11,15.0,UPI,Delivered,496.49
ORD-101774,2025-12-28,CUST-01137,38.0,Female,Kolkata,East,Fashion,Dress,1,1237.32,15.0,UPI,Delivered,1051.72
ORD-101009,2025-08-25,CUST-00837,50.0,Male,Lucknow,North,Fashion,Dress,1,1272.95,0.0,Cash on Delivery,Delivered,1272.95
ORD-101093,2025-01-26,CUST-00419,39.0,Male,Delhi,North,Fashion,Sneakers,4,2451.43,10.0,UPI,Delivered,8825.15
ORD-102473,2025-03-20,CUST-00612,55.0,Male,Guwahati,East,Electronics,Smartwatch,1,5039.89,30.0,UPI,Delivered,3527.92
ORD-100997,2025-08-27,CUST-00837,24.0,Male,Ahmedabad,West,Fashion,Jeans,1,1424.06,30.0,Debit Card,Delivered,996.84
ORD-101680,2025-07-12,CUST-00863,52.0,Male,Guwahati,East,Beauty,Perfume,1,1939.22,0.0,Net Banking,Delivered,1939.22
ORD-100154,2025-02-09,CUST-00958,29.0,Female,Hyderabad,South,Electronics,Laptop,1,53690.69,5.0,Cash on Delivery,Shipped,51006.16
ORD-100581,2025-11-20,CUST-00473,27.0,Male,Patna,East,Home & Kitchen,Bedsheet Set,1,1271.4,5.0,UPI,Returned,1207.83
ORD-101471,2025-02-23,CUST-00148,62.0,Female,Delhi,North,Fashion,Jeans,2,1557.23,15.0,Debit Card,Delivered,2647.29
ORD-100704,2025-11-07,CUST-00708,57.0,Female,Kolkata,East,Fashion,Sneakers,1,2148.87,10.0,Credit Card,Delivered,1933.98
ORD-101213,2025-05-13,CUST-00359,22.0,Male,Pune,West,Fashion,Sneakers,1,2433.9,15.0,UPI,Delivered,2068.82
ORD-100897,2025-09-19,CUST-01126,38.0,Male,Hyderabad,South,Fashion,T-Shirt,1,599.06,0.0,Net Banking,Delivered,599.06
ORD-100488,2025-06-12,CUST-00285,38.0,Female,Chennai,South,Beauty,Perfume,1,1790.28,25.0,Net Banking,Cancelled,1342.71
ORD-100560,2025-10-21,CUST-00322,18.0,Female,Pune,West,Home & Kitchen,Cookware Set,1,3455.62,0.0,Credit Card,Delivered,3455.62
ORD-101142,2025-09-11,CUST-00609,30.0,Male,Ahmedabad,West,Fashion,Sneakers,1,2145.42,5.0,Credit Card,Delivered,2038.15
ORD-101120,2025-11-10,CUST-00048,40.0,Female,Lucknow,North,Fashion,Jeans,1,1540.9,5.0,Cash on Delivery,Delivered,1463.86
ORD-100513,2025-01-12,CUST-00150,56.0,Female,Kolkata,East,Electronics,Headphones,1,2583.53,0.0,Credit Card,Delivered,2583.53
ORD-100634,2025-02-12,CUST-00845,29.0,Female,Hyderabad,South,Fashion,Jeans,1,1522.42,10.0,Cash on Delivery,Delivered,1370.18
ORD-102162,2025-05-06,CUST-01175,51.0,Male,Delhi,North,Electronics,Headphones,1,2357.53,15.0,UPI,Delivered,2003.9
ORD-101665,2025-10-21,CUST-00173,27.0,Male,Mumbai,West,Home & Kitchen,Mixer Grinder,1,4124.44,5.0,UPI,Delivered,3918.22
ORD-101013,2025-12-06,CUST-00123,32.0,Female,Ahmedabad,West,Beauty,Skincare Kit,2,1596.45,10.0,UPI,Delivered,2873.61
ORD-101932,2025-03-17,CUST-00947,28.0,Male,Hyderabad,South,Fashion,Dress,2,1398.29,10.0,UPI,Delivered,2516.92
ORD-101151,2025-10-04,CUST-00475,28.0,Female,Chennai,South,Electronics,Laptop,1,52754.22,0.0,Debit Card,Cancelled,52754.22
ORD-102352,2025-09-20,CUST-01006,63.0,Male,Pune,West,Fashion,Sneakers,2,2318.56,25.0,UPI,Delivered,3477.84
ORD-100117,2025-02-06,CUST-00963,62.0,Male,Chennai,South,Beauty,Skincare Kit,1,1477.1,10.0,Debit Card,Cancelled,1329.39
ORD-100741,2025-04-08,CUST-01076,22.0,Male,Pune,West,Electronics,Smartwatch,1,5065.84,5.0,UPI,Delivered,4812.55
ORD-102316,2025-12-09,CUST-00218,63.0,Male,Lucknow,North,Home & Kitchen,Mixer Grinder,2,4572.82,10.0,UPI,Delivered,8231.08
ORD-101975,2025-07-22,CUST-00788,64.0,Male,Pune,West,Electronics,Laptop,1,53035.32,25.0,UPI,Delivered,39776.49
ORD-101082,2025-08-05,CUST-00613,22.0,Male,Delhi,North,Beauty,Makeup Set,1,973.84,5.0,UPI,Cancelled,925.15
ORD-101811,2025-06-02,CUST-01101,63.0,Male,Patna,East,Electronics,Laptop,1,55701.85,0.0,Net Banking,Delivered,55701.85
ORD-100831,2025-10-03,CUST-01131,24.0,Male,Chennai,South,Fashion,T-Shirt,1,617.73,10.0,Debit Card,Delivered,555.96
ORD-100120,2025-06-27,CUST-00403,53.0,Female,Hyderabad,South,Sports,Badminton Racket,1,1295.71,15.0,Credit Card,Delivered,1101.35
ORD-100657,2025-10-20,CUST-00847,23.0,Male,Lucknow,North,Electronics,Smartphone,1,15226.29,10.0,UPI,Delivered,13703.66
ORD-102290,2025-07-12,CUST-00828,62.0,Male,Delhi,North,Electronics,Laptop,1,55841.81,20.0,UPI,Delivered,44673.45
ORD-102251,2025-02-07,CUST-00448,50.0,Male,Kolkata,East,Home & Kitchen,Bedsheet Set,1,1124.03,25.0,UPI,Delivered,843.02
ORD-102457,2025-10-26,CUST-00538,61.0,Female,Chennai,South,Beauty,Perfume,1,2030.92,25.0,Cash on Delivery,Shipped,1523.19
ORD-100636,2025-08-18,CUST-00929,56.0,Female,Delhi,North,Electronics,Smartphone,1,15046.59,5.0,Net Banking,Delivered,14294.26
ORD-100370,2025-12-23,CUST-00980,61.0,Male,Jaipur,North,Home & Kitchen,Air Fryer,1,7511.1,20.0,UPI,Delivered,6008.88
ORD-100269,2025-11-27,CUST-00630,18.0,Male,Patna,East,Electronics,Smartphone,1,17057.19,10.0,UPI,Delivered,15351.47
ORD-100047,2025-11-09,CUST-00586,26.0,Male,Jaipur,North,Fashion,T-Shirt,1,631.78,0.0,UPI,Delivered,631.78
ORD-100992,2025-06-09,CUST-00316,52.0,Female,Lucknow,North,Fashion,Dress,1,1335.9,0.0,Cash on Delivery,Cancelled,1335.9
ORD-100877,2025-10-16,CUST-00922,41.0,Male,Mumbai,West,Home & Kitchen,Air Fryer,1,7545.98,25.0,UPI,Shipped,5659.48
ORD-100774,2025-09-17,CUST-00935,42.0,Female,Hyderabad,South,Electronics,Laptop,1,56774.04,25.0,UPI,Delivered,42580.53
ORD-101220,2025-10-06,CUST-01089,29.0,Female,Kolkata,East,Electronics,Smartphone,1,15320.71,5.0,Net Banking,Delivered,14554.67
ORD-101127,2025-08-06,CUST-00230,36.0,Male,Patna,East,Home & Kitchen,Bedsheet Set,1,1202.59,20.0,UPI,Delivered,962.07
ORD-100005,2025-10-24,CUST-00937,49.0,Female,Mumbai,West,Fashion,Dress,1,1224.13,0.0,UPI,Delivered,1224.13
ORD-101596,2025-03-04,CUST-00567,23.0,Male,Hyderabad,South,Beauty,Hair Dryer,1,1766.89,0.0,UPI,Delivered,1766.89
ORD-101078,2025-03-15,CUST-00960,28.0,Female,Jaipur,North,Electronics,Tablet,1,18596.93,25.0,UPI,Delivered,13947.7
ORD-100838,2025-04-12,CUST-01072,65.0,Female,Ahmedabad,West,Home & Kitchen,Cookware Set,1,3294.59,0.0,UPI,Delivered,3294.59
ORD-100682,2025-10-28,CUST-00091,42.0,Female,Guwahati,East,Electronics,Smartphone,1,15569.57,10.0,Debit Card,Delivered,14012.61
ORD-101716,2025-02-04,CUST-00324,21.0,Female,Jaipur,North,Home & Kitchen,Cookware Set,1,3443.17,0.0,Debit Card,Delivered,3443.17
ORD-101149,2025-10-08,CUST-00842,55.0,Female,Kolkata,East,Fashion,Jacket,3,2771.82,0.0,Debit Card,Delivered,8315.46
ORD-100575,2025-07-20,CUST-00334,23.0,Female,Kolkata,East,Fashion,Jeans,1,1523.06,0.0,UPI,Shipped,1523.06
ORD-100051,2025-03-14,CUST-00868,41.0,Male,Guwahati,East,Electronics,Laptop,1,50725.01,5.0,Credit Card,Delivered,48188.76
ORD-100854,2025-07-26,CUST-00302,44.0,Male,Guwahati,East,Fashion,Dress,2,1244.9,0.0,Debit Card,Delivered,2489.8
ORD-101983,2025-03-22,CUST-01002,20.0,Female,Kolkata,East,Electronics,Smartwatch,1,4997.53,10.0,UPI,Delivered,4497.78
ORD-101824,2025-11-03,CUST-00860,18.0,Male,Guwahati,East,Electronics,Smartwatch,3,5132.94,40.0,Cash on Delivery,Delivered,9239.29
ORD-100834,2025-07-17,CUST-00500,19.0,Male,Chennai,South,Fashion,Dress,1,1228.86,5.0,UPI,Delivered,1167.42
ORD-101116,2025-07-03,CUST-00424,53.0,Male,Delhi,North,Electronics,Laptop,1,56121.37,0.0,UPI,Delivered,56121.37
ORD-101167,2025-03-25,CUST-00762,24.0,Female,Jaipur,North,Home & Kitchen,Bedsheet Set,1,1201.98,0.0,UPI,Delivered,1201.98
ORD-101907,2025-07-17,CUST-00718,56.0,Male,Delhi,North,Electronics,Laptop,2,52282.51,10.0,UPI,Returned,94108.52
ORD-100972,2025-11-24,CUST-00881,59.0,Male,Kolkata,East,Beauty,Makeup Set,1,1051.41,25.0,Credit Card,Returned,788.56
ORD-100400,2025-03-17,CUST-00401,25.0,Female,Hyderabad,South,Beauty,Perfume,1,1856.26,10.0,UPI,Delivered,1670.63
ORD-100020,2025-10-15,CUST-00681,62.0,Male,Lucknow,North,Home & Kitchen,Bedsheet Set,2,1240.32,15.0,UPI,Delivered,2108.54
ORD-100685,2025-04-06,CUST-00834,20.0,Male,Patna,East,Beauty,Hair Dryer,1,1704.69,0.0,UPI,Delivered,1704.69
ORD-100036,2025-10-28,CUST-00654,18.0,Male,Jaipur,North,Sports,Dumbbell Set,2,2042.84,0.0,Credit Card,Delivered,4085.68
ORD-102374,2025-04-13,CUST-00896,64.0,Female,Pune,West,Beauty,Skincare Kit,1,1524.9,0.0,UPI,Delivered,1524.9
ORD-100525,2025-06-14,CUST-01178,43.0,Male,Chennai,South,Fashion,Dress,1,1350.19,20.0,Cash on Delivery,Delivered,1080.15
ORD-100921,2025-04-03,CUST-00341,36.0,Female,Jaipur,North,Electronics,Smartphone,1,15492.23,0.0,Wallet,Delivered,15492.23
ORD-101842,2025-05-26,CUST-00050,55.0,Male,Delhi,North,Electronics,Smartwatch,1,5199.65,10.0,UPI,Cancelled,4679.68
ORD-101891,2025-08-20,CUST-00305,33.0,Male,Patna,East,Beauty,Makeup Set,1,975.89,15.0,UPI,Delivered,829.51
ORD-100538,2025-05-18,CUST-00776,56.0,Female,Ahmedabad,West,Electronics,Smartwatch,1,5022.2,5.0,UPI,Delivered,4771.09
ORD-101706,2025-07-19,CUST-01154,38.0,Female,Mumbai,West,Electronics,Headphones,1,2509.18,0.0,Debit Card,Delivered,2509.18
ORD-102456,2025-04-01,CUST-00225,53.0,Male,Kolkata,East,Fashion,Jacket,1,2841.82,0.0,Credit Card,Delivered,2841.82
ORD-100246,2025-11-05,CUST-00672,52.0,Male,Pune,West,Electronics,Tablet,2,19572.78,10.0,UPI,Delivered,35231.0
ORD-100785,2025-01-10,CUST-01110,48.0,Male,Guwahati,East,Fashion,Jacket,1,2962.31,10.0,Credit Card,Delivered,2666.08
ORD-101410,2025-08-05,CUST-00220,23.0,Male,Pune,West,Sports,Dumbbell Set,4,1895.5,20.0,Net Banking,Delivered,6065.6
ORD-100155,2025-07-19,CUST-00427,48.0,Male,Patna,East,Electronics,Laptop,3,54870.82,25.0,Wallet,Delivered,123459.35
ORD-101687,2025-10-04,CUST-00861,58.0,Female,Kolkata,East,Fashion,Jeans,1,1459.65,0.0,Debit Card,Delivered,1459.65
ORD-100626,2025-01-15,CUST-00874,62.0,Female,Kolkata,East,Fashion,Jacket,1,2603.25,15.0,UPI,Delivered,2212.76
ORD-102408,2025-10-22,CUST-00929,53.0,Female,Bengaluru,South,Sports,Dumbbell Set,1,2118.64,5.0,UPI,Delivered,2012.71
ORD-101347,2025-01-15,CUST-00494,39.0,Female,Delhi,North,Fashion,Jeans,2,1443.19,25.0,UPI,Delivered,2164.78
ORD-100570,2025-11-07,CUST-00564,19.0,Male,Delhi,North,Electronics,Smartwatch,1,4961.64,20.0,UPI,Delivered,3969.31
ORD-101759,2025-10-25,CUST-00223,20.0,Female,Hyderabad,South,Home & Kitchen,Mixer Grinder,1,4550.51,15.0,Credit Card,Delivered,3867.93
ORD-101817,2025-05-20,CUST-00886,39.0,Female,Pune,West,Home & Kitchen,Cookware Set,1,3509.17,15.0,Credit Card,Delivered,2982.79
ORD-102066,2025-09-17,CUST-01113,64.0,Female,Mumbai,West,Fashion,Jacket,1,2745.95,15.0,UPI,Delivered,2334.06
ORD-100128,2025-08-26,CUST-00238,64.0,Male,Bengaluru,South,Fashion,Jacket,1,3008.93,5.0,UPI,Delivered,2858.48
ORD-102492,2025-10-02,CUST-01110,32.0,Male,Lucknow,North,Home & Kitchen,Bedsheet Set,1,1173.91,0.0,UPI,Shipped,1173.91
ORD-102007,2025-11-25,CUST-01140,40.0,Female,Lucknow,North,Electronics,Smartwatch,1,4694.11,15.0,Debit Card,Delivered,3989.99
ORD-100981,2025-09-14,CUST-01004,26.0,Female,Lucknow,North,Electronics,Tablet,4,20120.68,15.0,UPI,Delivered,68410.31
ORD-100191,2025-11-11,CUST-01144,29.0,Female,Lucknow,North,Fashion,Jeans,2,1461.26,0.0,Credit Card,Delivered,2922.52
ORD-101140,2025-03-05,CUST-00245,59.0,Female,Pune,West,Fashion,Jeans,1,1453.16,30.0,UPI,Delivered,1017.21
ORD-100993,2025-09-19,CUST-01020,49.0,Female,Ahmedabad,West,Sports,Cricket Bat,1,2545.81,20.0,UPI,Delivered,2036.65
ORD-100700,2025-01-11,CUST-00256,23.0,Female,Pune,West,Fashion,Sneakers,1,2206.06,10.0,UPI,Delivered,1985.45
ORD-100607,2025-07-23,CUST-00053,24.0,Male,Guwahati,East,Electronics,Tablet,1,18453.9,10.0,Credit Card,Delivered,16608.51
ORD-100181,2025-06-25,CUST-00651,25.0,Male,Lucknow,North,Beauty,Makeup Set,1,1067.2,5.0,Debit Card,Returned,1013.84
ORD-100302,2025-08-27,CUST-00393,18.0,Male,Mumbai,West,Home & Kitchen,Bedsheet Set,1,1244.55,0.0,UPI,Delivered,1244.55
ORD-101061,2025-06-22,CUST-00676,50.0,Male,Pune,West,Fashion,Dress,1,1331.3,15.0,Net Banking,Delivered,1131.61
ORD-102366,2025-06-19,CUST-01189,21.0,Female,Bengaluru,South,Fashion,T-Shirt,1,617.15,0.0,UPI,Delivered,617.15
ORD-102409,2025-02-08,CUST-00576,65.0,Female,Bengaluru,South,Electronics,Headphones,1,2616.31,30.0,Cash on Delivery,Delivered,1831.42
ORD-101070,2025-06-17,CUST-00803,18.0,Male,Delhi,North,Fashion,Sneakers,1,2459.15,0.0,Credit Card,Delivered,2459.15
ORD-102206,2025-05-16,CUST-00598,64.0,Male,Lucknow,North,Beauty,Perfume,1,1972.37,20.0,Debit Card,Delivered,1577.9
ORD-101244,2025-08-06,CUST-00157,19.0,Female,Bengaluru,South,Sports,Football,1,1105.55,0.0,UPI,Delivered,1105.55
ORD-100017,2025-12-13,CUST-00403,49.0,Male,Kolkata,East,Beauty,Skincare Kit,2,1593.36,10.0,UPI,Delivered,2868.05
ORD-102495,2025-10-12,CUST-01009,65.0,Male,Bengaluru,South,Electronics,Headphones,1,2340.92,10.0,Credit Card,Delivered,2106.83
ORD-100547,2025-11-19,CUST-00863,20.0,Male,Guwahati,East,Beauty,Skincare Kit,2,1547.74,0.0,Debit Card,Delivered,3095.48
ORD-100659,2025-11-14,CUST-00010,27.0,Female,Mumbai,West,Fashion,T-Shirt,1,629.67,10.0,Wallet,Shipped,566.7
ORD-102263,2025-11-22,CUST-00001,53.0,Female,Lucknow,North,Beauty,Makeup Set,1,1047.4,0.0,UPI,Delivered,1047.4
ORD-102293,2025-05-12,CUST-01118,38.0,Male,Delhi,North,Electronics,Smartphone,1,16286.81,0.0,UPI,Delivered,16286.81
ORD-101505,2025-07-26,CUST-00573,64.0,Female,Bengaluru,South,Fashion,Dress,1,1294.48,0.0,Debit Card,Delivered,1294.48
ORD-100960,2025-11-15,CUST-01103,56.0,Female,Ahmedabad,West,Electronics,Laptop,1,55272.41,25.0,UPI,Delivered,41454.31
ORD-100798,2025-08-28,CUST-00608,39.0,Female,Jaipur,North,Electronics,Tablet,3,19543.85,20.0,Debit Card,Delivered,46905.24
ORD-100226,2025-02-02,CUST-00045,57.0,Male,Pune,West,Electronics,Smartphone,2,16012.19,0.0,UPI,Delivered,32024.38
ORD-102075,2025-07-26,CUST-00367,64.0,Male,Bengaluru,South,Electronics,Tablet,1,18975.09,5.0,Debit Card,Delivered,18026.34
ORD-101800,2025-02-14,CUST-00478,46.0,Male,Ahmedabad,West,Home & Kitchen,Cookware Set,1,3694.16,0.0,Debit Card,Delivered,3694.16
ORD-102481,2025-10-06,CUST-00942,20.0,Male,Lucknow,North,Fashion,Dress,1,1304.68,5.0,Credit Card,Delivered,1239.45
ORD-102086,2025-05-10,CUST-00445,50.0,Male,Kolkata,East,Electronics,Tablet,1,17483.39,0.0,UPI,Delivered,17483.39
ORD-101694,2025-06-17,CUST-00056,52.0,Male,Bengaluru,South,Fashion,Sneakers,1,2182.55,20.0,UPI,Delivered,1746.04
ORD-101046,2025-01-11,CUST-00962,60.0,Male,Hyderabad,South,Sports,Yoga Mat,1,801.41,10.0,Credit Card,Delivered,721.27
ORD-100470,2025-12-09,CUST-00300,23.0,Male,Jaipur,North,Sports,Dumbbell Set,1,2046.61,15.0,UPI,Delivered,1739.62
ORD-100955,2025-11-26,CUST-00945,47.0,Female,Kolkata,East,Fashion,Jeans,1,1564.05,5.0,UPI,Delivered,1485.85
ORD-102491,2025-05-23,CUST-00895,65.0,Male,Ahmedabad,West,Electronics,Smartphone,1,14925.2,25.0,Credit Card,Delivered,11193.9
ORD-100640,2025-01-26,CUST-00314,60.0,Female,Lucknow,North,Electronics,Laptop,1,50159.07,15.0,UPI,Delivered,42635.21
ORD-102328,2025-10-25,CUST-00042,53.0,Female,Guwahati,East,Beauty,Skincare Kit,1,1563.99,20.0,UPI,Delivered,1251.19
ORD-101219,2025-03-18,CUST-00389,47.0,Male,Bengaluru,South,Electronics,Smartphone,1,16451.01,0.0,Credit Card,Delivered,16451.01
ORD-101159,2025-10-10,CUST-01179,34.0,Male,Lucknow,North,Beauty,Makeup Set,1,1011.94,20.0,UPI,Delivered,809.55
ORD-101416,2025-10-23,CUST-00608,42.0,Male,Pune,West,Fashion,Jacket,1,2687.45,30.0,UPI,Delivered,1881.21
ORD-102272,2025-09-15,CUST-00843,64.0,Female,Ahmedabad,West,Fashion,Dress,1,1328.8,20.0,UPI,Delivered,1063.04
ORD-101528,2025-06-13,CUST-00356,47.0,Male,Bengaluru,South,Fashion,Dress,1,1238.8,15.0,UPI,Shipped,1052.98
ORD-102447,2025-02-23,CUST-00745,39.0,Male,Guwahati,East,Sports,Football,1,1183.1,25.0,UPI,Cancelled,887.32
ORD-101301,2025-09-27,CUST-01136,35.0,Male,Mumbai,West,Home & Kitchen,Bedsheet Set,2,1193.54,5.0,Wallet,Delivered,2267.73
ORD-102402,2025-11-09,CUST-01159,23.0,Female,Pune,West,Sports,Football,2,1093.85,0.0,Debit Card,Delivered,2187.7
ORD-101604,2025-12-26,CUST-00305,42.0,Female,Lucknow,North,Home & Kitchen,Air Fryer,1,8586.98,25.0,Cash on Delivery,Cancelled,6440.23
ORD-100161,2025-03-10,CUST-00634,57.0,Female,Jaipur,North,Electronics,Smartphone,1,14901.61,40.0,UPI,Delivered,8940.97
ORD-101705,2025-11-13,CUST-00131,19.0,Male,Pune,West,Fashion,Sneakers,1,2246.8,5.0,Cash on Delivery,Shipped,2134.46
ORD-100957,2025-09-02,CUST-00392,38.0,Female,Ahmedabad,West,Home & Kitchen,Bedsheet Set,2,1246.85,0.0,Credit Card,Shipped,2493.7
ORD-102442,2025-05-03,CUST-00927,62.0,Female,Delhi,North,Sports,Dumbbell Set,1,1908.73,0.0,Wallet,Delivered,1908.73
ORD-100878,2025-03-15,CUST-00094,38.0,Male,Guwahati,East,Fashion,T-Shirt,2,566.71,15.0,Cash on Delivery,Delivered,963.41
ORD-101920,2025-02-09,CUST-01117,29.0,Female,Pune,West,Home & Kitchen,Mixer Grinder,1,4337.36,0.0,Credit Card,Delivered,4337.36
ORD-101885,2025-09-16,CUST-01007,57.0,Male,Pune,West,Fashion,Jacket,4,2788.94,20.0,UPI,Delivered,8924.61
ORD-102201,2025-08-26,CUST-00904,29.0,Female,Delhi,North,Fashion,T-Shirt,1,642.46,10.0,Cash on Delivery,Delivered,578.21
ORD-100099,2025-05-18,CUST-00280,54.0,Male,Guwahati,East,Electronics,Headphones,2,2636.27,30.0,Cash on Delivery,Delivered,3690.78
ORD-102372,2025-07-19,CUST-00592,21.0,Female,Ahmedabad,West,Electronics,Smartphone,1,15050.11,0.0,UPI,Delivered,15050.11
ORD-100254,2025-03-10,CUST-00552,53.0,Female,Kolkata,East,Home & Kitchen,Mixer Grinder,1,4598.18,5.0,Cash on Delivery,Delivered,4368.27
ORD-100104,2025-12-21,CUST-00818,57.0,Female,Bengaluru,South,Fashion,Jeans,1,1391.41,15.0,UPI,Delivered,1182.7
ORD-101446,2025-03-24,CUST-00821,57.0,Male,Delhi,North,Electronics,Smartphone,1,15071.14,5.0,Cash on Delivery,Cancelled,14317.58
ORD-101444,2025-12-19,CUST-01049,31.0,Female,Guwahati,East,Home & Kitchen,Mixer Grinder,4,4396.57,20.0,UPI,Delivered,14069.02
ORD-101649,2025-08-28,CUST-00255,65.0,Male,Delhi,North,Fashion,Jeans,1,1464.61,30.0,UPI,Delivered,1025.23
ORD-100587,2025-07-20,CUST-01183,53.0,Male,Patna,East,Home & Kitchen,Mixer Grinder,1,4150.87,10.0,UPI,Delivered,3735.78
ORD-100628,2025-08-01,CUST-00321,53.0,Female,Pune,West,Sports,Dumbbell Set,1,2061.62,5.0,Credit Card,Delivered,1958.54
ORD-101697,2025-01-24,CUST-00011,42.0,Male,Hyderabad,South,Fashion,Jeans,1,1402.84,10.0,Debit Card,Delivered,1262.56
ORD-102102,2025-10-11,CUST-00054,64.0,Male,Jaipur,North,Fashion,Sneakers,2,2437.12,0.0,UPI,Delivered,4874.24
ORD-102200,2025-10-04,CUST-01042,18.0,Male,Pune,West,Electronics,Headphones,2,2463.52,15.0,Net Banking,Shipped,4187.98
ORD-100404,2025-08-11,CUST-00185,60.0,Female,Patna,East,Fashion,Dress,1,1256.68,5.0,UPI,Delivered,1193.85
ORD-101155,2025-10-15,CUST-00530,50.0,Male,Patna,East,Home & Kitchen,Mixer Grinder,2,4326.46,10.0,Debit Card,Delivered,7787.63
ORD-102256,2025-08-26,CUST-00057,56.0,Male,Mumbai,West,Electronics,Tablet,1,20234.84,0.0,Net Banking,Delivered,20234.84
ORD-101683,2025-02-20,CUST-00588,42.0,Female,Chennai,South,Home & Kitchen,Cookware Set,2,3396.16,10.0,Wallet,Delivered,6113.09
ORD-102057,2025-07-14,CUST-01072,18.0,Male,Chennai,South,Electronics,Smartphone,1,14732.59,0.0,UPI,Delivered,14732.59
ORD-102385,2025-03-20,CUST-00351,64.0,Male,Lucknow,North,Sports,Badminton Racket,1,1475.9,0.0,UPI,Delivered,1475.9
ORD-100453,2025-11-09,CUST-00922,28.0,Male,Pune,West,Home & Kitchen,Bedsheet Set,1,1143.04,20.0,Net Banking,Shipped,914.43
ORD-101328,2025-07-08,CUST-00953,29.0,Female,Kolkata,East,Home & Kitchen,Table Lamp,2,907.53,25.0,Net Banking,Delivered,1361.3
ORD-102050,2025-04-28,CUST-01031,59.0,Female,Chennai,South,Beauty,Perfume,1,1836.52,15.0,UPI,Delivered,1561.04
ORD-100881,2025-01-17,CUST-00010,25.0,Male,Mumbai,West,Sports,Badminton Racket,1,1288.31,25.0,Cash on Delivery,Delivered,966.23
ORD-102444,2025-07-15,CUST-00399,54.0,Female,Patna,East,Home & Kitchen,Air Fryer,1,7807.99,0.0,UPI,Delivered,7807.99
ORD-100624,2025-02-12,CUST-00445,22.0,Male,Lucknow,North,Fashion,Jacket,1,2671.38,0.0,UPI,Shipped,2671.38
ORD-102323,2025-03-08,CUST-00026,29.0,Female,Kolkata,East,Electronics,Smartwatch,1,5215.3,0.0,Credit Card,Delivered,5215.3
ORD-101788,2025-05-05,CUST-00583,62.0,Male,Bengaluru,South,Electronics,Smartphone,2,15950.19,10.0,UPI,Delivered,28710.34
ORD-100263,2025-05-16,CUST-01061,65.0,Female,Lucknow,North,Fashion,Jeans,1,1604.86,0.0,UPI,Delivered,1604.86
ORD-101635,2025-11-26,CUST-00481,54.0,Female,Ahmedabad,West,Home & Kitchen,Air Fryer,2,7492.52,40.0,Credit Card,Cancelled,8991.02
ORD-101439,2025-10-01,CUST-01148,60.0,Female,Mumbai,West,Beauty,Hair Dryer,1,1829.64,5.0,Credit Card,Delivered,1738.16
ORD-102199,2025-09-28,CUST-00682,49.0,Female,Hyderabad,South,Sports,Badminton Racket,1,1482.34,0.0,UPI,Cancelled,1482.34
ORD-101970,2025-07-24,CUST-00864,27.0,Male,Chennai,South,Sports,Yoga Mat,1,757.49,0.0,Credit Card,Delivered,757.49
ORD-101803,2025-11-02,CUST-00325,63.0,Female,Hyderabad,South,Electronics,Smartphone,3,15196.29,5.0,Cash on Delivery,Delivered,43309.43
ORD-100641,2025-03-19,CUST-00583,32.0,Female,Lucknow,North,Electronics,Headphones,3,2683.86,5.0,UPI,Delivered,7649.0
ORD-102375,2025-05-04,CUST-00717,37.0,Female,Mumbai,West,Beauty,Hair Dryer,1,1790.88,25.0,UPI,Cancelled,1343.16
ORD-101960,2025-02-15,CUST-01154,50.0,Female,Ahmedabad,West,Home & Kitchen,Mixer Grinder,1,4060.04,15.0,UPI,Delivered,3451.03
ORD-100489,2025-05-24,CUST-00884,52.0,Male,Ahmedabad,West,Electronics,Headphones,1,2537.92,15.0,Debit Card,Delivered,2157.23
ORD-101844,2025-10-06,CUST-00834,51.0,Male,Mumbai,West,Electronics,Laptop,1,49695.76,20.0,UPI,Delivered,39756.61
ORD-101735,2025-01-05,CUST-00386,29.0,Female,Kolkata,East,Fashion,Sneakers,1,2252.51,10.0,UPI,Delivered,2027.26
ORD-100147,2025-04-28,CUST-01010,28.0,Male,Bengaluru,South,Fashion,Dress,1,1356.32,20.0,UPI,Delivered,1085.06
ORD-101535,2025-01-20,CUST-00368,31.0,Female,Delhi,North,Home & Kitchen,Mixer Grinder,1,4378.57,0.0,UPI,Delivered,4378.57
ORD-101987,2025-02-01,CUST-00194,57.0,Female,Mumbai,West,Electronics,Laptop,2,54877.32,0.0,Credit Card,Delivered,109754.64
ORD-101370,2025-05-04,CUST-00563,20.0,Male,Hyderabad,South,Sports,Football,1,1099.54,15.0,Cash on Delivery,Delivered,934.61
ORD-102460,2025-08-09,CUST-00509,56.0,Female,Lucknow,North,Beauty,Perfume,2,1854.92,0.0,UPI,Delivered,3709.84
ORD-100660,2025-07-17,CUST-01077,52.0,Male,Guwahati,East,Fashion,Jeans,1,1508.04,0.0,Credit Card,Shipped,1508.04
ORD-101795,2025-08-18,CUST-00855,27.0,Male,Ahmedabad,West,Home & Kitchen,Air Fryer,1,7718.61,5.0,Cash on Delivery,Delivered,7332.68
ORD-100187,2025-08-13,CUST-00004,41.0,Female,Pune,West,Electronics,Smartwatch,4,4612.06,10.0,Cash on Delivery,Delivered,16603.42
ORD-101148,2025-04-14,CUST-00542,42.0,Male,Kolkata,East,Sports,Football,2,1146.25,10.0,Net Banking,Delivered,2063.25
ORD-100609,2025-07-16,CUST-00577,23.0,Female,Delhi,North,Fashion,Jacket,2,2941.48,10.0,UPI,Delivered,5294.66
ORD-102192,2025-08-10,CUST-00014,34.0,Male,Patna,East,Fashion,Jeans,1,1429.89,5.0,Debit Card,Delivered,1358.4
ORD-101931,2025-04-04,CUST-00920,64.0,Male,Pune,West,Fashion,T-Shirt,1,600.94,5.0,Credit Card,Delivered,570.89
ORD-100198,2025-05-12,CUST-00662,37.0,Female,Bengaluru,South,Fashion,T-Shirt,1,599.26,0.0,UPI,Delivered,599.26
ORD-100294,2025-02-20,CUST-00159,42.0,Male,Kolkata,East,Beauty,Makeup Set,1,1022.67,10.0,Credit Card,Delivered,920.4
ORD-100767,2025-04-23,CUST-00781,55.0,Male,Chennai,South,Sports,Dumbbell Set,1,1847.13,25.0,Debit Card,Delivered,1385.35
ORD-100401,2025-10-23,CUST-00908,25.0,Male,Mumbai,West,Electronics,Headphones,1,2537.2,25.0,UPI,Shipped,1902.9
ORD-100123,2025-08-14,CUST-00266,58.0,Male,Chennai,South,Sports,Football,1,1076.14,10.0,UPI,Delivered,968.53
ORD-100203,2025-03-12,CUST-00707,49.0,Male,Mumbai,West,Beauty,Makeup Set,1,929.81,0.0,Debit Card,Delivered,929.81
ORD-100836,2025-10-28,CUST-00847,41.0,Male,Patna,East,Home & Kitchen,Mixer Grinder,1,4274.28,5.0,Credit Card,Delivered,4060.57
ORD-102295,2025-10-07,CUST-01056,34.0,Male,Jaipur,North,Home & Kitchen,Mixer Grinder,1,4613.36,25.0,Debit Card,Delivered,3460.02
ORD-101440,2025-10-04,CUST-00918,63.0,Female,Ahmedabad,West,Fashion,Jacket,1,2587.43,15.0,UPI,Shipped,2199.32
ORD-101734,2025-06-28,CUST-00052,62.0,Female,Hyderabad,South,Home & Kitchen,Mixer Grinder,2,4566.13,10.0,Credit Card,Cancelled,8219.03
ORD-101696,2025-05-11,CUST-01100,60.0,Female,Jaipur,North,Beauty,Perfume,1,1950.0,20.0,Cash on Delivery,Delivered,1560.0
ORD-101708,2025-01-08,CUST-00489,51.0,Male,Hyderabad,South,Fashion,Sneakers,3,2180.52,0.0,UPI,Delivered,6541.56
ORD-102440,2025-09-19,CUST-00391,35.0,Male,Delhi,North,Home & Kitchen,Bedsheet Set,1,1159.64,0.0,UPI,Shipped,1159.64
ORD-101154,2025-02-04,CUST-00287,62.0,Male,Kolkata,East,Fashion,Jacket,1,2640.39,15.0,UPI,Delivered,2244.33
ORD-101662,2025-02-28,CUST-01042,22.0,Male,Lucknow,North,Fashion,Dress,1,1262.1,15.0,UPI,Delivered,1072.78
ORD-101760,2025-04-23,CUST-00943,55.0,Female,Kolkata,East,Electronics,Tablet,1,20506.83,0.0,UPI,Delivered,20506.83
ORD-100855,2025-09-21,CUST-00783,40.0,Female,Guwahati,East,Fashion,Dress,2,1333.91,15.0,Debit Card,Delivered,2267.65
ORD-101590,2025-06-17,CUST-01097,44.0,Female,Jaipur,North,Electronics,Tablet,1,20297.54,0.0,Credit Card,Delivered,20297.54
ORD-102268,2025-10-22,CUST-00776,21.0,Male,Patna,East,Fashion,Sneakers,1,2210.54,0.0,UPI,Delivered,2210.54
ORD-100642,2025-06-07,CUST-00530,26.0,Male,Jaipur,North,Fashion,T-Shirt,1,633.19,0.0,Credit Card,Delivered,633.19
ORD-100002,2025-09-26,CUST-00199,54.0,Male,Bengaluru,South,Beauty,Hair Dryer,1,1814.71,0.0,Cash on Delivery,Delivered,1814.71
ORD-102161,2025-05-16,CUST-00597,62.0,Male,Mumbai,West,Home & Kitchen,Bedsheet Set,1,1262.0,10.0,UPI,Delivered,1135.8
ORD-100699,2025-12-26,CUST-00403,50.0,Male,Kolkata,East,Sports,Football,1,1160.67,0.0,Cash on Delivery,Delivered,1160.67
ORD-101637,2025-08-18,CUST-00757,54.0,Female,Mumbai,West,Beauty,Perfume,1,1989.9,40.0,UPI,Shipped,1193.94
ORD-101292,2025-11-26,CUST-00282,56.0,Female,Guwahati,East,Home & Kitchen,Cookware Set,1,3643.18,30.0,UPI,Delivered,2550.23
ORD-102394,2025-10-03,CUST-00521,42.0,Female,Jaipur,North,Fashion,Dress,1,1343.33,10.0,Wallet,Shipped,1209.0
ORD-101521,2025-09-07,CUST-00760,57.0,Male,Jaipur,North,Fashion,Jeans,2,1482.63,25.0,UPI,Shipped,2223.95
ORD-101854,2025-07-24,CUST-00411,24.0,Female,Ahmedabad,West,Sports,Yoga Mat,1,784.23,10.0,Credit Card,Delivered,705.81
ORD-101137,2025-06-13,CUST-00417,20.0,Female,Lucknow,North,Electronics,Headphones,1,2331.21,0.0,Net Banking,Delivered,2331.21
ORD-102427,2025-12-19,CUST-00284,63.0,Male,Kolkata,East,Fashion,Jacket,1,2687.66,15.0,Cash on Delivery,Delivered,2284.51
ORD-101632,2025-01-04,CUST-00655,64.0,Female,Kolkata,East,Electronics,Laptop,2,51644.77,10.0,UPI,Shipped,92960.59
ORD-101999,2025-04-01,CUST-00987,24.0,Female,Pune,West,Fashion,Jacket,3,2929.88,0.0,UPI,Delivered,8789.64
ORD-100664,2025-09-05,CUST-00138,60.0,Male,Kolkata,East,Sports,Football,1,1170.72,15.0,Credit Card,Delivered,995.11
ORD-100684,2025-10-20,CUST-00043,40.0,Male,Guwahati,East,Fashion,T-Shirt,1,585.84,0.0,UPI,Delivered,585.84
ORD-101258,2025-06-19,CUST-01151,56.0,Male,Lucknow,North,Electronics,Tablet,1,18777.91,20.0,Debit Card,Delivered,15022.33
ORD-100318,2025-03-21,CUST-00278,52.0,Female,Chennai,South,Fashion,Jeans,1,1584.37,15.0,UPI,Delivered,1346.71
ORD-100649,2025-05-24,CUST-00586,29.0,Female,Chennai,South,Fashion,Sneakers,1,2270.44,5.0,Debit Card,Delivered,2156.92
ORD-101435,2025-11-13,CUST-00725,28.0,Male,Ahmedabad,West,Electronics,Laptop,1,52099.71,0.0,Credit Card,Delivered,52099.71
ORD-101480,2025-12-24,CUST-00755,50.0,Male,Delhi,North,Sports,Cricket Bat,1,2408.25,0.0,UPI,Cancelled,2408.25
ORD-100710,2025-03-08,CUST-00353,63.0,Male,Pune,West,Beauty,Makeup Set,1,954.7,15.0,Cash on Delivery,Delivered,811.5
ORD-101283,2025-12-26,CUST-00283,39.0,Male,Mumbai,West,Beauty,Skincare Kit,2,1432.38,5.0,Debit Card,Cancelled,2721.52
ORD-101769,2025-12-27,CUST-00631,62.0,Female,Delhi,North,Beauty,Perfume,1,1801.29,10.0,Net Banking,Delivered,1621.16
ORD-100973,2025-04-02,CUST-00940,37.0,Male,Jaipur,North,Beauty,Hair Dryer,1,1829.18,25.0,Cash on Delivery,Delivered,1371.88
ORD-101307,2025-11-25,CUST-00640,38.0,Male,Guwahati,East,Sports,Football,1,1071.3,25.0,UPI,Delivered,803.47
ORD-101401,2025-06-09,CUST-00395,25.0,Female,Kolkata,East,Electronics,Headphones,1,2656.72,0.0,UPI,Delivered,2656.72
ORD-101409,2025-11-10,CUST-00177,32.0,Male,Delhi,North,Home & Kitchen,Air Fryer,2,7888.8,5.0,Debit Card,Delivered,14988.72
ORD-102238,2025-06-08,CUST-00534,47.0,Female,Lucknow,North,Electronics,Tablet,2,17681.76,5.0,Wallet,Delivered,33595.34
ORD-101497,2025-11-23,CUST-00914,54.0,Female,Pune,West,Beauty,Makeup Set,1,1062.39,0.0,UPI,Delivered,1062.39
ORD-102039,2025-02-02,CUST-01093,60.0,Female,Bengaluru,South,Home & Kitchen,Cookware Set,1,3514.85,20.0,Cash on Delivery,Delivered,2811.88
ORD-101530,2025-05-19,CUST-00199,54.0,Female,Kolkata,East,Sports,Badminton Racket,2,1288.33,10.0,Debit Card,Delivered,2318.99
ORD-101664,2025-12-10,CUST-00301,27.0,Male,Mumbai,West,Sports,Yoga Mat,1,838.91,0.0,Debit Card,Delivered,838.91
ORD-101355,2025-11-12,CUST-01070,35.0,Male,Jaipur,North,Electronics,Smartphone,1,16260.13,20.0,,Delivered,13008.1
ORD-102454,2025-11-12,CUST-01102,49.0,Female,Delhi,North,Electronics,Laptop,2,56109.23,10.0,UPI,Delivered,100996.61
ORD-102467,2025-03-21,CUST-00619,64.0,Male,Mumbai,West,Beauty,Perfume,2,1794.42,15.0,Credit Card,Delivered,3050.51
ORD-101644,2025-07-11,CUST-00917,64.0,Female,Bengaluru,South,Beauty,Perfume,1,1814.63,40.0,Net Banking,Delivered,1088.78
ORD-101052,2025-07-16,CUST-00266,57.0,Female,Jaipur,North,Electronics,Headphones,1,2481.4,15.0,Credit Card,Delivered,2109.19
ORD-100796,2025-10-12,CUST-00392,24.0,Male,Patna,East,Beauty,Skincare Kit,1,1552.41,10.0,Cash on Delivery,Delivered,1397.17
ORD-101598,2025-02-14,CUST-00984,58.0,Male,Bengaluru,South,Home & Kitchen,Table Lamp,1,911.7,20.0,Credit Card,Delivered,729.36
ORD-101820,2025-07-02,CUST-00308,52.0,Female,Pune,West,Beauty,Hair Dryer,1,1661.29,0.0,Credit Card,Delivered,1661.29
ORD-101723,2025-08-09,CUST-00205,36.0,Female,Patna,East,Fashion,Dress,1,1239.44,10.0,Cash on Delivery,Shipped,1115.5
ORD-101184,2025-04-08,CUST-00999,47.0,Male,Kolkata,East,Electronics,Tablet,1,18660.38,0.0,Net Banking,Delivered,18660.38
ORD-101060,2025-06-24,CUST-00797,24.0,Female,Hyderabad,South,Fashion,Dress,1,1239.38,10.0,UPI,Delivered,1115.44
ORD-100541,2025-08-20,CUST-00926,49.0,Male,Patna,East,Electronics,Laptop,1,50990.72,0.0,Debit Card,Delivered,50990.72
ORD-101679,2025-07-24,CUST-00380,22.0,Female,Pune,West,Electronics,Headphones,1,2485.49,20.0,Credit Card,Delivered,1988.39
ORD-102418,2025-02-04,CUST-00120,50.0,Male,Hyderabad,South,Beauty,Makeup Set,1,1062.42,15.0,Credit Card,Delivered,903.06
ORD-101758,2025-03-01,CUST-00489,56.0,Female,Kolkata,East,Sports,Cricket Bat,1,2589.4,10.0,Cash on Delivery,Delivered,2330.46
ORD-101924,2025-07-07,CUST-00857,39.0,Male,Mumbai,West,Electronics,Laptop,2,57210.36,0.0,UPI,Delivered,114420.72
ORD-100096,2025-03-10,CUST-00337,31.0,Female,Guwahati,East,Beauty,Makeup Set,1,1025.83,0.0,UPI,Delivered,1025.83
ORD-101021,2025-09-11,CUST-00543,53.0,Male,Bengaluru,South,Electronics,Smartwatch,1,4797.67,5.0,Debit Card,Delivered,4557.79
ORD-100564,2025-01-14,CUST-00372,44.0,Male,Patna,East,Fashion,Sneakers,1,2284.27,40.0,Credit Card,Delivered,1370.56
ORD-100864,2025-02-17,CUST-00699,48.0,Male,Delhi,North,Electronics,Smartwatch,1,5380.49,0.0,Debit Card,Delivered,5380.49
ORD-101485,2025-07-04,CUST-00914,55.0,Female,Chennai,South,Home & Kitchen,Bedsheet Set,1,1121.42,5.0,Credit Card,Cancelled,1065.35
ORD-101882,2025-05-05,CUST-00504,62.0,Female,Chennai,South,Beauty,Perfume,1,1867.07,10.0,Net Banking,Delivered,1680.36
ORD-101039,2025-12-23,CUST-01117,25.0,Male,Jaipur,North,Home & Kitchen,Table Lamp,1,844.4,0.0,Debit Card,Delivered,844.4
ORD-100207,2025-07-22,CUST-00054,19.0,Female,Guwahati,East,Home & Kitchen,Table Lamp,1,915.17,20.0,Cash on Delivery,Shipped,732.14
ORD-100393,2025-11-08,CUST-01088,44.0,Female,Chennai,South,Electronics,Headphones,2,2614.1,25.0,UPI,Delivered,3921.15
ORD-100871,2025-09-04,CUST-00732,21.0,Female,Kolkata,East,Fashion,Jeans,1,1512.21,0.0,Debit Card,Delivered,1512.21
ORD-100398,2025-03-17,CUST-00511,52.0,Male,Mumbai,West,Fashion,T-Shirt,1,600.15,0.0,Credit Card,Delivered,600.15
ORD-102412,2025-10-21,CUST-01193,56.0,Male,Delhi,North,Beauty,Makeup Set,1,955.8,15.0,Debit Card,Delivered,812.43
ORD-101029,2025-04-01,CUST-00006,18.0,Female,Chennai,South,Fashion,T-Shirt,1,567.93,0.0,UPI,Delivered,567.93
ORD-101486,2025-02-10,CUST-00469,47.0,Male,Hyderabad,South,Beauty,Skincare Kit,1,1507.39,15.0,UPI,Delivered,1281.28
ORD-100961,2025-07-10,CUST-00320,62.0,Female,Lucknow,North,Beauty,Hair Dryer,1,1779.03,0.0,Cash on Delivery,Delivered,1779.03
ORD-101571,2025-07-01,CUST-00685,19.0,Male,Chennai,South,Fashion,Dress,1,1324.23,30.0,UPI,Delivered,926.96
ORD-101896,2025-09-20,CUST-01145,50.0,Male,Jaipur,North,Home & Kitchen,Cookware Set,1,3430.62,20.0,Debit Card,Delivered,2744.5
ORD-102147,2025-04-12,CUST-00923,53.0,Male,Patna,East,Home & Kitchen,Table Lamp,2,859.03,25.0,Cash on Delivery,Shipped,1288.55
ORD-100805,2025-08-22,CUST-00880,46.0,Female,Chennai,South,Beauty,Skincare Kit,2,1613.29,5.0,UPI,Delivered,3065.25
ORD-101752,2025-09-16,CUST-00540,20.0,Male,Jaipur,North,Fashion,Jeans,2,1607.59,10.0,Credit Card,Delivered,2893.66
ORD-100503,2025-09-13,CUST-00571,58.0,Male,Guwahati,East,Electronics,Tablet,1,18081.51,30.0,Cash on Delivery,Delivered,12657.06
ORD-100780,2025-09-23,CUST-00337,47.0,Male,Patna,East,Sports,Badminton Racket,1,1499.91,10.0,UPI,Delivered,1349.92
ORD-101864,2025-04-27,CUST-00318,23.0,Female,Guwahati,East,Beauty,Makeup Set,1,953.39,5.0,Wallet,Delivered,905.72
ORD-100201,2025-12-04,CUST-00856,22.0,Female,Lucknow,North,Beauty,Perfume,1,1925.63,15.0,Credit Card,Delivered,1636.79
ORD-102183,2025-03-06,CUST-00225,33.0,Female,Mumbai,West,Fashion,Dress,1,1368.56,5.0,Cash on Delivery,Returned,1300.13
ORD-102089,2025-07-01,CUST-01049,36.0,Male,Pune,West,Electronics,Laptop,1,49818.27,25.0,Debit Card,Delivered,37363.7
ORD-102279,2025-03-02,CUST-00766,27.0,Female,Ahmedabad,West,Beauty,Skincare Kit,1,1419.29,15.0,Credit Card,Delivered,1206.4
ORD-101797,2025-04-04,CUST-00464,60.0,Male,Hyderabad,South,Home & Kitchen,Mixer Grinder,2,4342.61,10.0,Cash on Delivery,Delivered,7816.7
ORD-100379,2025-03-13,CUST-01187,37.0,Female,Mumbai,West,Fashion,Jacket,2,2752.59,15.0,UPI,Delivered,4679.4
ORD-102337,2025-10-27,CUST-00863,65.0,Male,Kolkata,East,Beauty,Hair Dryer,1,1681.34,20.0,UPI,Delivered,1345.07
ORD-100419,2025-06-10,CUST-01074,28.0,Male,Ahmedabad,West,Home & Kitchen,Mixer Grinder,4,4403.34,15.0,UPI,Delivered,14971.36
ORD-101699,2025-09-23,CUST-00114,52.0,Male,Kolkata,East,Sports,Badminton Racket,1,1401.32,25.0,UPI,Delivered,1050.99
ORD-100392,2025-12-20,CUST-00031,42.0,Female,Delhi,North,Fashion,Jacket,1,2822.97,5.0,Net Banking,Delivered,2681.82
ORD-101523,2025-09-25,CUST-00680,42.0,Male,Hyderabad,South,Electronics,Tablet,1,20364.8,15.0,Credit Card,Delivered,17310.08
ORD-101163,2025-07-17,CUST-00905,25.0,Male,Pune,West,Home & Kitchen,Bedsheet Set,1,1252.65,20.0,UPI,Delivered,1002.12
ORD-101496,2025-07-19,CUST-01004,22.0,Female,Jaipur,North,Electronics,Smartphone,1,16681.59,15.0,UPI,Delivered,14179.35
ORD-102028,2025-04-25,CUST-00672,21.0,Female,Guwahati,East,Fashion,Jacket,1,2627.43,10.0,Cash on Delivery,Delivered,2364.69
ORD-101153,2025-08-04,CUST-01063,33.0,Male,Lucknow,North,Fashion,T-Shirt,1,613.92,0.0,Credit Card,Returned,613.92
ORD-101368,2025-06-02,CUST-00519,22.0,Male,Pune,West,Beauty,Makeup Set,2,935.11,10.0,Credit Card,Shipped,1683.2
ORD-100065,2025-08-08,CUST-00806,61.0,Female,Patna,East,Beauty,Hair Dryer,1,1792.17,40.0,Debit Card,Delivered,1075.3
ORD-102063,2025-02-14,CUST-01062,50.0,Female,Guwahati,East,Fashion,Sneakers,1,2460.12,0.0,Debit Card,Delivered,2460.12
ORD-101181,2025-02-07,CUST-00887,28.0,Male,Chennai,South,Home & Kitchen,Table Lamp,1,926.72,25.0,UPI,Delivered,695.04
ORD-100493,2025-03-10,CUST-01200,41.0,Female,Bengaluru,South,Home & Kitchen,Mixer Grinder,1,4615.37,0.0,UPI,Delivered,4615.37
ORD-100380,2025-12-13,CUST-01121,49.0,Female,Ahmedabad,West,Home & Kitchen,Mixer Grinder,1,4497.82,10.0,Credit Card,Returned,4048.04
ORD-102236,2025-04-28,CUST-00843,56.0,Female,Delhi,North,Electronics,Headphones,1,2498.17,0.0,Credit Card,Shipped,2498.17
ORD-100764,2025-01-20,CUST-00814,46.0,Female,Hyderabad,South,Fashion,Jacket,2,3015.15,20.0,Credit Card,Delivered,4824.24
ORD-102265,2025-11-05,CUST-00232,46.0,Male,Hyderabad,South,Electronics,Smartwatch,1,4639.14,10.0,UPI,Delivered,4175.23
ORD-100792,2025-03-16,CUST-00738,52.0,Male,Bengaluru,South,Fashion,Jeans,1,1409.93,0.0,UPI,Delivered,1409.93
ORD-101077,2025-11-15,CUST-00627,41.0,Female,Delhi,North,Home & Kitchen,Air Fryer,2,8456.5,15.0,Credit Card,Delivered,14376.05
ORD-100879,2025-06-27,CUST-01143,65.0,Female,Patna,East,Fashion,Jeans,1,1579.29,0.0,Cash on Delivery,Cancelled,1579.29
ORD-100338,2025-07-19,CUST-00458,,Female,Guwahati,East,Home & Kitchen,Air Fryer,2,8629.0,20.0,Cash on Delivery,Delivered,13806.4
ORD-102344,2025-08-03,CUST-00893,22.0,Female,Patna,East,Home & Kitchen,Air Fryer,1,8475.47,25.0,Cash on Delivery,Delivered,6356.6
ORD-101017,2025-10-12,CUST-00385,37.0,Female,Chennai,South,Sports,Badminton Racket,1,1291.01,15.0,Cash on Delivery,Delivered,1097.36
ORD-101276,2025-07-11,CUST-00890,45.0,Female,Kolkata,East,Home & Kitchen,Bedsheet Set,2,1178.1,15.0,UPI,Delivered,2002.77
ORD-100456,2025-10-13,CUST-00906,27.0,Male,Kolkata,East,Home & Kitchen,Table Lamp,1,860.87,10.0,UPI,Delivered,774.78
ORD-100816,2025-07-05,CUST-00157,32.0,Male,Guwahati,East,Fashion,Jacket,1,2962.89,5.0,Cash on Delivery,Delivered,2814.75
ORD-102318,2025-05-01,CUST-00003,22.0,Female,Kolkata,East,Fashion,Jeans,1,1616.14,5.0,UPI,Delivered,1535.33
ORD-100996,2025-12-27,CUST-00003,62.0,Female,Bengaluru,South,Beauty,Perfume,1,1863.58,30.0,UPI,Delivered,1304.51
ORD-101982,2025-10-14,CUST-00013,44.0,Female,Bengaluru,South,Sports,Yoga Mat,1,841.74,15.0,UPI,Delivered,715.48
ORD-100202,2025-11-13,CUST-00392,35.0,Male,Ahmedabad,West,Fashion,Jacket,1,2626.14,25.0,Net Banking,Delivered,1969.61
ORD-100162,2025-09-22,CUST-00082,26.0,Female,Chennai,South,Beauty,Perfume,1,1963.64,10.0,UPI,Delivered,1767.28
ORD-101580,2025-07-08,CUST-00852,53.0,Male,Kolkata,East,Fashion,Dress,1,1282.63,15.0,Net Banking,Delivered,1090.24
ORD-102450,2025-03-21,CUST-00576,32.0,Male,Lucknow,North,Electronics,Headphones,1,2602.78,20.0,UPI,Delivered,2082.22
ORD-100703,2025-06-02,CUST-01024,39.0,Male,Pune,West,Beauty,Makeup Set,1,961.59,15.0,UPI,Delivered,817.35
ORD-101501,2025-03-24,CUST-00718,23.0,Male,Kolkata,East,Electronics,Laptop,1,55482.0,,UPI,Delivered,52707.9
ORD-101130,2025-05-05,CUST-00358,65.0,Male,Bengaluru,South,Electronics,Tablet,1,18195.86,0.0,Debit Card,Shipped,18195.86
ORD-101022,2025-01-28,CUST-00138,56.0,Male,Kolkata,East,Beauty,Hair Dryer,1,1781.4,20.0,Debit Card,Delivered,1425.12
ORD-101586,2025-07-24,CUST-00989,56.0,Male,Jaipur,North,Fashion,Sneakers,2,2135.25,0.0,Debit Card,Delivered,4270.5
ORD-101956,2025-05-03,CUST-00729,44.0,Female,Patna,East,Home & Kitchen,Mixer Grinder,2,4616.74,10.0,Net Banking,Delivered,8310.13
ORD-102254,2025-09-10,CUST-00506,64.0,Female,Pune,West,Home & Kitchen,Cookware Set,1,3418.24,20.0,Cash on Delivery,Delivered,2734.59
ORD-100035,2025-03-05,CUST-00736,41.0,Male,Bengaluru,South,Sports,Dumbbell Set,1,2072.46,10.0,Net Banking,Delivered,1865.21
ORD-100776,2025-11-24,CUST-00023,53.0,Male,Kolkata,East,Home & Kitchen,Table Lamp,1,919.43,0.0,UPI,Cancelled,919.43
ORD-101479,2025-10-24,CUST-01097,26.0,Female,Guwahati,East,Electronics,Smartwatch,3,4633.85,30.0,UPI,Delivered,9731.09
ORD-101391,2025-02-21,CUST-00190,65.0,Male,Hyderabad,South,Home & Kitchen,Cookware Set,2,3324.55,0.0,UPI,Delivered,6649.1
ORD-102140,2025-10-14,CUST-01070,60.0,Female,Bengaluru,South,Beauty,Hair Dryer,2,1909.11,20.0,UPI,Delivered,3054.58
ORD-101364,2025-10-10,CUST-00131,32.0,Female,Hyderabad,South,Beauty,Skincare Kit,1,1451.93,25.0,UPI,Delivered,1088.95
ORD-102042,2025-01-10,CUST-01183,48.0,Female,Jaipur,North,Fashion,Dress,2,1215.39,5.0,UPI,Returned,2309.24
ORD-100242,2025-11-12,CUST-00378,58.0,Male,Bengaluru,South,Home & Kitchen,Cookware Set,2,3439.9,10.0,UPI,Delivered,6191.82
ORD-102062,2025-03-12,CUST-00950,50.0,Male,Mumbai,West,Home & Kitchen,Table Lamp,1,878.03,10.0,Credit Card,Delivered,790.23
ORD-102364,2025-07-25,CUST-01099,23.0,Female,Kolkata,East,Electronics,Smartphone,1,15950.62,0.0,UPI,Returned,15950.62
ORD-100601,2025-02-01,CUST-00366,18.0,Female,Jaipur,North,Electronics,Laptop,1,49646.16,25.0,UPI,Delivered,37234.62
ORD-102436,2025-01-20,CUST-00377,30.0,Female,Jaipur,North,Fashion,Sneakers,1,2341.37,20.0,Credit Card,Delivered,1873.1
ORD-101298,2025-09-24,CUST-01020,51.0,Male,Guwahati,East,Fashion,Jacket,2,2970.27,40.0,UPI,Delivered,3564.32
ORD-102215,2025-02-28,CUST-00315,18.0,Male,Hyderabad,South,Sports,Badminton Racket,2,1313.48,15.0,Cash on Delivery,Delivered,2232.92
ORD-102069,2025-03-11,CUST-00853,60.0,Female,Kolkata,East,Beauty,Perfume,1,1882.68,0.0,Credit Card,Delivered,1882.68
ORD-100647,2025-08-18,CUST-00716,61.0,Male,Jaipur,North,Fashion,Sneakers,3,2330.04,15.0,Credit Card,Delivered,5941.6
ORD-101529,2025-05-19,CUST-00588,25.0,Female,Ahmedabad,West,Sports,Cricket Bat,2,2526.13,25.0,Debit Card,Shipped,3789.2
ORD-101268,2025-10-10,CUST-00948,56.0,Male,Patna,East,Beauty,Makeup Set,1,1031.98,0.0,UPI,Delivered,1031.98
ORD-101900,2025-08-19,CUST-01041,48.0,Male,Delhi,North,Electronics,Smartwatch,2,4992.85,15.0,Credit Card,Delivered,8487.85
ORD-100563,2025-09-23,CUST-00259,24.0,Male,Kolkata,East,Electronics,Smartphone,1,15391.14,15.0,Credit Card,Delivered,13082.47
ORD-100190,2025-06-01,CUST-00365,52.0,Male,Kolkata,East,Electronics,Smartwatch,1,5138.82,5.0,UPI,Delivered,4881.88
ORD-101807,2025-03-25,CUST-00324,53.0,Female,Hyderabad,South,Sports,Dumbbell Set,1,2025.11,20.0,UPI,Delivered,1620.09
ORD-100976,2025-10-28,CUST-00643,30.0,Male,Patna,East,Home & Kitchen,Mixer Grinder,2,4312.28,0.0,Debit Card,Returned,8624.56
ORD-102048,2025-04-14,CUST-00849,52.0,Female,Jaipur,North,Fashion,Jacket,4,2863.12,0.0,Cash on Delivery,Delivered,11452.48
ORD-101083,2025-04-13,CUST-00211,58.0,Female,Kolkata,East,Electronics,Headphones,1,2624.08,10.0,Credit Card,Shipped,2361.67
ORD-100475,2025-07-12,CUST-00522,22.0,Male,Delhi,North,Fashion,Jacket,1,2630.02,0.0,Credit Card,Delivered,2630.02
ORD-100748,2025-06-17,CUST-00968,51.0,Male,Mumbai,West,Beauty,Makeup Set,2,971.5,25.0,UPI,Delivered,1457.25
ORD-102301,2025-08-18,CUST-00220,64.0,Female,Delhi,North,Home & Kitchen,Table Lamp,1,936.56,20.0,Debit Card,Delivered,749.25
ORD-100022,2025-12-12,CUST-00346,57.0,Female,Ahmedabad,West,Home & Kitchen,Cookware Set,2,3480.74,20.0,UPI,Delivered,5569.18
ORD-100460,2025-04-28,CUST-01176,46.0,Male,Hyderabad,South,Fashion,Sneakers,1,2415.54,5.0,Credit Card,Delivered,2294.76
ORD-101185,2025-01-04,CUST-01116,24.0,Male,Bengaluru,South,Fashion,T-Shirt,1,584.59,0.0,UPI,Delivered,584.59
ORD-102325,2025-07-12,CUST-00289,58.0,Male,Mumbai,West,Electronics,Headphones,1,2393.53,20.0,UPI,Delivered,1914.82
ORD-100956,2025-08-22,CUST-00586,62.0,Male,Delhi,North,Electronics,Laptop,2,53408.63,20.0,UPI,Delivered,85453.81
ORD-101216,2025-06-07,CUST-00443,62.0,Female,Kolkata,East,Fashion,T-Shirt,1,553.7,10.0,UPI,Delivered,498.33
ORD-102434,2025-03-18,CUST-00970,30.0,Male,Chennai,South,Home & Kitchen,Bedsheet Set,1,1154.06,25.0,Credit Card,Delivered,865.54
ORD-101516,2025-10-04,CUST-01150,42.0,Female,Bengaluru,South,Home & Kitchen,Mixer Grinder,1,4611.83,25.0,UPI,Delivered,3458.87
ORD-102392,2025-01-02,CUST-01126,35.0,Male,Jaipur,North,Home & Kitchen,Cookware Set,1,3540.16,15.0,UPI,Delivered,3009.14
ORD-100770,2025-11-16,CUST-00826,43.0,Male,Chennai,South,Home & Kitchen,Bedsheet Set,2,1228.4,10.0,UPI,Delivered,2211.12
ORD-101686,2025-05-02,CUST-00072,57.0,Female,Chennai,South,Beauty,Hair Dryer,1,1862.09,15.0,Cash on Delivery,Delivered,1582.78
ORD-100131,2025-09-27,CUST-01046,64.0,Male,Jaipur,North,Electronics,Laptop,1,57023.48,0.0,Credit Card,Cancelled,57023.48
ORD-102136,2025-03-15,CUST-00756,22.0,Male,Hyderabad,South,Home & Kitchen,Table Lamp,1,955.96,5.0,UPI,Returned,908.16
ORD-101483,2025-06-13,CUST-00458,54.0,Female,Patna,East,Beauty,Makeup Set,1,993.98,30.0,Wallet,Delivered,695.79
ORD-100331,2025-12-03,CUST-00606,43.0,Male,Pune,West,Home & Kitchen,Air Fryer,1,7438.19,20.0,UPI,Delivered,5950.55
ORD-101239,2025-10-01,CUST-00689,32.0,Female,Hyderabad,South,Home & Kitchen,Air Fryer,2,8629.29,0.0,Credit Card,Delivered,17258.58
ORD-100467,2025-03-13,CUST-01168,42.0,Male,Ahmedabad,West,Sports,Dumbbell Set,1,1895.11,0.0,Credit Card,Shipped,1895.11
ORD-102170,2025-01-28,CUST-00483,31.0,Female,Guwahati,East,Fashion,T-Shirt,1,645.35,15.0,Debit Card,Delivered,548.55
ORD-101639,2025-08-19,CUST-00017,26.0,Female,Patna,East,Beauty,Hair Dryer,1,1850.1,20.0,Net Banking,Delivered,1480.08
ORD-101096,2025-08-20,CUST-01126,62.0,Female,Hyderabad,South,Fashion,Jacket,1,2801.0,0.0,UPI,Delivered,2801.0
ORD-101131,2025-11-08,CUST-01066,37.0,Female,Ahmedabad,West,Electronics,Smartphone,1,16009.07,0.0,UPI,Delivered,16009.07
ORD-101295,2025-07-06,CUST-01129,29.0,Male,Chennai,South,Sports,Football,1,1012.79,0.0,UPI,Delivered,1012.79
ORD-100861,2025-01-25,CUST-00713,28.0,Female,Jaipur,North,Electronics,Smartphone,3,15322.2,0.0,Debit Card,Delivered,45966.6
